info: BUILD: mode=ReleaseFast
info: EOT_ID = 106 (mesuré depuis le tokenizer)
info: GENCFG: /data/hf_cache/hub/models--google--gemma-4-12B-it-qat-w4a16-ct/snapshots/1d2c2d7f2466070e69d6fb3fd5ce9a7d75f2f6ee/generation_config.json suppress=[258883,258882] eos=[1,106,50] ignored=[bos_token_id,do_sample,pad_token_id,temperature,top_k,top_p,transformers_version] (mode=oracle)
info: SAMPLING: neutre — chemin top-5 inchangé (aucun warper, aucun tirage)
warning: --oracle : fixture sans tenseur 'prompt_ids' (antérieure à la phase 1) — vérification du prompt limitée à sa LONGUEUR
info: --oracle : 971 steps de génération attendus (fed.len), prompt vérifié (ids.len=34 == positions[0])
info(pjrt): Loading: libpjrt_cuda.so...
info(pjrt): Loaded: libpjrt_cuda.so
info: A1 — backend = cuda (cible : cuda)
info: Materializing weights (store_ck, 48 couches + 40 v_proj + embed 2 Go) + Packed/Cache (HostInputs, zéros hors positions/cos/sin/masques) ...
info: [mem] post-load (poids + Packed/Cache sur device): RSS=2632936 KiB (~2 GiB) swap=0 KiB (~0 GiB)
info: Compiling G12Step.forward (gather+scale 62.0+dequant W4+forwardStageGen 48 couches+topK, mono-graphe) ...
info:   compile: 26.959s
info: [mem] post-compile (go/no-go): RSS=3309340 KiB (~3 GiB) swap=0 KiB (~0 GiB)
info: Boucle autonome : 34 steps de prefill, puis génération (limite 971 = fed.len, oracle)
info:   marge top1-top2 @ gen=0 : 1.752928 (top1=818 top2=2021) rank_used=0 chosen=818 marge_decisionnelle=1.752928
info:   marge top1-top2 @ gen=1 : 3.706461 (top1=30992 top2=62998) rank_used=0 chosen=30992 marge_decisionnelle=3.706461
info:   marge top1-top2 @ gen=2 : 2.619017 (top1=580 top2=528) rank_used=0 chosen=580 marge_decisionnelle=2.619017
info:   marge top1-top2 @ gen=3 : 10.428007 (top1=506 top2=53685) rank_used=0 chosen=506 marge_decisionnelle=10.428007
info:   marge top1-top2 @ gen=4 : 6.780428 (top1=53685 top2=9383) rank_used=0 chosen=53685 marge_decisionnelle=6.780428
info:   marge top1-top2 @ gen=5 : 4.071037 (top1=2246 top2=1537) rank_used=0 chosen=2246 marge_decisionnelle=4.071037
info:   marge top1-top2 @ gen=6 : 5.226748 (top1=625 top2=822) rank_used=0 chosen=625 marge_decisionnelle=5.226748
info:   marge top1-top2 @ gen=7 : 1.217348 (top1=808 top2=623) rank_used=0 chosen=808 marge_decisionnelle=1.217348
info:   marge top1-top2 @ gen=8 : 8.257378 (top1=818 top2=1437) rank_used=0 chosen=818 marge_decisionnelle=8.257378
info:   marge top1-top2 @ gen=9 : 2.974190 (top1=154649 top2=208557) rank_used=0 chosen=154649 marge_decisionnelle=2.974190
info:   marge top1-top2 @ gen=10 : 0.035715 (top1=529 top2=236858) rank_used=0 chosen=529 marge_decisionnelle=0.035715
info:   marge top1-top2 @ gen=11 : 2.539644 (top1=506 top2=5718) rank_used=0 chosen=506 marge_decisionnelle=2.539644
info:   marge top1-top2 @ gen=12 : 0.472263 (top1=4695 top2=61177) rank_used=0 chosen=4695 marge_decisionnelle=0.472263
info:   marge top1-top2 @ gen=13 : 6.821583 (top1=30237 top2=76030) rank_used=0 chosen=30237 marge_decisionnelle=6.821583
info:   marge top1-top2 @ gen=14 : 5.187576 (top1=840 top2=496) rank_used=0 chosen=840 marge_decisionnelle=5.187576
info:   marge top1-top2 @ gen=15 : 2.129347 (top1=531 top2=611) rank_used=0 chosen=531 marge_decisionnelle=2.129347
info:   marge top1-top2 @ gen=16 : 6.445068 (top1=611 top2=1724) rank_used=0 chosen=611 marge_decisionnelle=6.445068
info:   marge top1-top2 @ gen=17 : 8.452494 (top1=236764 top2=237028) rank_used=0 chosen=236764 marge_decisionnelle=8.452494
info:   marge top1-top2 @ gen=18 : 1.078951 (top1=625 top2=26509) rank_used=0 chosen=625 marge_decisionnelle=1.078951
info:   marge top1-top2 @ gen=19 : 6.481401 (top1=563 top2=815) rank_used=0 chosen=563 marge_decisionnelle=6.481401
info:   marge top1-top2 @ gen=20 : 9.700874 (top1=5181 top2=2033) rank_used=0 chosen=5181 marge_decisionnelle=9.700874
info:   marge top1-top2 @ gen=21 : 5.120514 (top1=2033 top2=6863) rank_used=0 chosen=2033 marge_decisionnelle=5.120514
info:   marge top1-top2 @ gen=22 : 7.233032 (top1=236761 top2=237028) rank_used=0 chosen=236761 marge_decisionnelle=7.233032
info:   marge top1-top2 @ gen=23 : 1.393469 (top1=108 top2=236743) rank_used=0 chosen=108 marge_decisionnelle=1.393469
info:   marge top1-top2 @ gen=24 : 0.811487 (top1=2021 top2=11069) rank_used=0 chosen=2021 marge_decisionnelle=0.811487
info:   marge top1-top2 @ gen=25 : 1.069435 (top1=506 top2=6533) rank_used=0 chosen=506 marge_decisionnelle=1.069435
info:   marge top1-top2 @ gen=26 : 1.682091 (top1=1902 top2=1884) rank_used=0 chosen=1902 marge_decisionnelle=1.682091
info:   marge top1-top2 @ gen=27 : 5.868677 (top1=236764 top2=4782) rank_used=0 chosen=236764 marge_decisionnelle=5.868677
info:   marge top1-top2 @ gen=28 : 1.818291 (top1=822 top2=506) rank_used=0 chosen=822 marge_decisionnelle=1.818291
info:   marge top1-top2 @ gen=29 : 1.724520 (top1=63937 top2=2033) rank_used=0 chosen=63937 marge_decisionnelle=1.724520
info:   marge top1-top2 @ gen=30 : 9.291039 (top1=563 top2=11979) rank_used=0 chosen=563 marge_decisionnelle=9.291039
info:   marge top1-top2 @ gen=31 : 8.281912 (top1=496 top2=614) rank_used=0 chosen=496 marge_decisionnelle=8.281912
info:   marge top1-top2 @ gen=32 : 0.627821 (top1=28442 top2=232754) rank_used=0 chosen=28442 marge_decisionnelle=0.627821
info:   marge top1-top2 @ gen=33 : 6.796955 (top1=529 top2=531) rank_used=0 chosen=529 marge_decisionnelle=6.796955
info:   marge top1-top2 @ gen=34 : 2.971146 (top1=10810 top2=45497) rank_used=0 chosen=10810 marge_decisionnelle=2.971146
info:   marge top1-top2 @ gen=35 : 2.906824 (top1=532 top2=236764) rank_used=0 chosen=532 marge_decisionnelle=2.906824
info:   marge top1-top2 @ gen=36 : 2.384739 (top1=9551 top2=108726) rank_used=0 chosen=9551 marge_decisionnelle=2.384739
info:   marge top1-top2 @ gen=37 : 0.274660 (top1=237028 top2=236764) rank_used=0 chosen=237028 marge_decisionnelle=0.274660
info:   marge top1-top2 @ gen=38 : 8.791302 (top1=236746 top2=508) rank_used=0 chosen=236746 marge_decisionnelle=8.791302
info:   marge top1-top2 @ gen=39 : 0.050388 (top1=108347 top2=143087) rank_used=0 chosen=108347 marge_decisionnelle=0.050388
info:   marge top1-top2 @ gen=40 : 4.024021 (top1=236764 top2=63475) rank_used=0 chosen=236764 marge_decisionnelle=4.024021
info:   marge top1-top2 @ gen=41 : 1.665110 (top1=93991 top2=2173) rank_used=0 chosen=93991 marge_decisionnelle=1.665110
info:   marge top1-top2 @ gen=42 : 0.721029 (top1=63475 top2=201036) rank_used=0 chosen=63475 marge_decisionnelle=0.721029
info:   marge top1-top2 @ gen=43 : 1.294399 (top1=529 top2=600) rank_used=0 chosen=529 marge_decisionnelle=1.294399
info:   marge top1-top2 @ gen=44 : 2.949026 (top1=45497 top2=13501) rank_used=0 chosen=45497 marge_decisionnelle=2.949026
info:   marge top1-top2 @ gen=45 : 4.273014 (top1=600 top2=532) rank_used=0 chosen=600 marge_decisionnelle=4.273014
info:   marge top1-top2 @ gen=46 : 1.881222 (top1=11979 top2=54850) rank_used=0 chosen=11979 marge_decisionnelle=1.881222
info:   marge top1-top2 @ gen=47 : 2.185543 (top1=201218 top2=2342) rank_used=0 chosen=201218 marge_decisionnelle=2.185543
info:   marge top1-top2 @ gen=48 : 12.345801 (top1=2342 top2=258883) rank_used=0 chosen=2342 marge_decisionnelle=12.377021
info:   marge top1-top2 @ gen=49 : 8.601776 (top1=506 top2=496) rank_used=0 chosen=506 marge_decisionnelle=8.601776
info:   marge top1-top2 @ gen=50 : 0.088873 (top1=168714 top2=21065) rank_used=0 chosen=168714 marge_decisionnelle=0.088873
info:   marge top1-top2 @ gen=51 : 1.575615 (top1=13501 top2=12819) rank_used=0 chosen=13501 marge_decisionnelle=1.575615
info:   marge top1-top2 @ gen=52 : 8.991463 (top1=529 top2=11707) rank_used=0 chosen=529 marge_decisionnelle=8.991463
info:   marge top1-top2 @ gen=53 : 11.861067 (top1=506 top2=496) rank_used=0 chosen=506 marge_decisionnelle=11.861067
info:   marge top1-top2 @ gen=54 : 1.166424 (top1=21065 top2=12461) rank_used=0 chosen=21065 marge_decisionnelle=1.166424
info:   marge top1-top2 @ gen=55 : 8.564396 (top1=236761 top2=532) rank_used=0 chosen=236761 marge_decisionnelle=8.564396
info:   marge top1-top2 @ gen=56 : 2.557461 (top1=2024 top2=2282) rank_used=0 chosen=2024 marge_decisionnelle=2.557461
info:   marge top1-top2 @ gen=57 : 3.228241 (top1=531 top2=4888) rank_used=0 chosen=531 marge_decisionnelle=3.228241
info:   marge top1-top2 @ gen=58 : 3.666908 (top1=611 top2=26509) rank_used=0 chosen=611 marge_decisionnelle=3.666908
info:   marge top1-top2 @ gen=59 : 9.575617 (top1=236764 top2=237028) rank_used=0 chosen=236764 marge_decisionnelle=9.575617
info:   marge top1-top2 @ gen=60 : 6.651318 (top1=26509 top2=625) rank_used=0 chosen=26509 marge_decisionnelle=6.651318
info:   marge top1-top2 @ gen=61 : 10.320235 (top1=1641 top2=2743) rank_used=0 chosen=1641 marge_decisionnelle=10.320235
info:   marge top1-top2 @ gen=62 : 8.774273 (top1=7867 top2=8111) rank_used=0 chosen=7867 marge_decisionnelle=8.774273
info:   marge top1-top2 @ gen=63 : 12.194323 (top1=236764 top2=237028) rank_used=0 chosen=236764 marge_decisionnelle=12.194323
info:   marge top1-top2 @ gen=64 : 0.536898 (top1=625 top2=506) rank_used=0 chosen=625 marge_decisionnelle=0.536898
info:   marge top1-top2 @ gen=65 : 7.670696 (top1=563 top2=815) rank_used=0 chosen=563 marge_decisionnelle=7.670696
info:   marge top1-top2 @ gen=66 : 7.455391 (top1=496 top2=614) rank_used=0 chosen=496 marge_decisionnelle=7.455391
info:   marge top1-top2 @ gen=67 : 6.543575 (top1=4882 top2=122400) rank_used=0 chosen=4882 marge_decisionnelle=6.543575
info:   marge top1-top2 @ gen=68 : 3.409178 (top1=3210 top2=236764) rank_used=0 chosen=3210 marge_decisionnelle=3.409178
info:   marge top1-top2 @ gen=69 : 4.756916 (top1=236761 top2=607) rank_used=0 chosen=236761 marge_decisionnelle=4.756916
info:   marge top1-top2 @ gen=70 : 3.584499 (top1=1030 top2=1599) rank_used=0 chosen=1030 marge_decisionnelle=3.584499
info:   marge top1-top2 @ gen=71 : 1.707768 (top1=186300 top2=815) rank_used=0 chosen=186300 marge_decisionnelle=1.707768
info:   marge top1-top2 @ gen=72 : 4.428440 (top1=607 top2=236761) rank_used=0 chosen=607 marge_decisionnelle=4.428440
info:   marge top1-top2 @ gen=73 : 9.766407 (top1=506 top2=611) rank_used=0 chosen=506 marge_decisionnelle=9.766407
info:   marge top1-top2 @ gen=74 : 3.335131 (top1=38268 top2=101853) rank_used=0 chosen=38268 marge_decisionnelle=3.335131
info:   marge top1-top2 @ gen=75 : 1.473990 (top1=236764 top2=236761) rank_used=0 chosen=236764 marge_decisionnelle=1.473990
info:   marge top1-top2 @ gen=76 : 0.472887 (top1=56794 top2=199339) rank_used=0 chosen=56794 marge_decisionnelle=0.472887
info:   marge top1-top2 @ gen=77 : 2.128668 (top1=3051 top2=5445) rank_used=0 chosen=3051 marge_decisionnelle=2.128668
info:   marge top1-top2 @ gen=78 : 1.393107 (top1=506 top2=607) rank_used=0 chosen=506 marge_decisionnelle=1.393107
info:   marge top1-top2 @ gen=79 : 3.054737 (top1=38115 top2=22879) rank_used=0 chosen=38115 marge_decisionnelle=3.054737
info:   marge top1-top2 @ gen=80 : 15.245407 (top1=529 top2=236770) rank_used=0 chosen=529 marge_decisionnelle=15.245407
info:   marge top1-top2 @ gen=81 : 3.284828 (top1=92542 top2=55767) rank_used=0 chosen=92542 marge_decisionnelle=3.284828
info:   marge top1-top2 @ gen=82 : 3.212366 (top1=532 top2=236764) rank_used=0 chosen=532 marge_decisionnelle=3.212366
info:   marge top1-top2 @ gen=83 : 1.618141 (top1=2255 top2=12440) rank_used=0 chosen=2255 marge_decisionnelle=1.618141
info:   marge top1-top2 @ gen=84 : 1.966467 (top1=4446 top2=97434) rank_used=0 chosen=4446 marge_decisionnelle=1.966467
info:   marge top1-top2 @ gen=85 : 11.200867 (top1=236764 top2=15123) rank_used=0 chosen=236764 marge_decisionnelle=11.200867
info:   marge top1-top2 @ gen=86 : 7.669979 (top1=532 top2=840) rank_used=0 chosen=532 marge_decisionnelle=7.669979
info:   marge top1-top2 @ gen=87 : 0.508186 (top1=2346 top2=26266) rank_used=0 chosen=2346 marge_decisionnelle=0.508186
info:   marge top1-top2 @ gen=88 : 6.066502 (top1=236751 top2=1992) rank_used=0 chosen=236751 marge_decisionnelle=6.066502
info:   marge top1-top2 @ gen=89 : 1.618799 (top1=607 top2=496) rank_used=0 chosen=607 marge_decisionnelle=1.618799
info:   marge top1-top2 @ gen=90 : 1.781086 (top1=496 top2=506) rank_used=0 chosen=496 marge_decisionnelle=1.781086
info:   marge top1-top2 @ gen=91 : 2.796055 (top1=2708 top2=5268) rank_used=0 chosen=2708 marge_decisionnelle=2.796055
info:   marge top1-top2 @ gen=92 : 3.043310 (top1=236764 top2=236772) rank_used=0 chosen=236764 marge_decisionnelle=3.043310
info:   marge top1-top2 @ gen=93 : 0.471437 (top1=4512 top2=81964) rank_used=0 chosen=4512 marge_decisionnelle=0.471437
info:   marge top1-top2 @ gen=94 : 3.196558 (top1=31383 top2=7132) rank_used=0 chosen=31383 marge_decisionnelle=3.196558
info:   marge top1-top2 @ gen=95 : 3.144053 (top1=600 top2=528) rank_used=0 chosen=600 marge_decisionnelle=3.144053
info:   marge top1-top2 @ gen=96 : 0.032347 (top1=119636 top2=611) rank_used=0 chosen=119636 marge_decisionnelle=0.032347
info:   marge top1-top2 @ gen=97 : 5.966095 (top1=528 top2=5268) rank_used=0 chosen=528 marge_decisionnelle=5.966095
info:   marge top1-top2 @ gen=98 : 0.544861 (top1=506 top2=822) rank_used=0 chosen=506 marge_decisionnelle=0.544861
info:   marge top1-top2 @ gen=99 : 1.445400 (top1=106350 top2=54769) rank_used=0 chosen=106350 marge_decisionnelle=1.445400
info:   marge top1-top2 @ gen=100 : 14.198091 (top1=529 top2=236770) rank_used=0 chosen=529 marge_decisionnelle=14.198091
info:   marge top1-top2 @ gen=101 : 13.363045 (top1=822 top2=17993) rank_used=0 chosen=822 marge_decisionnelle=13.363045
info:   marge top1-top2 @ gen=102 : 2.128422 (top1=6172 top2=22648) rank_used=0 chosen=6172 marge_decisionnelle=2.128422
info:   marge top1-top2 @ gen=103 : 2.797686 (top1=236761 top2=15501) rank_used=0 chosen=236761 marge_decisionnelle=2.797686
info:   marge top1-top2 @ gen=104 : 9.252150 (top1=108 top2=236743) rank_used=0 chosen=108 marge_decisionnelle=9.252150
info:   marge top1-top2 @ gen=105 : 0.231081 (top1=11069 top2=818) rank_used=0 chosen=11069 marge_decisionnelle=0.231081
info:   marge top1-top2 @ gen=106 : 5.439165 (top1=2033 top2=1972) rank_used=0 chosen=2033 marge_decisionnelle=5.439165
info:   marge top1-top2 @ gen=107 : 1.719254 (top1=12502 top2=563) rank_used=0 chosen=12502 marge_decisionnelle=1.719254
info:   marge top1-top2 @ gen=108 : 3.417759 (top1=657 top2=607) rank_used=0 chosen=657 marge_decisionnelle=3.417759
info:   marge top1-top2 @ gen=109 : 5.749985 (top1=506 top2=5442) rank_used=0 chosen=506 marge_decisionnelle=5.749985
info:   marge top1-top2 @ gen=110 : 0.927956 (top1=3225 top2=82103) rank_used=0 chosen=3225 marge_decisionnelle=0.927956
info:   marge top1-top2 @ gen=111 : 5.481575 (top1=236764 top2=237028) rank_used=0 chosen=236764 marge_decisionnelle=5.481575
info:   marge top1-top2 @ gen=112 : 7.549696 (top1=1298 top2=528) rank_used=0 chosen=1298 marge_decisionnelle=7.549696
info:   marge top1-top2 @ gen=113 : 11.570835 (top1=506 top2=11707) rank_used=0 chosen=506 marge_decisionnelle=11.570835
info:   marge top1-top2 @ gen=114 : 1.107983 (top1=11707 top2=17240) rank_used=0 chosen=11707 marge_decisionnelle=1.107983
info:   marge top1-top2 @ gen=115 : 1.370869 (top1=15161 top2=776) rank_used=0 chosen=15161 marge_decisionnelle=1.370869
info:   marge top1-top2 @ gen=116 : 1.727844 (top1=506 top2=607) rank_used=0 chosen=506 marge_decisionnelle=1.727844
info:   marge top1-top2 @ gen=117 : 3.517317 (top1=13916 top2=38731) rank_used=0 chosen=13916 marge_decisionnelle=3.517317
info:   marge top1-top2 @ gen=118 : 2.785084 (top1=607 top2=236761) rank_used=0 chosen=607 marge_decisionnelle=2.785084
info:   marge top1-top2 @ gen=119 : 1.705856 (top1=506 top2=1288) rank_used=0 chosen=506 marge_decisionnelle=1.705856
info:   marge top1-top2 @ gen=120 : 1.350515 (top1=4912 top2=13168) rank_used=0 chosen=4912 marge_decisionnelle=1.350515
info:   marge top1-top2 @ gen=121 : 15.542927 (top1=529 top2=236770) rank_used=0 chosen=529 marge_decisionnelle=15.542927
info:   marge top1-top2 @ gen=122 : 1.649872 (top1=496 top2=14773) rank_used=0 chosen=496 marge_decisionnelle=1.649872
info:   marge top1-top2 @ gen=123 : 1.042442 (top1=32831 top2=13460) rank_used=0 chosen=32831 marge_decisionnelle=1.042442
info:   marge top1-top2 @ gen=124 : 6.654112 (top1=236761 top2=2342) rank_used=0 chosen=236761 marge_decisionnelle=6.654112
info:   marge top1-top2 @ gen=125 : 1.610556 (top1=5715 top2=10237) rank_used=0 chosen=5715 marge_decisionnelle=1.610556
info:   marge top1-top2 @ gen=126 : 11.235464 (top1=236764 top2=563) rank_used=0 chosen=236764 marge_decisionnelle=11.235464
info:   marge top1-top2 @ gen=127 : 8.224777 (top1=506 top2=528) rank_used=0 chosen=506 marge_decisionnelle=8.224777
info:   marge top1-top2 @ gen=128 : 1.958904 (top1=2634 top2=11595) rank_used=0 chosen=2634 marge_decisionnelle=1.958904
info:   marge top1-top2 @ gen=129 : 6.294125 (top1=563 top2=38527) rank_used=0 chosen=563 marge_decisionnelle=6.294125
info:   marge top1-top2 @ gen=130 : 1.775822 (top1=7497 top2=7274) rank_used=0 chosen=7497 marge_decisionnelle=1.775822
info:   marge top1-top2 @ gen=131 : 0.483786 (top1=3487 top2=607) rank_used=0 chosen=3487 marge_decisionnelle=0.483786
info:   marge top1-top2 @ gen=132 : 8.941305 (top1=531 top2=607) rank_used=0 chosen=531 marge_decisionnelle=8.941305
info:   marge top1-top2 @ gen=133 : 6.186567 (top1=11613 top2=50696) rank_used=0 chosen=11613 marge_decisionnelle=6.186567
info:   marge top1-top2 @ gen=134 : 0.024916 (top1=236764 top2=237028) rank_used=0 chosen=236764 marge_decisionnelle=0.024916
info:   marge top1-top2 @ gen=135 : 0.993418 (top1=7274 top2=50617) rank_used=0 chosen=7274 marge_decisionnelle=0.993418
info:   marge top1-top2 @ gen=136 : 11.809992 (top1=607 top2=532) rank_used=0 chosen=607 marge_decisionnelle=11.809992
info:   marge top1-top2 @ gen=137 : 2.518698 (top1=506 top2=28381) rank_used=0 chosen=506 marge_decisionnelle=2.518698
info:   marge top1-top2 @ gen=138 : 0.638477 (top1=28381 top2=15414) rank_used=0 chosen=28381 marge_decisionnelle=0.638477
info:   marge top1-top2 @ gen=139 : 11.007544 (top1=529 top2=532) rank_used=0 chosen=529 marge_decisionnelle=11.007544
info:   marge top1-top2 @ gen=140 : 4.831497 (top1=506 top2=5268) rank_used=0 chosen=506 marge_decisionnelle=4.831497
info:   marge top1-top2 @ gen=141 : 3.871372 (top1=5268 top2=5442) rank_used=0 chosen=5268 marge_decisionnelle=3.871372
info:   marge top1-top2 @ gen=142 : 1.662016 (top1=236761 top2=5442) rank_used=0 chosen=236761 marge_decisionnelle=1.662016
info:   marge top1-top2 @ gen=143 : 1.970797 (top1=669 top2=1599) rank_used=0 chosen=669 marge_decisionnelle=1.970797
info:   marge top1-top2 @ gen=144 : 0.226711 (top1=3718 top2=23795) rank_used=0 chosen=3718 marge_decisionnelle=0.226711
info:   marge top1-top2 @ gen=145 : 0.658962 (top1=31393 top2=46599) rank_used=0 chosen=31393 marge_decisionnelle=0.658962
info:   marge top1-top2 @ gen=146 : 8.115196 (top1=659 top2=236764) rank_used=0 chosen=659 marge_decisionnelle=8.115196
info:   marge top1-top2 @ gen=147 : 0.332056 (top1=2462 top2=69522) rank_used=0 chosen=2462 marge_decisionnelle=0.332056
info:   marge top1-top2 @ gen=148 : 2.038612 (top1=31225 top2=118508) rank_used=0 chosen=31225 marge_decisionnelle=2.038612
info:   marge top1-top2 @ gen=149 : 3.288706 (top1=236764 top2=236793) rank_used=0 chosen=236764 marge_decisionnelle=3.288706
info:   marge top1-top2 @ gen=150 : 1.444431 (top1=506 top2=69522) rank_used=0 chosen=506 marge_decisionnelle=1.444431
info:   marge top1-top2 @ gen=151 : 0.247089 (top1=10810 top2=23795) rank_used=0 chosen=10810 marge_decisionnelle=0.247089
info:   marge top1-top2 @ gen=152 : 0.642750 (top1=69522 top2=74666) rank_used=0 chosen=69522 marge_decisionnelle=0.642750
info:   marge top1-top2 @ gen=153 : 6.725584 (top1=607 top2=532) rank_used=0 chosen=607 marge_decisionnelle=6.725584
info:   marge top1-top2 @ gen=154 : 2.958984 (top1=496 top2=623) rank_used=0 chosen=496 marge_decisionnelle=2.958984
info:   marge top1-top2 @ gen=155 : 0.906612 (top1=13160 top2=73315) rank_used=0 chosen=13160 marge_decisionnelle=0.906612
info:   marge top1-top2 @ gen=156 : 0.162504 (top1=64681 top2=153323) rank_used=0 chosen=64681 marge_decisionnelle=0.162504
info:   marge top1-top2 @ gen=157 : 14.540741 (top1=529 top2=236761) rank_used=0 chosen=529 marge_decisionnelle=14.540741
info:   marge top1-top2 @ gen=158 : 2.651398 (top1=8442 top2=5442) rank_used=0 chosen=8442 marge_decisionnelle=2.651398
info:   marge top1-top2 @ gen=159 : 0.422194 (top1=236761 top2=600) rank_used=0 chosen=236761 marge_decisionnelle=0.422194
info:   marge top1-top2 @ gen=160 : 0.997757 (top1=1599 top2=1174) rank_used=0 chosen=1599 marge_decisionnelle=0.997757
info:   marge top1-top2 @ gen=161 : 1.274403 (top1=1281 top2=3727) rank_used=0 chosen=1281 marge_decisionnelle=1.274403
info:   marge top1-top2 @ gen=162 : 4.264965 (top1=1418 top2=506) rank_used=0 chosen=1418 marge_decisionnelle=4.264965
info:   marge top1-top2 @ gen=163 : 4.738195 (top1=11890 top2=1512) rank_used=0 chosen=11890 marge_decisionnelle=4.738195
info:   marge top1-top2 @ gen=164 : 7.484211 (top1=528 top2=532) rank_used=0 chosen=528 marge_decisionnelle=7.484211
info:   marge top1-top2 @ gen=165 : 3.600397 (top1=1239 top2=1724) rank_used=0 chosen=1239 marge_decisionnelle=3.600397
info:   marge top1-top2 @ gen=166 : 5.077322 (top1=11595 top2=31393) rank_used=0 chosen=11595 marge_decisionnelle=5.077322
info:   marge top1-top2 @ gen=167 : 5.163893 (top1=236793 top2=236764) rank_used=0 chosen=236793 marge_decisionnelle=5.163893
info:   marge top1-top2 @ gen=168 : 3.687155 (top1=611 top2=1070) rank_used=0 chosen=611 marge_decisionnelle=3.687155
info:   marge top1-top2 @ gen=169 : 3.854727 (top1=1281 top2=740) rank_used=0 chosen=1281 marge_decisionnelle=3.854727
info:   marge top1-top2 @ gen=170 : 4.978827 (top1=837 top2=1217) rank_used=0 chosen=837 marge_decisionnelle=4.978827
info:   marge top1-top2 @ gen=171 : 0.745768 (top1=2918 top2=10810) rank_used=0 chosen=2918 marge_decisionnelle=0.745768
info:   marge top1-top2 @ gen=172 : 3.715485 (top1=8337 top2=3152) rank_used=0 chosen=8337 marge_decisionnelle=3.715485
info:   marge top1-top2 @ gen=173 : 9.436287 (top1=743 top2=5896) rank_used=0 chosen=743 marge_decisionnelle=9.436287
info:   marge top1-top2 @ gen=174 : 3.049768 (top1=1208 top2=1133) rank_used=0 chosen=1208 marge_decisionnelle=3.049768
info:   marge top1-top2 @ gen=175 : 4.119278 (top1=822 top2=496) rank_used=0 chosen=822 marge_decisionnelle=4.119278
info:   marge top1-top2 @ gen=176 : 8.295729 (top1=3825 top2=15451) rank_used=0 chosen=3825 marge_decisionnelle=8.295729
info:   marge top1-top2 @ gen=177 : 5.456661 (top1=532 top2=1133) rank_used=0 chosen=532 marge_decisionnelle=5.456661
info:   marge top1-top2 @ gen=178 : 6.070118 (top1=837 top2=1298) rank_used=0 chosen=837 marge_decisionnelle=6.070118
info:   marge top1-top2 @ gen=179 : 1.742485 (top1=886 top2=9895) rank_used=0 chosen=886 marge_decisionnelle=1.742485
info:   marge top1-top2 @ gen=180 : 0.835556 (top1=7474 top2=26432) rank_used=0 chosen=7474 marge_decisionnelle=0.835556
info:   marge top1-top2 @ gen=181 : 2.156401 (top1=24782 top2=228134) rank_used=0 chosen=24782 marge_decisionnelle=2.156401
info:   marge top1-top2 @ gen=182 : 0.518532 (top1=236764 top2=236761) rank_used=0 chosen=236764 marge_decisionnelle=0.518532
info:   marge top1-top2 @ gen=183 : 0.630650 (top1=7046 top2=9495) rank_used=0 chosen=7046 marge_decisionnelle=0.630650
info:   marge top1-top2 @ gen=184 : 5.062855 (top1=1061 top2=8990) rank_used=0 chosen=1061 marge_decisionnelle=5.062855
info:   marge top1-top2 @ gen=185 : 1.351820 (top1=11762 top2=31156) rank_used=0 chosen=11762 marge_decisionnelle=1.351820
info:   marge top1-top2 @ gen=186 : 3.239828 (top1=236761 top2=573) rank_used=0 chosen=236761 marge_decisionnelle=3.239828
info:   marge top1-top2 @ gen=187 : 8.403784 (top1=108 top2=236743) rank_used=0 chosen=108 marge_decisionnelle=8.403784
info:   marge top1-top2 @ gen=188 : 1.173313 (top1=2205 top2=4573) rank_used=0 chosen=2205 marge_decisionnelle=1.173313
info:   marge top1-top2 @ gen=189 : 9.156124 (top1=611 top2=506) rank_used=0 chosen=611 marge_decisionnelle=9.156124
info:   marge top1-top2 @ gen=190 : 0.306763 (top1=17085 top2=74942) rank_used=0 chosen=17085 marge_decisionnelle=0.306763
info:   marge top1-top2 @ gen=191 : 1.704971 (top1=236764 top2=3715) rank_used=0 chosen=236764 marge_decisionnelle=1.704971
info:   marge top1-top2 @ gen=192 : 9.757586 (top1=506 top2=6049) rank_used=0 chosen=506 marge_decisionnelle=9.757586
info:   marge top1-top2 @ gen=193 : 1.020592 (top1=1902 top2=11661) rank_used=0 chosen=1902 marge_decisionnelle=1.020592
info:   marge top1-top2 @ gen=194 : 0.498499 (top1=3731 top2=4782) rank_used=0 chosen=3731 marge_decisionnelle=0.498499
info:   marge top1-top2 @ gen=195 : 9.572748 (top1=236761 top2=699) rank_used=0 chosen=236761 marge_decisionnelle=9.572748
info:   marge top1-top2 @ gen=196 : 2.855921 (top1=669 top2=108) rank_used=0 chosen=669 marge_decisionnelle=2.855921
info:   marge top1-top2 @ gen=197 : 3.641804 (top1=96887 top2=32585) rank_used=0 chosen=96887 marge_decisionnelle=3.641804
info:   marge top1-top2 @ gen=198 : 12.998983 (top1=529 top2=236770) rank_used=0 chosen=529 marge_decisionnelle=12.998983
info:   marge top1-top2 @ gen=199 : 13.749339 (top1=506 top2=15839) rank_used=0 chosen=506 marge_decisionnelle=13.749339
info:   marge top1-top2 @ gen=200 : 4.034348 (top1=12461 top2=23068) rank_used=0 chosen=12461 marge_decisionnelle=4.034348
info:   marge top1-top2 @ gen=201 : 0.742634 (top1=12502 top2=6775) rank_used=0 chosen=12502 marge_decisionnelle=0.742634
info:   marge top1-top2 @ gen=202 : 13.680460 (top1=531 top2=3277) rank_used=0 chosen=531 marge_decisionnelle=13.680460
info:   marge top1-top2 @ gen=203 : 2.499590 (top1=520 top2=93249) rank_used=0 chosen=520 marge_decisionnelle=2.499590
info:   marge top1-top2 @ gen=204 : 5.158125 (top1=21702 top2=258882) rank_used=0 chosen=21702 marge_decisionnelle=7.127824
info:   marge top1-top2 @ gen=205 : 5.035431 (top1=236764 top2=1131) rank_used=0 chosen=236764 marge_decisionnelle=5.035431
info:   marge top1-top2 @ gen=206 : 2.530047 (top1=12043 top2=94367) rank_used=0 chosen=12043 marge_decisionnelle=2.530047
info:   marge top1-top2 @ gen=207 : 11.658114 (top1=684 top2=1171) rank_used=0 chosen=684 marge_decisionnelle=11.658114
info:   marge top1-top2 @ gen=208 : 4.254627 (top1=506 top2=496) rank_used=0 chosen=506 marge_decisionnelle=4.254627
info:   marge top1-top2 @ gen=209 : 3.636046 (top1=81964 top2=6145) rank_used=0 chosen=81964 marge_decisionnelle=3.636046
info:   marge top1-top2 @ gen=210 : 0.399437 (top1=808 top2=236764) rank_used=0 chosen=808 marge_decisionnelle=0.399437
info:   marge top1-top2 @ gen=211 : 2.551527 (top1=594 top2=1914) rank_used=0 chosen=594 marge_decisionnelle=2.551527
info:   marge top1-top2 @ gen=212 : 6.700167 (top1=5997 top2=2446) rank_used=0 chosen=5997 marge_decisionnelle=6.700167
info:   marge top1-top2 @ gen=213 : 5.528301 (top1=236772 top2=236829) rank_used=0 chosen=236772 marge_decisionnelle=5.528301
info:   marge top1-top2 @ gen=214 : 1.055994 (top1=236754 top2=594) rank_used=0 chosen=236754 marge_decisionnelle=1.055994
info:   marge top1-top2 @ gen=215 : 2.021719 (top1=1084 top2=1974) rank_used=0 chosen=1084 marge_decisionnelle=2.021719
info:   marge top1-top2 @ gen=216 : 7.539599 (top1=236829 top2=236764) rank_used=0 chosen=236829 marge_decisionnelle=7.539599
info:   marge top1-top2 @ gen=217 : 8.890074 (top1=529 top2=237028) rank_used=0 chosen=529 marge_decisionnelle=8.890074
info:   marge top1-top2 @ gen=218 : 7.740013 (top1=506 top2=822) rank_used=0 chosen=506 marge_decisionnelle=7.740013
info:   marge top1-top2 @ gen=219 : 0.525969 (top1=26644 top2=1822) rank_used=0 chosen=26644 marge_decisionnelle=0.525969
info:   marge top1-top2 @ gen=220 : 0.422497 (top1=21096 top2=10241) rank_used=0 chosen=21096 marge_decisionnelle=0.422497
info:   marge top1-top2 @ gen=221 : 2.390951 (top1=236761 top2=532) rank_used=0 chosen=236761 marge_decisionnelle=2.390951
info:   marge top1-top2 @ gen=222 : 3.020153 (top1=1174 top2=236743) rank_used=0 chosen=1174 marge_decisionnelle=3.020153
info:   ... step 256 (222 générés)
info:   marge top1-top2 @ gen=223 : 5.260466 (top1=563 top2=6029) rank_used=0 chosen=563 marge_decisionnelle=5.260466
info:   marge top1-top2 @ gen=224 : 8.119522 (top1=506 top2=822) rank_used=0 chosen=506 marge_decisionnelle=8.119522
info:   marge top1-top2 @ gen=225 : 3.161154 (top1=3710 top2=36718) rank_used=0 chosen=3710 marge_decisionnelle=3.161154
info:   marge top1-top2 @ gen=226 : 11.175797 (top1=529 top2=236772) rank_used=0 chosen=529 marge_decisionnelle=11.175797
info:   marge top1-top2 @ gen=227 : 1.908676 (top1=506 top2=822) rank_used=0 chosen=506 marge_decisionnelle=1.908676
info:   marge top1-top2 @ gen=228 : 1.973799 (top1=3155 top2=63937) rank_used=0 chosen=3155 marge_decisionnelle=1.973799
info:   marge top1-top2 @ gen=229 : 0.953062 (top1=236761 top2=237028) rank_used=0 chosen=236761 marge_decisionnelle=0.953062
info:   marge top1-top2 @ gen=230 : 0.523058 (top1=669 top2=1030) rank_used=0 chosen=669 marge_decisionnelle=0.523058
info:   marge top1-top2 @ gen=231 : 1.601770 (top1=1822 top2=2634) rank_used=0 chosen=1822 marge_decisionnelle=1.601770
info:   marge top1-top2 @ gen=232 : 0.183781 (top1=14970 top2=15123) rank_used=0 chosen=14970 marge_decisionnelle=0.183781
info:   marge top1-top2 @ gen=233 : 2.341446 (top1=237028 top2=236764) rank_used=0 chosen=237028 marge_decisionnelle=2.341446
info:   marge top1-top2 @ gen=234 : 5.468258 (top1=236746 top2=120749) rank_used=0 chosen=236746 marge_decisionnelle=5.468258
info:   marge top1-top2 @ gen=235 : 0.694086 (top1=65972 top2=12566) rank_used=0 chosen=65972 marge_decisionnelle=0.694086
info:   marge top1-top2 @ gen=236 : 15.337873 (top1=529 top2=1340) rank_used=0 chosen=529 marge_decisionnelle=15.337873
info:   marge top1-top2 @ gen=237 : 1.767849 (top1=4896 top2=3463) rank_used=0 chosen=4896 marge_decisionnelle=1.767849
info:   marge top1-top2 @ gen=238 : 7.615084 (top1=532 top2=105871) rank_used=0 chosen=532 marge_decisionnelle=7.615084
info:   marge top1-top2 @ gen=239 : 5.131859 (top1=28575 top2=39372) rank_used=0 chosen=28575 marge_decisionnelle=5.131859
info:   marge top1-top2 @ gen=240 : 6.409647 (top1=237028 top2=236764) rank_used=0 chosen=237028 marge_decisionnelle=6.409647
info:   marge top1-top2 @ gen=241 : 2.660433 (top1=236751 top2=14467) rank_used=0 chosen=236751 marge_decisionnelle=2.660433
info:   marge top1-top2 @ gen=242 : 8.851933 (top1=1258 top2=1013) rank_used=0 chosen=1258 marge_decisionnelle=8.851933
info:   marge top1-top2 @ gen=243 : 2.184916 (top1=528 top2=1133) rank_used=0 chosen=528 marge_decisionnelle=2.184916
info:   marge top1-top2 @ gen=244 : 2.209211 (top1=1061 top2=506) rank_used=0 chosen=1061 marge_decisionnelle=2.209211
info:   marge top1-top2 @ gen=245 : 0.329500 (top1=11132 top2=15707) rank_used=0 chosen=11132 marge_decisionnelle=0.329500
info:   marge top1-top2 @ gen=246 : 4.901896 (top1=1133 top2=236764) rank_used=0 chosen=1133 marge_decisionnelle=4.901896
info:   marge top1-top2 @ gen=247 : 6.031408 (top1=496 top2=506) rank_used=0 chosen=496 marge_decisionnelle=6.031408
info:   marge top1-top2 @ gen=248 : 0.033606 (top1=20537 top2=16784) rank_used=0 chosen=20537 marge_decisionnelle=0.033606
info:   marge top1-top2 @ gen=249 : 0.831152 (top1=16784 top2=7068) rank_used=0 chosen=16784 marge_decisionnelle=0.831152
info:   marge top1-top2 @ gen=250 : 2.499313 (top1=236761 top2=236858) rank_used=0 chosen=236761 marge_decisionnelle=2.499313
info:   marge top1-top2 @ gen=251 : 2.445162 (top1=3026 top2=1599) rank_used=0 chosen=3026 marge_decisionnelle=2.445162
info:   marge top1-top2 @ gen=252 : 1.539528 (top1=611 top2=506) rank_used=0 chosen=611 marge_decisionnelle=1.539528
info:   marge top1-top2 @ gen=253 : 0.115959 (top1=2214 top2=125805) rank_used=0 chosen=2214 marge_decisionnelle=0.115959
info:   marge top1-top2 @ gen=254 : 1.697552 (top1=625 top2=506) rank_used=0 chosen=625 marge_decisionnelle=1.697552
info:   marge top1-top2 @ gen=255 : 7.739513 (top1=236764 top2=657) rank_used=0 chosen=236764 marge_decisionnelle=7.739513
info:   marge top1-top2 @ gen=256 : 1.351471 (top1=506 top2=625) rank_used=0 chosen=506 marge_decisionnelle=1.351471
info:   marge top1-top2 @ gen=257 : 0.102663 (top1=2978 top2=3155) rank_used=0 chosen=2978 marge_decisionnelle=0.102663
info:   marge top1-top2 @ gen=258 : 4.364624 (top1=36803 top2=46239) rank_used=0 chosen=36803 marge_decisionnelle=4.364624
info:   marge top1-top2 @ gen=259 : 3.814652 (top1=236761 top2=1131) rank_used=0 chosen=236761 marge_decisionnelle=3.814652
info:   marge top1-top2 @ gen=260 : 3.822048 (top1=669 top2=1030) rank_used=0 chosen=669 marge_decisionnelle=3.822048
info:   marge top1-top2 @ gen=261 : 0.183838 (top1=2214 top2=37676) rank_used=0 chosen=2214 marge_decisionnelle=0.183838
info:   marge top1-top2 @ gen=262 : 7.254667 (top1=4038 top2=143179) rank_used=0 chosen=4038 marge_decisionnelle=7.254667
info:   marge top1-top2 @ gen=263 : 2.287294 (top1=236789 top2=236858) rank_used=0 chosen=236789 marge_decisionnelle=2.287294
info:   marge top1-top2 @ gen=264 : 14.044984 (top1=236745 top2=72246) rank_used=0 chosen=236745 marge_decisionnelle=14.044984
info:   marge top1-top2 @ gen=265 : 12.218182 (top1=1164 top2=2827) rank_used=0 chosen=1164 marge_decisionnelle=12.218182
info:   marge top1-top2 @ gen=266 : 1.603174 (top1=29369 top2=99241) rank_used=0 chosen=29369 marge_decisionnelle=1.603174
info:   marge top1-top2 @ gen=267 : 3.630047 (top1=236793 top2=44630) rank_used=0 chosen=236793 marge_decisionnelle=3.630047
info:   marge top1-top2 @ gen=268 : 14.043228 (top1=625 top2=509) rank_used=0 chosen=625 marge_decisionnelle=14.043228
info:   marge top1-top2 @ gen=269 : 0.189533 (top1=1295 top2=64624) rank_used=0 chosen=1295 marge_decisionnelle=0.189533
info:   marge top1-top2 @ gen=270 : 8.509096 (top1=2061 top2=63656) rank_used=0 chosen=2061 marge_decisionnelle=8.509096
info:   marge top1-top2 @ gen=271 : 2.623879 (top1=506 top2=1343) rank_used=0 chosen=506 marge_decisionnelle=2.623879
info:   marge top1-top2 @ gen=272 : 1.917881 (top1=29151 top2=3446) rank_used=0 chosen=29151 marge_decisionnelle=1.917881
info:   marge top1-top2 @ gen=273 : 6.859388 (top1=1131 top2=236761) rank_used=0 chosen=1131 marge_decisionnelle=6.859388
info:   marge top1-top2 @ gen=274 : 3.802074 (top1=15965 top2=78407) rank_used=0 chosen=15965 marge_decisionnelle=3.802074
info:   marge top1-top2 @ gen=275 : 2.868046 (top1=236761 top2=236764) rank_used=0 chosen=236761 marge_decisionnelle=2.868046
info:   marge top1-top2 @ gen=276 : 4.669611 (top1=1030 top2=118172) rank_used=0 chosen=1030 marge_decisionnelle=4.669611
info:   marge top1-top2 @ gen=277 : 0.422073 (top1=11747 top2=42145) rank_used=0 chosen=11747 marge_decisionnelle=0.422073
info:   marge top1-top2 @ gen=278 : 5.553026 (top1=506 top2=822) rank_used=0 chosen=506 marge_decisionnelle=5.553026
info:   marge top1-top2 @ gen=279 : 0.160408 (top1=116575 top2=14500) rank_used=0 chosen=116575 marge_decisionnelle=0.160408
info:   marge top1-top2 @ gen=280 : 4.241564 (top1=20389 top2=14500) rank_used=0 chosen=20389 marge_decisionnelle=4.241564
info:   marge top1-top2 @ gen=281 : 11.881666 (top1=1131 top2=4782) rank_used=0 chosen=1131 marge_decisionnelle=11.881666
info:   marge top1-top2 @ gen=282 : 2.322763 (top1=496 top2=204456) rank_used=0 chosen=496 marge_decisionnelle=2.322763
info:   marge top1-top2 @ gen=283 : 0.682144 (top1=204456 top2=5139) rank_used=0 chosen=204456 marge_decisionnelle=0.682144
info:   marge top1-top2 @ gen=284 : 0.690115 (top1=6426 top2=15707) rank_used=0 chosen=6426 marge_decisionnelle=0.690115
info:   marge top1-top2 @ gen=285 : 1.833826 (top1=532 top2=529) rank_used=0 chosen=532 marge_decisionnelle=1.833826
info:   marge top1-top2 @ gen=286 : 1.243757 (top1=3590 top2=42145) rank_used=0 chosen=3590 marge_decisionnelle=1.243757
info:   marge top1-top2 @ gen=287 : 7.834061 (top1=506 top2=822) rank_used=0 chosen=506 marge_decisionnelle=7.834061
info:   marge top1-top2 @ gen=288 : 3.816788 (top1=2173 top2=15414) rank_used=0 chosen=2173 marge_decisionnelle=3.816788
info:   marge top1-top2 @ gen=289 : 1.150507 (top1=74567 top2=25483) rank_used=0 chosen=74567 marge_decisionnelle=1.150507
info:   marge top1-top2 @ gen=290 : 0.108984 (top1=580 top2=529) rank_used=0 chosen=580 marge_decisionnelle=0.108984
info:   marge top1-top2 @ gen=291 : 6.764231 (top1=506 top2=26550) rank_used=0 chosen=506 marge_decisionnelle=6.764231
info:   marge top1-top2 @ gen=292 : 2.465088 (top1=11707 top2=1813) rank_used=0 chosen=11707 marge_decisionnelle=2.465088
info:   marge top1-top2 @ gen=293 : 3.386160 (top1=1385 top2=12847) rank_used=0 chosen=1385 marge_decisionnelle=3.386160
info:   marge top1-top2 @ gen=294 : 12.271857 (top1=1133 top2=258883) rank_used=0 chosen=1133 marge_decisionnelle=13.037963
info:   marge top1-top2 @ gen=295 : 0.805012 (top1=143087 top2=71463) rank_used=0 chosen=143087 marge_decisionnelle=0.805012
info:   marge top1-top2 @ gen=296 : 4.733635 (top1=14631 top2=139719) rank_used=0 chosen=14631 marge_decisionnelle=4.733635
info:   marge top1-top2 @ gen=297 : 1.946457 (top1=236761 top2=529) rank_used=0 chosen=236761 marge_decisionnelle=1.946457
info:   marge top1-top2 @ gen=298 : 7.355747 (top1=108 top2=236743) rank_used=0 chosen=108 marge_decisionnelle=7.355747
info:   marge top1-top2 @ gen=299 : 1.335711 (top1=11069 top2=4573) rank_used=0 chosen=11069 marge_decisionnelle=1.335711
info:   marge top1-top2 @ gen=300 : 5.776732 (top1=4882 top2=30451) rank_used=0 chosen=4882 marge_decisionnelle=5.776732
info:   marge top1-top2 @ gen=301 : 6.810015 (top1=30451 top2=2557) rank_used=0 chosen=30451 marge_decisionnelle=6.810015
info:   marge top1-top2 @ gen=302 : 8.182539 (top1=659 top2=41766) rank_used=0 chosen=659 marge_decisionnelle=8.182539
info:   marge top1-top2 @ gen=303 : 0.778481 (top1=73359 top2=657) rank_used=0 chosen=73359 marge_decisionnelle=0.778481
info:   marge top1-top2 @ gen=304 : 1.217533 (top1=1131 top2=1494) rank_used=0 chosen=1131 marge_decisionnelle=1.217533
info:   marge top1-top2 @ gen=305 : 6.547184 (top1=506 top2=496) rank_used=0 chosen=506 marge_decisionnelle=6.547184
info:   marge top1-top2 @ gen=306 : 0.176794 (top1=7593 top2=15707) rank_used=0 chosen=7593 marge_decisionnelle=0.176794
info:   marge top1-top2 @ gen=307 : 3.081410 (top1=15707 top2=20881) rank_used=0 chosen=15707 marge_decisionnelle=3.081410
info:   marge top1-top2 @ gen=308 : 4.403517 (top1=236764 top2=236761) rank_used=0 chosen=236764 marge_decisionnelle=4.403517
info:   marge top1-top2 @ gen=309 : 1.769844 (top1=496 top2=1298) rank_used=0 chosen=496 marge_decisionnelle=1.769844
info:   marge top1-top2 @ gen=310 : 1.179192 (top1=1944 top2=62073) rank_used=0 chosen=1944 marge_decisionnelle=1.179192
info:   marge top1-top2 @ gen=311 : 1.358101 (top1=62073 top2=236764) rank_used=0 chosen=62073 marge_decisionnelle=1.358101
info:   marge top1-top2 @ gen=312 : 4.155064 (top1=529 top2=1298) rank_used=0 chosen=529 marge_decisionnelle=4.155064
info:   marge top1-top2 @ gen=313 : 1.225273 (top1=41945 top2=3863) rank_used=0 chosen=41945 marge_decisionnelle=1.225273
info:   marge top1-top2 @ gen=314 : 1.189016 (top1=236761 top2=532) rank_used=0 chosen=236761 marge_decisionnelle=1.189016
info:   marge top1-top2 @ gen=315 : 1.940241 (top1=5715 top2=1030) rank_used=0 chosen=5715 marge_decisionnelle=1.940241
info:   marge top1-top2 @ gen=316 : 8.931063 (top1=236764 top2=563) rank_used=0 chosen=236764 marge_decisionnelle=8.931063
info:   marge top1-top2 @ gen=317 : 4.155207 (top1=506 top2=611) rank_used=0 chosen=506 marge_decisionnelle=4.155207
info:   marge top1-top2 @ gen=318 : 1.060923 (top1=11595 top2=15795) rank_used=0 chosen=11595 marge_decisionnelle=1.060923
info:   marge top1-top2 @ gen=319 : 6.215069 (top1=659 top2=10050) rank_used=0 chosen=659 marge_decisionnelle=6.215069
info:   marge top1-top2 @ gen=320 : 8.592413 (top1=31584 top2=258882) rank_used=0 chosen=31584 marge_decisionnelle=9.529229
info:   marge top1-top2 @ gen=321 : 11.024117 (top1=607 top2=711) rank_used=0 chosen=607 marge_decisionnelle=11.024117
info:   marge top1-top2 @ gen=322 : 4.523462 (top1=6249 top2=506) rank_used=0 chosen=6249 marge_decisionnelle=4.523462
info:   marge top1-top2 @ gen=323 : 4.545681 (top1=5769 top2=607) rank_used=0 chosen=5769 marge_decisionnelle=4.545681
info:   marge top1-top2 @ gen=324 : 1.323381 (top1=110548 top2=7704) rank_used=0 chosen=110548 marge_decisionnelle=1.323381
info:   marge top1-top2 @ gen=325 : 3.901127 (top1=659 top2=735) rank_used=0 chosen=659 marge_decisionnelle=3.901127
info:   marge top1-top2 @ gen=326 : 2.333723 (top1=45027 top2=99679) rank_used=0 chosen=45027 marge_decisionnelle=2.333723
info:   marge top1-top2 @ gen=327 : 0.168062 (top1=684 top2=699) rank_used=0 chosen=684 marge_decisionnelle=0.168062
info:   marge top1-top2 @ gen=328 : 1.057846 (top1=506 top2=31992) rank_used=0 chosen=506 marge_decisionnelle=1.057846
info:   marge top1-top2 @ gen=329 : 1.152884 (top1=31992 top2=9551) rank_used=0 chosen=31992 marge_decisionnelle=1.152884
info:   marge top1-top2 @ gen=330 : 0.532209 (top1=236764 top2=532) rank_used=0 chosen=236764 marge_decisionnelle=0.532209
info:   marge top1-top2 @ gen=331 : 5.138617 (top1=532 top2=910) rank_used=0 chosen=532 marge_decisionnelle=5.138617
info:   marge top1-top2 @ gen=332 : 0.883427 (top1=506 top2=496) rank_used=0 chosen=506 marge_decisionnelle=0.883427
info:   marge top1-top2 @ gen=333 : 0.824240 (top1=15795 top2=2634) rank_used=0 chosen=15795 marge_decisionnelle=0.824240
info:   marge top1-top2 @ gen=334 : 2.975775 (top1=563 top2=59419) rank_used=0 chosen=563 marge_decisionnelle=2.975775
info:   marge top1-top2 @ gen=335 : 0.306049 (top1=1603 top2=7274) rank_used=0 chosen=1603 marge_decisionnelle=0.306049
info:   marge top1-top2 @ gen=336 : 9.444473 (top1=529 top2=699) rank_used=0 chosen=529 marge_decisionnelle=9.444473
info:   marge top1-top2 @ gen=337 : 2.663424 (top1=7274 top2=187578) rank_used=0 chosen=7274 marge_decisionnelle=2.663424
info:   marge top1-top2 @ gen=338 : 1.145371 (top1=236764 top2=3863) rank_used=0 chosen=236764 marge_decisionnelle=1.145371
info:   marge top1-top2 @ gen=339 : 2.127136 (top1=4996 top2=9551) rank_used=0 chosen=4996 marge_decisionnelle=2.127136
info:   marge top1-top2 @ gen=340 : 4.940123 (top1=3863 top2=28905) rank_used=0 chosen=3863 marge_decisionnelle=4.940123
info:   marge top1-top2 @ gen=341 : 4.080536 (top1=600 top2=221106) rank_used=0 chosen=600 marge_decisionnelle=4.080536
info:   marge top1-top2 @ gen=342 : 0.772409 (top1=59419 top2=815) rank_used=0 chosen=59419 marge_decisionnelle=0.772409
info:   marge top1-top2 @ gen=343 : 6.546255 (top1=529 top2=1133) rank_used=0 chosen=529 marge_decisionnelle=6.546255
info:   marge top1-top2 @ gen=344 : 0.349592 (top1=235966 top2=80444) rank_used=0 chosen=235966 marge_decisionnelle=0.349592
info:   marge top1-top2 @ gen=345 : 0.197115 (top1=532 top2=236761) rank_used=0 chosen=532 marge_decisionnelle=0.197115
info:   marge top1-top2 @ gen=346 : 0.935740 (top1=80444 top2=28653) rank_used=0 chosen=80444 marge_decisionnelle=0.935740
info:   marge top1-top2 @ gen=347 : 8.407957 (top1=236761 top2=237028) rank_used=0 chosen=236761 marge_decisionnelle=8.407957
info:   marge top1-top2 @ gen=348 : 1.038996 (top1=236743 top2=2085) rank_used=0 chosen=236743 marge_decisionnelle=1.038996
info:   marge top1-top2 @ gen=349 : 11.616293 (top1=108 top2=236770) rank_used=0 chosen=108 marge_decisionnelle=11.616293
info:   marge top1-top2 @ gen=350 : 0.400190 (top1=4663 top2=3810) rank_used=0 chosen=4663 marge_decisionnelle=0.400190
info:   marge top1-top2 @ gen=351 : 7.623514 (top1=822 top2=1590) rank_used=0 chosen=822 marge_decisionnelle=7.623514
info:   marge top1-top2 @ gen=352 : 2.531479 (top1=4771 top2=9048) rank_used=0 chosen=4771 marge_decisionnelle=2.531479
info:   marge top1-top2 @ gen=353 : 7.038164 (top1=236764 top2=237028) rank_used=0 chosen=236764 marge_decisionnelle=7.038164
info:   marge top1-top2 @ gen=354 : 0.142344 (top1=611 top2=506) rank_used=0 chosen=611 marge_decisionnelle=0.142344
info:   marge top1-top2 @ gen=355 : 1.803892 (top1=735 top2=659) rank_used=0 chosen=735 marge_decisionnelle=1.803892
info:   marge top1-top2 @ gen=356 : 1.233633 (top1=506 top2=496) rank_used=0 chosen=506 marge_decisionnelle=1.233633
info:   marge top1-top2 @ gen=357 : 1.907656 (top1=1791 top2=1346) rank_used=0 chosen=1791 marge_decisionnelle=1.907656
info:   marge top1-top2 @ gen=358 : 2.088051 (top1=11171 top2=1927) rank_used=0 chosen=11171 marge_decisionnelle=2.088051
info:   marge top1-top2 @ gen=359 : 8.465708 (top1=528 top2=532) rank_used=0 chosen=528 marge_decisionnelle=8.465708
info:   marge top1-top2 @ gen=360 : 8.361437 (top1=506 top2=10664) rank_used=0 chosen=506 marge_decisionnelle=8.361437
info:   marge top1-top2 @ gen=361 : 8.377152 (top1=1902 top2=17748) rank_used=0 chosen=1902 marge_decisionnelle=8.377152
info:   marge top1-top2 @ gen=362 : 4.951016 (top1=236761 top2=573) rank_used=0 chosen=236761 marge_decisionnelle=4.951016
info:   marge top1-top2 @ gen=363 : 1.176157 (top1=1599 top2=236743) rank_used=0 chosen=1599 marge_decisionnelle=1.176157
info:   marge top1-top2 @ gen=364 : 1.104504 (top1=4526 top2=735) rank_used=0 chosen=4526 marge_decisionnelle=1.104504
info:   marge top1-top2 @ gen=365 : 10.514673 (top1=506 top2=2432) rank_used=0 chosen=506 marge_decisionnelle=10.514673
info:   marge top1-top2 @ gen=366 : 0.453224 (top1=18046 top2=25330) rank_used=0 chosen=18046 marge_decisionnelle=0.453224
info:   marge top1-top2 @ gen=367 : 3.348953 (top1=2121 top2=2827) rank_used=0 chosen=2121 marge_decisionnelle=3.348953
info:   marge top1-top2 @ gen=368 : 7.495096 (top1=910 top2=580) rank_used=0 chosen=910 marge_decisionnelle=7.495096
info:   marge top1-top2 @ gen=369 : 2.884373 (top1=23125 top2=5111) rank_used=0 chosen=23125 marge_decisionnelle=2.884373
info:   marge top1-top2 @ gen=370 : 1.593203 (top1=57934 top2=25922) rank_used=0 chosen=57934 marge_decisionnelle=1.593203
info:   marge top1-top2 @ gen=371 : 1.043005 (top1=236761 top2=236787) rank_used=0 chosen=236761 marge_decisionnelle=1.043005
info:   marge top1-top2 @ gen=372 : 2.210629 (top1=1599 top2=799) rank_used=0 chosen=1599 marge_decisionnelle=2.210629
info:   marge top1-top2 @ gen=373 : 2.229021 (top1=735 top2=236858) rank_used=0 chosen=735 marge_decisionnelle=2.229021
info:   marge top1-top2 @ gen=374 : 4.562538 (top1=3472 top2=19061) rank_used=0 chosen=3472 marge_decisionnelle=4.562538
info:   marge top1-top2 @ gen=375 : 0.452976 (top1=7208 top2=48312) rank_used=0 chosen=7208 marge_decisionnelle=0.452976
info:   marge top1-top2 @ gen=376 : 0.481997 (top1=549 top2=48312) rank_used=0 chosen=549 marge_decisionnelle=0.481997
info:   marge top1-top2 @ gen=377 : 7.626444 (top1=3051 top2=101567) rank_used=0 chosen=3051 marge_decisionnelle=7.626444
info:   marge top1-top2 @ gen=378 : 1.858780 (top1=600 top2=71230) rank_used=0 chosen=600 marge_decisionnelle=1.858780
info:   marge top1-top2 @ gen=379 : 0.235779 (top1=6956 top2=99341) rank_used=0 chosen=6956 marge_decisionnelle=0.235779
info:   marge top1-top2 @ gen=380 : 11.349621 (top1=531 top2=1071) rank_used=0 chosen=531 marge_decisionnelle=11.349621
info:   marge top1-top2 @ gen=381 : 0.196596 (top1=31716 top2=7671) rank_used=0 chosen=31716 marge_decisionnelle=0.196596
info:   marge top1-top2 @ gen=382 : 5.565176 (top1=506 top2=822) rank_used=0 chosen=506 marge_decisionnelle=5.565176
info:   marge top1-top2 @ gen=383 : 1.285093 (top1=63937 top2=1401) rank_used=0 chosen=63937 marge_decisionnelle=1.285093
info:   marge top1-top2 @ gen=384 : 3.789040 (top1=699 top2=531) rank_used=0 chosen=699 marge_decisionnelle=3.789040
info:   marge top1-top2 @ gen=385 : 7.307365 (top1=1061 top2=506) rank_used=0 chosen=1061 marge_decisionnelle=7.307365
info:   marge top1-top2 @ gen=386 : 1.322889 (top1=14546 top2=106734) rank_used=0 chosen=14546 marge_decisionnelle=1.322889
info:   marge top1-top2 @ gen=387 : 3.167908 (top1=236764 top2=237028) rank_used=0 chosen=236764 marge_decisionnelle=3.167908
info:   marge top1-top2 @ gen=388 : 0.649435 (top1=506 top2=13805) rank_used=0 chosen=506 marge_decisionnelle=0.649435
info:   marge top1-top2 @ gen=389 : 5.658003 (top1=6573 top2=29146) rank_used=0 chosen=6573 marge_decisionnelle=5.658003
info:   marge top1-top2 @ gen=390 : 0.655294 (top1=178291 top2=50622) rank_used=0 chosen=178291 marge_decisionnelle=0.655294
info:   marge top1-top2 @ gen=391 : 0.718922 (top1=1133 top2=1343) rank_used=0 chosen=1133 marge_decisionnelle=0.718922
info:   marge top1-top2 @ gen=392 : 9.614765 (top1=496 top2=614) rank_used=0 chosen=496 marge_decisionnelle=9.614765
info:   marge top1-top2 @ gen=393 : 4.456797 (top1=36773 top2=26328) rank_used=0 chosen=36773 marge_decisionnelle=4.456797
info:   marge top1-top2 @ gen=394 : 2.815157 (top1=42239 top2=7626) rank_used=0 chosen=42239 marge_decisionnelle=2.815157
info:   marge top1-top2 @ gen=395 : 0.672688 (top1=236764 top2=1343) rank_used=0 chosen=236764 marge_decisionnelle=0.672688
info:   marge top1-top2 @ gen=396 : 1.476585 (top1=50622 top2=537) rank_used=0 chosen=50622 marge_decisionnelle=1.476585
info:   marge top1-top2 @ gen=397 : 6.242806 (top1=1343 top2=2342) rank_used=0 chosen=1343 marge_decisionnelle=6.242806
info:   marge top1-top2 @ gen=398 : 6.673893 (top1=506 top2=1418) rank_used=0 chosen=506 marge_decisionnelle=6.673893
info:   marge top1-top2 @ gen=399 : 1.144981 (top1=8603 top2=177114) rank_used=0 chosen=8603 marge_decisionnelle=1.144981
info:   marge top1-top2 @ gen=400 : 4.559433 (top1=177114 top2=15707) rank_used=0 chosen=177114 marge_decisionnelle=4.559433
info:   marge top1-top2 @ gen=401 : 3.743925 (top1=236761 top2=3097) rank_used=0 chosen=236761 marge_decisionnelle=3.743925
info:   marge top1-top2 @ gen=402 : 5.744482 (top1=1599 top2=799) rank_used=0 chosen=1599 marge_decisionnelle=5.744482
info:   marge top1-top2 @ gen=403 : 9.474659 (top1=735 top2=236858) rank_used=0 chosen=735 marge_decisionnelle=9.474659
info:   marge top1-top2 @ gen=404 : 1.813030 (top1=3472 top2=2838) rank_used=0 chosen=3472 marge_decisionnelle=1.813030
info:   marge top1-top2 @ gen=405 : 0.025862 (top1=506 top2=5312) rank_used=0 chosen=506 marge_decisionnelle=0.025862
info:   marge top1-top2 @ gen=406 : 2.372213 (top1=5312 top2=623) rank_used=0 chosen=5312 marge_decisionnelle=2.372213
info:   marge top1-top2 @ gen=407 : 0.700480 (top1=22998 top2=167449) rank_used=0 chosen=22998 marge_decisionnelle=0.700480
info:   marge top1-top2 @ gen=408 : 0.088015 (top1=1298 top2=1056) rank_used=0 chosen=1298 marge_decisionnelle=0.088015
info:   marge top1-top2 @ gen=409 : 11.976090 (top1=506 top2=236764) rank_used=0 chosen=506 marge_decisionnelle=11.976090
info:   marge top1-top2 @ gen=410 : 0.472094 (top1=5442 top2=16254) rank_used=0 chosen=5442 marge_decisionnelle=0.472094
info:   marge top1-top2 @ gen=411 : 3.207548 (top1=563 top2=11747) rank_used=0 chosen=563 marge_decisionnelle=3.207548
info:   marge top1-top2 @ gen=412 : 0.245947 (top1=618 top2=496) rank_used=0 chosen=618 marge_decisionnelle=0.245947
info:   marge top1-top2 @ gen=413 : 2.039026 (top1=6648 top2=7080) rank_used=0 chosen=6648 marge_decisionnelle=2.039026
info:   marge top1-top2 @ gen=414 : 0.755068 (top1=532 top2=618) rank_used=0 chosen=532 marge_decisionnelle=0.755068
info:   marge top1-top2 @ gen=415 : 2.232304 (top1=2764 top2=4996) rank_used=0 chosen=2764 marge_decisionnelle=2.232304
info:   marge top1-top2 @ gen=416 : 11.899418 (top1=618 top2=21086) rank_used=0 chosen=618 marge_decisionnelle=11.899418
info:   marge top1-top2 @ gen=417 : 1.448540 (top1=496 top2=39372) rank_used=0 chosen=496 marge_decisionnelle=1.448540
info:   marge top1-top2 @ gen=418 : 2.480064 (top1=39372 top2=10988) rank_used=0 chosen=39372 marge_decisionnelle=2.480064
info:   marge top1-top2 @ gen=419 : 0.066328 (top1=14701 top2=226956) rank_used=0 chosen=14701 marge_decisionnelle=0.066328
info:   marge top1-top2 @ gen=420 : 8.935883 (top1=236764 top2=236761) rank_used=0 chosen=236764 marge_decisionnelle=8.935883
info:   marge top1-top2 @ gen=421 : 0.702871 (top1=32427 top2=532) rank_used=0 chosen=32427 marge_decisionnelle=0.702871
info:   marge top1-top2 @ gen=422 : 4.472345 (top1=496 top2=8197) rank_used=0 chosen=496 marge_decisionnelle=4.472345
info:   marge top1-top2 @ gen=423 : 0.082579 (top1=32423 top2=7217) rank_used=0 chosen=32423 marge_decisionnelle=0.082579
info:   marge top1-top2 @ gen=424 : 2.719320 (top1=529 top2=834) rank_used=0 chosen=529 marge_decisionnelle=2.719320
info:   marge top1-top2 @ gen=425 : 6.894819 (top1=8197 top2=70132) rank_used=0 chosen=8197 marge_decisionnelle=6.894819
info:   marge top1-top2 @ gen=426 : 0.051058 (top1=834 top2=600) rank_used=0 chosen=834 marge_decisionnelle=0.051058
info:   marge top1-top2 @ gen=427 : 8.655250 (top1=7804 top2=50398) rank_used=0 chosen=7804 marge_decisionnelle=8.655250
info:   marge top1-top2 @ gen=428 : 6.380047 (top1=901 top2=625) rank_used=0 chosen=901 marge_decisionnelle=6.380047
info:   marge top1-top2 @ gen=429 : 1.135134 (top1=4483 top2=1386) rank_used=0 chosen=4483 marge_decisionnelle=1.135134
info:   marge top1-top2 @ gen=430 : 0.635988 (top1=531 top2=3107) rank_used=0 chosen=531 marge_decisionnelle=0.635988
info:   marge top1-top2 @ gen=431 : 0.064526 (top1=13098 top2=6374) rank_used=0 chosen=13098 marge_decisionnelle=0.064526
info:   marge top1-top2 @ gen=432 : 2.634773 (top1=1164 top2=2708) rank_used=0 chosen=1164 marge_decisionnelle=2.634773
info:   marge top1-top2 @ gen=433 : 2.844496 (top1=2787 top2=12371) rank_used=0 chosen=2787 marge_decisionnelle=2.844496
info:   marge top1-top2 @ gen=434 : 5.503916 (top1=506 top2=822) rank_used=0 chosen=506 marge_decisionnelle=5.503916
info:   marge top1-top2 @ gen=435 : 3.219729 (top1=1813 top2=11707) rank_used=0 chosen=1813 marge_decisionnelle=3.219729
info:   marge top1-top2 @ gen=436 : 1.119419 (top1=236761 top2=236858) rank_used=0 chosen=236761 marge_decisionnelle=1.119419
info:   marge top1-top2 @ gen=437 : 8.289286 (top1=108 top2=236743) rank_used=0 chosen=108 marge_decisionnelle=8.289286
info:   marge top1-top2 @ gen=438 : 0.250181 (top1=4573 top2=18370) rank_used=0 chosen=4573 marge_decisionnelle=0.250181
info:   marge top1-top2 @ gen=439 : 1.463526 (top1=506 top2=822) rank_used=0 chosen=506 marge_decisionnelle=1.463526
info:   marge top1-top2 @ gen=440 : 1.881039 (top1=1847 top2=719) rank_used=0 chosen=1847 marge_decisionnelle=1.881039
info:   marge top1-top2 @ gen=441 : 2.836800 (top1=15236 top2=12556) rank_used=0 chosen=15236 marge_decisionnelle=2.836800
info:   marge top1-top2 @ gen=442 : 5.862459 (top1=529 top2=9439) rank_used=0 chosen=529 marge_decisionnelle=5.862459
info:   marge top1-top2 @ gen=443 : 5.213860 (top1=822 top2=506) rank_used=0 chosen=822 marge_decisionnelle=5.213860
info:   marge top1-top2 @ gen=444 : 13.920359 (top1=2033 top2=3155) rank_used=0 chosen=2033 marge_decisionnelle=13.920359
info:   marge top1-top2 @ gen=445 : 4.169579 (top1=9439 top2=5889) rank_used=0 chosen=9439 marge_decisionnelle=4.169579
info:   marge top1-top2 @ gen=446 : 2.730923 (top1=657 top2=528) rank_used=0 chosen=657 marge_decisionnelle=2.730923
info:   marge top1-top2 @ gen=447 : 0.106316 (top1=1806 top2=3446) rank_used=0 chosen=1806 marge_decisionnelle=0.106316
info:   marge top1-top2 @ gen=448 : 2.755631 (top1=528 top2=258883) rank_used=0 chosen=528 marge_decisionnelle=3.514984
info:   marge top1-top2 @ gen=449 : 13.242999 (top1=506 top2=45604) rank_used=0 chosen=506 marge_decisionnelle=13.242999
info:   marge top1-top2 @ gen=450 : 12.587908 (top1=5597 top2=154752) rank_used=0 chosen=5597 marge_decisionnelle=12.587908
info:   marge top1-top2 @ gen=451 : 1.040094 (top1=236761 top2=236764) rank_used=0 chosen=236761 marge_decisionnelle=1.040094
info:   marge top1-top2 @ gen=452 : 1.001658 (top1=236743 top2=108) rank_used=0 chosen=236743 marge_decisionnelle=1.001658
info:   marge top1-top2 @ gen=453 : 12.062008 (top1=108 top2=107) rank_used=0 chosen=108 marge_decisionnelle=12.062008
info:   marge top1-top2 @ gen=454 : 2.615953 (top1=6372 top2=2094) rank_used=0 chosen=6372 marge_decisionnelle=2.615953
info:   marge top1-top2 @ gen=455 : 10.776955 (top1=563 top2=236858) rank_used=0 chosen=563 marge_decisionnelle=10.776955
info:   marge top1-top2 @ gen=456 : 4.495907 (top1=1056 top2=506) rank_used=0 chosen=1056 marge_decisionnelle=4.495907
info:   marge top1-top2 @ gen=457 : 9.994455 (top1=506 top2=611) rank_used=0 chosen=506 marge_decisionnelle=9.994455
info:   marge top1-top2 @ gen=458 : 0.637466 (top1=623 top2=63937) rank_used=0 chosen=623 marge_decisionnelle=0.637466
info:   marge top1-top2 @ gen=459 : 0.286236 (top1=84620 top2=236798) rank_used=0 chosen=84620 marge_decisionnelle=0.286236
info:   marge top1-top2 @ gen=460 : 0.005127 (top1=114475 top2=10847) rank_used=0 chosen=114475 marge_decisionnelle=0.005127
info:   marge top1-top2 @ gen=461 : 11.254164 (top1=236775 top2=161414) rank_used=0 chosen=236775 marge_decisionnelle=11.254164
info:   marge top1-top2 @ gen=462 : 2.918762 (top1=3952 top2=26266) rank_used=0 chosen=3952 marge_decisionnelle=2.918762
info:   marge top1-top2 @ gen=463 : 2.024773 (top1=528 top2=236761) rank_used=0 chosen=528 marge_decisionnelle=2.024773
info:   marge top1-top2 @ gen=464 : 0.511721 (top1=236761 top2=237028) rank_used=0 chosen=236761 marge_decisionnelle=0.511721
info:   marge top1-top2 @ gen=465 : 0.817530 (top1=669 top2=1030) rank_used=0 chosen=669 marge_decisionnelle=0.817530
info:   marge top1-top2 @ gen=466 : 1.719807 (top1=6573 top2=1813) rank_used=0 chosen=6573 marge_decisionnelle=1.719807
info:   marge top1-top2 @ gen=467 : 1.535513 (top1=5822 top2=17221) rank_used=0 chosen=5822 marge_decisionnelle=1.535513
info:   marge top1-top2 @ gen=468 : 6.717144 (top1=1679 top2=6269) rank_used=0 chosen=1679 marge_decisionnelle=6.717144
info:   marge top1-top2 @ gen=469 : 0.166733 (top1=531 top2=236764) rank_used=0 chosen=531 marge_decisionnelle=0.166733
info:   marge top1-top2 @ gen=470 : 7.714554 (top1=496 top2=614) rank_used=0 chosen=496 marge_decisionnelle=7.714554
info:   marge top1-top2 @ gen=471 : 7.875361 (top1=89830 top2=615) rank_used=0 chosen=89830 marge_decisionnelle=7.875361
info:   marge top1-top2 @ gen=472 : 5.961157 (top1=236764 top2=236761) rank_used=0 chosen=236764 marge_decisionnelle=5.961157
info:   marge top1-top2 @ gen=473 : 5.034168 (top1=532 top2=506) rank_used=0 chosen=532 marge_decisionnelle=5.034168
info:   marge top1-top2 @ gen=474 : 1.107075 (top1=506 top2=573) rank_used=0 chosen=506 marge_decisionnelle=1.107075
info:   marge top1-top2 @ gen=475 : 1.974279 (top1=63937 top2=1813) rank_used=0 chosen=63937 marge_decisionnelle=1.974279
info:   marge top1-top2 @ gen=476 : 0.349445 (top1=5072 top2=16071) rank_used=0 chosen=5072 marge_decisionnelle=0.349445
info:   marge top1-top2 @ gen=477 : 12.830627 (top1=531 top2=13275) rank_used=0 chosen=531 marge_decisionnelle=12.830627
info:   marge top1-top2 @ gen=478 : 0.119879 (top1=121430 top2=6803) rank_used=0 chosen=121430 marge_decisionnelle=0.119879
info:   ... step 512 (478 générés)
info:   marge top1-top2 @ gen=479 : 8.071236 (top1=699 top2=4850) rank_used=0 chosen=699 marge_decisionnelle=8.071236
info:   marge top1-top2 @ gen=480 : 7.665129 (top1=506 top2=9496) rank_used=0 chosen=506 marge_decisionnelle=7.665129
info:   marge top1-top2 @ gen=481 : 5.077393 (top1=7764 top2=2601) rank_used=0 chosen=7764 marge_decisionnelle=5.077393
info:   marge top1-top2 @ gen=482 : 1.853920 (top1=236761 top2=236764) rank_used=0 chosen=236761 marge_decisionnelle=1.853920
info:   marge top1-top2 @ gen=483 : 3.354033 (top1=799 top2=1701) rank_used=0 chosen=799 marge_decisionnelle=3.354033
info:   marge top1-top2 @ gen=484 : 0.724445 (top1=1724 top2=600) rank_used=0 chosen=1724 marge_decisionnelle=0.724445
info:   marge top1-top2 @ gen=485 : 1.019207 (top1=3885 top2=13144) rank_used=0 chosen=3885 marge_decisionnelle=1.019207
info:   marge top1-top2 @ gen=486 : 4.163853 (top1=236764 top2=529) rank_used=0 chosen=236764 marge_decisionnelle=4.163853
info:   marge top1-top2 @ gen=487 : 1.873728 (top1=506 top2=611) rank_used=0 chosen=506 marge_decisionnelle=1.873728
info:   marge top1-top2 @ gen=488 : 0.144798 (top1=13343 top2=2214) rank_used=0 chosen=13343 marge_decisionnelle=0.144798
info:   marge top1-top2 @ gen=489 : 4.569532 (top1=529 top2=143179) rank_used=0 chosen=529 marge_decisionnelle=4.569532
info:   marge top1-top2 @ gen=490 : 4.976944 (top1=2214 top2=822) rank_used=0 chosen=2214 marge_decisionnelle=4.976944
info:   marge top1-top2 @ gen=491 : 1.068886 (top1=19945 top2=143179) rank_used=0 chosen=19945 marge_decisionnelle=1.068886
info:   marge top1-top2 @ gen=492 : 0.493490 (top1=496 top2=1343) rank_used=0 chosen=496 marge_decisionnelle=0.493490
info:   marge top1-top2 @ gen=493 : 0.116425 (top1=40357 top2=2479) rank_used=0 chosen=40357 marge_decisionnelle=0.116425
info:   marge top1-top2 @ gen=494 : 3.352150 (top1=2479 top2=236764) rank_used=0 chosen=2479 marge_decisionnelle=3.352150
info:   marge top1-top2 @ gen=495 : 6.012466 (top1=3418 top2=1343) rank_used=0 chosen=3418 marge_decisionnelle=6.012466
info:   marge top1-top2 @ gen=496 : 4.780682 (top1=506 top2=7635) rank_used=0 chosen=506 marge_decisionnelle=4.780682
info:   marge top1-top2 @ gen=497 : 0.440544 (top1=1813 top2=2325) rank_used=0 chosen=1813 marge_decisionnelle=0.440544
info:   marge top1-top2 @ gen=498 : 5.353727 (top1=236764 top2=573) rank_used=0 chosen=236764 marge_decisionnelle=5.353727
info:   marge top1-top2 @ gen=499 : 1.671650 (top1=496 top2=19460) rank_used=0 chosen=496 marge_decisionnelle=1.671650
info:   marge top1-top2 @ gen=500 : 1.767384 (top1=16932 top2=10173) rank_used=0 chosen=16932 marge_decisionnelle=1.767384
info:   marge top1-top2 @ gen=501 : 1.776314 (top1=18479 top2=236764) rank_used=0 chosen=18479 marge_decisionnelle=1.776314
info:   marge top1-top2 @ gen=502 : 5.439423 (top1=529 top2=237028) rank_used=0 chosen=529 marge_decisionnelle=5.439423
info:   marge top1-top2 @ gen=503 : 2.068016 (top1=5122 top2=5646) rank_used=0 chosen=5122 marge_decisionnelle=2.068016
info:   marge top1-top2 @ gen=504 : 0.645481 (top1=528 top2=236761) rank_used=0 chosen=528 marge_decisionnelle=0.645481
info:   marge top1-top2 @ gen=505 : 1.170628 (top1=496 top2=614) rank_used=0 chosen=496 marge_decisionnelle=1.170628
info:   marge top1-top2 @ gen=506 : 3.918284 (top1=1902 top2=2325) rank_used=0 chosen=1902 marge_decisionnelle=3.918284
info:   marge top1-top2 @ gen=507 : 9.369511 (top1=529 top2=2180) rank_used=0 chosen=529 marge_decisionnelle=9.369511
info:   marge top1-top2 @ gen=508 : 0.604181 (top1=19764 top2=13024) rank_used=0 chosen=19764 marge_decisionnelle=0.604181
info:   marge top1-top2 @ gen=509 : 12.413267 (top1=236761 top2=532) rank_used=0 chosen=236761 marge_decisionnelle=12.413267
info:   marge top1-top2 @ gen=510 : 0.998985 (top1=799 top2=1599) rank_used=0 chosen=799 marge_decisionnelle=0.998985
info:   marge top1-top2 @ gen=511 : 1.987688 (top1=1724 top2=1239) rank_used=0 chosen=1724 marge_decisionnelle=1.987688
info:   marge top1-top2 @ gen=512 : 6.580195 (top1=13144 top2=12010) rank_used=0 chosen=13144 marge_decisionnelle=6.580195
info:   marge top1-top2 @ gen=513 : 5.545534 (top1=236764 top2=529) rank_used=0 chosen=236764 marge_decisionnelle=5.545534
info:   marge top1-top2 @ gen=514 : 2.744330 (top1=611 top2=506) rank_used=0 chosen=611 marge_decisionnelle=2.744330
info:   marge top1-top2 @ gen=515 : 3.076622 (top1=10050 top2=659) rank_used=0 chosen=10050 marge_decisionnelle=3.076622
info:   marge top1-top2 @ gen=516 : 5.059927 (top1=236789 top2=236858) rank_used=0 chosen=236789 marge_decisionnelle=5.059927
info:   marge top1-top2 @ gen=517 : 13.443368 (top1=236745 top2=1412) rank_used=0 chosen=236745 marge_decisionnelle=13.443368
info:   marge top1-top2 @ gen=518 : 7.243815 (top1=1164 top2=496) rank_used=0 chosen=1164 marge_decisionnelle=7.243815
info:   marge top1-top2 @ gen=519 : 6.426437 (top1=496 top2=614) rank_used=0 chosen=496 marge_decisionnelle=6.426437
info:   marge top1-top2 @ gen=520 : 0.769571 (top1=64222 top2=880) rank_used=0 chosen=64222 marge_decisionnelle=0.769571
info:   marge top1-top2 @ gen=521 : 0.066418 (top1=236793 top2=529) rank_used=0 chosen=236793 marge_decisionnelle=0.066418
info:   marge top1-top2 @ gen=522 : 11.188248 (top1=611 top2=506) rank_used=0 chosen=611 marge_decisionnelle=11.188248
info:   marge top1-top2 @ gen=523 : 10.761665 (top1=659 top2=2597) rank_used=0 chosen=659 marge_decisionnelle=10.761665
info:   marge top1-top2 @ gen=524 : 3.130474 (top1=496 top2=506) rank_used=0 chosen=496 marge_decisionnelle=3.130474
info:   marge top1-top2 @ gen=525 : 0.358856 (top1=43445 top2=201209) rank_used=0 chosen=43445 marge_decisionnelle=0.358856
info:   marge top1-top2 @ gen=526 : 0.680773 (top1=236761 top2=529) rank_used=0 chosen=236761 marge_decisionnelle=0.680773
info:   marge top1-top2 @ gen=527 : 3.487267 (top1=1599 top2=236743) rank_used=0 chosen=1599 marge_decisionnelle=3.487267
info:   marge top1-top2 @ gen=528 : 4.621952 (top1=659 top2=2597) rank_used=0 chosen=659 marge_decisionnelle=4.621952
info:   marge top1-top2 @ gen=529 : 9.386002 (top1=506 top2=496) rank_used=0 chosen=506 marge_decisionnelle=9.386002
info:   marge top1-top2 @ gen=530 : 0.005983 (top1=6530 top2=16932) rank_used=0 chosen=6530 marge_decisionnelle=0.005983
info:   marge top1-top2 @ gen=531 : 10.456049 (top1=1523 top2=237510) rank_used=0 chosen=1523 marge_decisionnelle=10.456049
info:   marge top1-top2 @ gen=532 : 6.858715 (top1=528 top2=236761) rank_used=0 chosen=528 marge_decisionnelle=6.858715
info:   marge top1-top2 @ gen=533 : 6.572935 (top1=496 top2=614) rank_used=0 chosen=496 marge_decisionnelle=6.572935
info:   marge top1-top2 @ gen=534 : 0.145256 (top1=34064 top2=6049) rank_used=0 chosen=34064 marge_decisionnelle=0.145256
info:   marge top1-top2 @ gen=535 : 5.541422 (top1=1902 top2=17748) rank_used=0 chosen=1902 marge_decisionnelle=5.541422
info:   marge top1-top2 @ gen=536 : 2.203985 (top1=236761 top2=236764) rank_used=0 chosen=236761 marge_decisionnelle=2.203985
info:   marge top1-top2 @ gen=537 : 0.351168 (top1=236743 top2=108) rank_used=0 chosen=236743 marge_decisionnelle=0.351168
info:   marge top1-top2 @ gen=538 : 12.231812 (top1=108 top2=236770) rank_used=0 chosen=108 marge_decisionnelle=12.231812
info:   marge top1-top2 @ gen=539 : 0.787277 (top1=4420 top2=18370) rank_used=0 chosen=4420 marge_decisionnelle=0.787277
info:   marge top1-top2 @ gen=540 : 2.146179 (top1=611 top2=506) rank_used=0 chosen=611 marge_decisionnelle=2.146179
info:   marge top1-top2 @ gen=541 : 1.743738 (top1=2178 top2=1385) rank_used=0 chosen=2178 marge_decisionnelle=1.743738
info:   marge top1-top2 @ gen=542 : 4.056410 (top1=528 top2=684) rank_used=0 chosen=528 marge_decisionnelle=4.056410
info:   marge top1-top2 @ gen=543 : 11.301573 (top1=822 top2=22276) rank_used=0 chosen=822 marge_decisionnelle=11.301573
info:   marge top1-top2 @ gen=544 : 3.587845 (top1=9048 top2=1494) rank_used=0 chosen=9048 marge_decisionnelle=3.587845
info:   marge top1-top2 @ gen=545 : 0.644669 (top1=236764 top2=532) rank_used=0 chosen=236764 marge_decisionnelle=0.644669
info:   marge top1-top2 @ gen=546 : 2.807150 (top1=496 top2=124404) rank_used=0 chosen=496 marge_decisionnelle=2.807150
info:   marge top1-top2 @ gen=547 : 0.613037 (top1=8578 top2=24199) rank_used=0 chosen=8578 marge_decisionnelle=0.613037
info:   marge top1-top2 @ gen=548 : 13.107308 (top1=529 top2=5042) rank_used=0 chosen=529 marge_decisionnelle=13.107308
info:   marge top1-top2 @ gen=549 : 1.889010 (top1=11115 top2=3425) rank_used=0 chosen=11115 marge_decisionnelle=1.889010
info:   marge top1-top2 @ gen=550 : 1.935085 (top1=33085 top2=16204) rank_used=0 chosen=33085 marge_decisionnelle=1.935085
info:   marge top1-top2 @ gen=551 : 4.716808 (top1=822 top2=528) rank_used=0 chosen=822 marge_decisionnelle=4.716808
info:   marge top1-top2 @ gen=552 : 2.416756 (top1=4916 top2=71504) rank_used=0 chosen=4916 marge_decisionnelle=2.416756
info:   marge top1-top2 @ gen=553 : 5.953857 (top1=236764 top2=618) rank_used=0 chosen=236764 marge_decisionnelle=5.953857
info:   marge top1-top2 @ gen=554 : 1.139391 (top1=532 top2=611) rank_used=0 chosen=532 marge_decisionnelle=1.139391
info:   marge top1-top2 @ gen=555 : 3.640230 (top1=4526 top2=1385) rank_used=0 chosen=4526 marge_decisionnelle=3.640230
info:   marge top1-top2 @ gen=556 : 4.093538 (top1=600 top2=506) rank_used=0 chosen=600 marge_decisionnelle=4.093538
info:   marge top1-top2 @ gen=557 : 0.149740 (top1=13343 top2=2214) rank_used=0 chosen=13343 marge_decisionnelle=0.149740
info:   marge top1-top2 @ gen=558 : 2.952253 (top1=41371 top2=19480) rank_used=0 chosen=41371 marge_decisionnelle=2.952253
info:   marge top1-top2 @ gen=559 : 1.202236 (top1=3418 top2=1024) rank_used=0 chosen=3418 marge_decisionnelle=1.202236
info:   marge top1-top2 @ gen=560 : 12.252789 (top1=506 top2=822) rank_used=0 chosen=506 marge_decisionnelle=12.252789
info:   marge top1-top2 @ gen=561 : 6.225767 (top1=25330 top2=2325) rank_used=0 chosen=25330 marge_decisionnelle=6.225767
info:   marge top1-top2 @ gen=562 : 8.352993 (top1=236764 top2=237028) rank_used=0 chosen=236764 marge_decisionnelle=8.352993
info:   marge top1-top2 @ gen=563 : 5.089809 (top1=611 top2=506) rank_used=0 chosen=611 marge_decisionnelle=5.089809
info:   marge top1-top2 @ gen=564 : 0.112078 (top1=2597 top2=1281) rank_used=0 chosen=2597 marge_decisionnelle=0.112078
info:   marge top1-top2 @ gen=565 : 5.829184 (top1=506 top2=625) rank_used=0 chosen=506 marge_decisionnelle=5.829184
info:   marge top1-top2 @ gen=566 : 0.330528 (top1=3825 top2=5603) rank_used=0 chosen=3825 marge_decisionnelle=0.330528
info:   marge top1-top2 @ gen=567 : 7.059908 (top1=529 top2=532) rank_used=0 chosen=529 marge_decisionnelle=7.059908
info:   marge top1-top2 @ gen=568 : 1.497170 (top1=822 top2=506) rank_used=0 chosen=822 marge_decisionnelle=1.497170
info:   marge top1-top2 @ gen=569 : 0.986382 (top1=108726 top2=5708) rank_used=0 chosen=108726 marge_decisionnelle=0.986382
info:   marge top1-top2 @ gen=570 : 3.870194 (top1=236761 top2=237028) rank_used=0 chosen=236761 marge_decisionnelle=3.870194
info:   marge top1-top2 @ gen=571 : 2.291388 (top1=1030 top2=4943) rank_used=0 chosen=1030 marge_decisionnelle=2.291388
info:   marge top1-top2 @ gen=572 : 0.992479 (top1=563 top2=5889) rank_used=0 chosen=563 marge_decisionnelle=0.992479
info:   marge top1-top2 @ gen=573 : 3.766741 (top1=496 top2=711) rank_used=0 chosen=496 marge_decisionnelle=3.766741
info:   marge top1-top2 @ gen=574 : 0.824118 (top1=7274 top2=12529) rank_used=0 chosen=7274 marge_decisionnelle=0.824118
info:   marge top1-top2 @ gen=575 : 2.183743 (top1=3210 top2=61123) rank_used=0 chosen=3210 marge_decisionnelle=2.183743
info:   marge top1-top2 @ gen=576 : 5.950863 (top1=236764 top2=237028) rank_used=0 chosen=236764 marge_decisionnelle=5.950863
info:   marge top1-top2 @ gen=577 : 2.039177 (top1=840 top2=6494) rank_used=0 chosen=840 marge_decisionnelle=2.039177
info:   marge top1-top2 @ gen=578 : 3.628759 (top1=625 top2=496) rank_used=0 chosen=625 marge_decisionnelle=3.628759
info:   marge top1-top2 @ gen=579 : 6.682661 (top1=563 top2=5889) rank_used=0 chosen=563 marge_decisionnelle=6.682661
info:   marge top1-top2 @ gen=580 : 0.809984 (top1=992 top2=496) rank_used=0 chosen=992 marge_decisionnelle=0.809984
info:   marge top1-top2 @ gen=581 : 3.827267 (top1=496 top2=822) rank_used=0 chosen=496 marge_decisionnelle=3.827267
info:   marge top1-top2 @ gen=582 : 0.474697 (top1=4148 top2=7963) rank_used=0 chosen=4148 marge_decisionnelle=0.474697
info:   marge top1-top2 @ gen=583 : 0.759762 (top1=886 top2=3210) rank_used=0 chosen=886 marge_decisionnelle=0.759762
info:   marge top1-top2 @ gen=584 : 11.347179 (top1=236761 top2=237028) rank_used=0 chosen=236761 marge_decisionnelle=11.347179
info:   marge top1-top2 @ gen=585 : 0.411566 (top1=5641 top2=5180) rank_used=0 chosen=5641 marge_decisionnelle=0.411566
info:   marge top1-top2 @ gen=586 : 6.588993 (top1=993 top2=1590) rank_used=0 chosen=993 marge_decisionnelle=6.588993
info:   marge top1-top2 @ gen=587 : 1.990788 (top1=236764 top2=563) rank_used=0 chosen=236764 marge_decisionnelle=1.990788
info:   marge top1-top2 @ gen=588 : 1.221874 (top1=506 top2=6998) rank_used=0 chosen=506 marge_decisionnelle=1.221874
info:   marge top1-top2 @ gen=589 : 0.543270 (top1=12461 top2=19916) rank_used=0 chosen=12461 marge_decisionnelle=0.543270
info:   marge top1-top2 @ gen=590 : 7.138666 (top1=563 top2=8150) rank_used=0 chosen=563 marge_decisionnelle=7.138666
info:   marge top1-top2 @ gen=591 : 0.825041 (top1=12529 top2=18304) rank_used=0 chosen=12529 marge_decisionnelle=0.825041
info:   marge top1-top2 @ gen=592 : 1.713903 (top1=532 top2=236764) rank_used=0 chosen=532 marge_decisionnelle=1.713903
info:   marge top1-top2 @ gen=593 : 3.128492 (top1=70132 top2=56642) rank_used=0 chosen=70132 marge_decisionnelle=3.128492
info:   marge top1-top2 @ gen=594 : 0.972853 (top1=236761 top2=236764) rank_used=0 chosen=236761 marge_decisionnelle=0.972853
info:   marge top1-top2 @ gen=595 : 1.252436 (top1=2024 top2=799) rank_used=0 chosen=2024 marge_decisionnelle=1.252436
info:   marge top1-top2 @ gen=596 : 2.458122 (top1=1590 top2=528) rank_used=0 chosen=1590 marge_decisionnelle=2.458122
info:   marge top1-top2 @ gen=597 : 8.115030 (top1=236764 top2=237028) rank_used=0 chosen=236764 marge_decisionnelle=8.115030
info:   marge top1-top2 @ gen=598 : 3.125851 (top1=4888 top2=2351) rank_used=0 chosen=4888 marge_decisionnelle=3.125851
info:   marge top1-top2 @ gen=599 : 2.328123 (top1=1239 top2=822) rank_used=0 chosen=1239 marge_decisionnelle=2.328123
info:   marge top1-top2 @ gen=600 : 0.653614 (top1=10810 top2=11595) rank_used=0 chosen=10810 marge_decisionnelle=0.653614
info:   marge top1-top2 @ gen=601 : 2.414377 (top1=11595 top2=52050) rank_used=0 chosen=11595 marge_decisionnelle=2.414377
info:   marge top1-top2 @ gen=602 : 9.455402 (top1=236764 top2=237028) rank_used=0 chosen=236764 marge_decisionnelle=9.455402
info:   marge top1-top2 @ gen=603 : 4.228890 (top1=993 top2=611) rank_used=0 chosen=993 marge_decisionnelle=4.228890
info:   marge top1-top2 @ gen=604 : 12.641936 (top1=563 top2=659) rank_used=0 chosen=563 marge_decisionnelle=12.641936
info:   marge top1-top2 @ gen=605 : 0.895144 (top1=41945 top2=5387) rank_used=0 chosen=41945 marge_decisionnelle=0.895144
info:   marge top1-top2 @ gen=606 : 2.042563 (top1=236761 top2=236764) rank_used=0 chosen=236761 marge_decisionnelle=2.042563
info:   marge top1-top2 @ gen=607 : 4.527580 (top1=2085 top2=236743) rank_used=0 chosen=2085 marge_decisionnelle=4.527580
info:   marge top1-top2 @ gen=608 : 10.873997 (top1=563 top2=659) rank_used=0 chosen=563 marge_decisionnelle=10.873997
info:   marge top1-top2 @ gen=609 : 1.051548 (top1=496 top2=506) rank_used=0 chosen=496 marge_decisionnelle=1.051548
info:   marge top1-top2 @ gen=610 : 0.109232 (top1=4304 top2=109041) rank_used=0 chosen=4304 marge_decisionnelle=0.109232
info:   marge top1-top2 @ gen=611 : 2.559984 (top1=528 top2=236761) rank_used=0 chosen=528 marge_decisionnelle=2.559984
info:   marge top1-top2 @ gen=612 : 9.945301 (top1=506 top2=496) rank_used=0 chosen=506 marge_decisionnelle=9.945301
info:   marge top1-top2 @ gen=613 : 2.771092 (top1=109041 top2=75666) rank_used=0 chosen=109041 marge_decisionnelle=2.771092
info:   marge top1-top2 @ gen=614 : 1.313185 (top1=236764 top2=236761) rank_used=0 chosen=236764 marge_decisionnelle=1.313185
info:   marge top1-top2 @ gen=615 : 0.002602 (top1=506 top2=496) rank_used=0 chosen=506 marge_decisionnelle=0.002602
info:   marge top1-top2 @ gen=616 : 3.779270 (top1=16932 top2=119062) rank_used=0 chosen=16932 marge_decisionnelle=3.779270
info:   marge top1-top2 @ gen=617 : 0.284962 (top1=119062 top2=13035) rank_used=0 chosen=119062 marge_decisionnelle=0.284962
info:   marge top1-top2 @ gen=618 : 13.111912 (top1=529 top2=5042) rank_used=0 chosen=529 marge_decisionnelle=13.111912
info:   marge top1-top2 @ gen=619 : 4.636303 (top1=496 top2=506) rank_used=0 chosen=496 marge_decisionnelle=4.636303
info:   marge top1-top2 @ gen=620 : 5.054041 (top1=11072 top2=38270) rank_used=0 chosen=11072 marge_decisionnelle=5.054041
info:   marge top1-top2 @ gen=621 : 9.716478 (top1=236764 top2=580) rank_used=0 chosen=236764 marge_decisionnelle=9.716478
info:   marge top1-top2 @ gen=622 : 11.078579 (top1=532 top2=506) rank_used=0 chosen=532 marge_decisionnelle=11.078579
info:   marge top1-top2 @ gen=623 : 4.422848 (top1=506 top2=496) rank_used=0 chosen=506 marge_decisionnelle=4.422848
info:   marge top1-top2 @ gen=624 : 1.122620 (top1=4654 top2=16932) rank_used=0 chosen=4654 marge_decisionnelle=1.122620
info:   marge top1-top2 @ gen=625 : 8.780190 (top1=600 top2=529) rank_used=0 chosen=600 marge_decisionnelle=8.780190
info:   marge top1-top2 @ gen=626 : 4.537018 (top1=618 top2=1547) rank_used=0 chosen=618 marge_decisionnelle=4.537018
info:   marge top1-top2 @ gen=627 : 11.727151 (top1=1440 top2=2793) rank_used=0 chosen=1440 marge_decisionnelle=11.727151
info:   marge top1-top2 @ gen=628 : 11.164650 (top1=618 top2=95828) rank_used=0 chosen=618 marge_decisionnelle=11.164650
info:   marge top1-top2 @ gen=629 : 0.384113 (top1=822 top2=506) rank_used=0 chosen=822 marge_decisionnelle=0.384113
info:   marge top1-top2 @ gen=630 : 4.293503 (top1=2214 top2=15123) rank_used=0 chosen=2214 marge_decisionnelle=4.293503
info:   marge top1-top2 @ gen=631 : 0.188810 (top1=11747 top2=47152) rank_used=0 chosen=11747 marge_decisionnelle=0.188810
info:   marge top1-top2 @ gen=632 : 8.693016 (top1=236764 top2=532) rank_used=0 chosen=236764 marge_decisionnelle=8.693016
info:   marge top1-top2 @ gen=633 : 0.035038 (top1=951 top2=506) rank_used=0 chosen=951 marge_decisionnelle=0.035038
info:   marge top1-top2 @ gen=634 : 1.541941 (top1=7507 top2=886) rank_used=0 chosen=7507 marge_decisionnelle=1.541941
info:   marge top1-top2 @ gen=635 : 4.429136 (top1=563 top2=795) rank_used=0 chosen=563 marge_decisionnelle=4.429136
info:   marge top1-top2 @ gen=636 : 3.120485 (top1=9995 top2=5745) rank_used=0 chosen=9995 marge_decisionnelle=3.120485
info:   marge top1-top2 @ gen=637 : 1.906054 (top1=5745 top2=7057) rank_used=0 chosen=5745 marge_decisionnelle=1.906054
info:   marge top1-top2 @ gen=638 : 3.308815 (top1=236761 top2=528) rank_used=0 chosen=236761 marge_decisionnelle=3.308815
info:   marge top1-top2 @ gen=639 : 4.438253 (top1=108 top2=236743) rank_used=0 chosen=108 marge_decisionnelle=4.438253
info:   marge top1-top2 @ gen=640 : 0.931160 (top1=818 top2=3048) rank_used=0 chosen=818 marge_decisionnelle=0.931160
info:   marge top1-top2 @ gen=641 : 2.848114 (top1=63937 top2=154649) rank_used=0 chosen=63937 marge_decisionnelle=2.848114
info:   marge top1-top2 @ gen=642 : 1.138895 (top1=5889 top2=563) rank_used=0 chosen=5889 marge_decisionnelle=1.138895
info:   marge top1-top2 @ gen=643 : 4.449980 (top1=236789 top2=236858) rank_used=0 chosen=236789 marge_decisionnelle=4.449980
info:   marge top1-top2 @ gen=644 : 14.955410 (top1=236745 top2=1201) rank_used=0 chosen=236745 marge_decisionnelle=14.955410
info:   marge top1-top2 @ gen=645 : 6.121794 (top1=1164 top2=496) rank_used=0 chosen=1164 marge_decisionnelle=6.121794
info:   marge top1-top2 @ gen=646 : 0.473539 (top1=496 top2=1298) rank_used=0 chosen=496 marge_decisionnelle=0.473539
info:   marge top1-top2 @ gen=647 : 5.389750 (top1=3788 top2=1977) rank_used=0 chosen=3788 marge_decisionnelle=5.389750
info:   marge top1-top2 @ gen=648 : 1.681059 (top1=236764 top2=580) rank_used=0 chosen=236764 marge_decisionnelle=1.681059
info:   marge top1-top2 @ gen=649 : 8.898251 (top1=26509 top2=532) rank_used=0 chosen=26509 marge_decisionnelle=8.898251
info:   marge top1-top2 @ gen=650 : 10.896147 (top1=1641 top2=2743) rank_used=0 chosen=1641 marge_decisionnelle=10.896147
info:   marge top1-top2 @ gen=651 : 9.496046 (top1=7867 top2=8111) rank_used=0 chosen=7867 marge_decisionnelle=9.496046
info:   marge top1-top2 @ gen=652 : 11.826905 (top1=236761 top2=236793) rank_used=0 chosen=236761 marge_decisionnelle=11.826905
info:   marge top1-top2 @ gen=653 : 7.650049 (top1=1030 top2=625) rank_used=0 chosen=1030 marge_decisionnelle=7.650049
info:   marge top1-top2 @ gen=654 : 3.924585 (top1=563 top2=236858) rank_used=0 chosen=563 marge_decisionnelle=3.924585
info:   marge top1-top2 @ gen=655 : 2.507938 (top1=496 top2=822) rank_used=0 chosen=496 marge_decisionnelle=2.507938
info:   marge top1-top2 @ gen=656 : 2.523081 (top1=12309 top2=14468) rank_used=0 chosen=12309 marge_decisionnelle=2.523081
info:   marge top1-top2 @ gen=657 : 10.945056 (top1=1534 top2=39652) rank_used=0 chosen=1534 marge_decisionnelle=10.945056
info:   marge top1-top2 @ gen=658 : 2.634071 (top1=506 top2=611) rank_used=0 chosen=506 marge_decisionnelle=2.634071
info:   marge top1-top2 @ gen=659 : 3.116369 (top1=2601 top2=7764) rank_used=0 chosen=2601 marge_decisionnelle=3.116369
info:   marge top1-top2 @ gen=660 : 8.525690 (top1=532 top2=236764) rank_used=0 chosen=532 marge_decisionnelle=8.525690
info:   marge top1-top2 @ gen=661 : 12.702082 (top1=506 top2=5442) rank_used=0 chosen=506 marge_decisionnelle=12.702082
info:   marge top1-top2 @ gen=662 : 8.634575 (top1=5442 top2=5268) rank_used=0 chosen=5442 marge_decisionnelle=8.634575
info:   marge top1-top2 @ gen=663 : 5.298597 (top1=236764 top2=237028) rank_used=0 chosen=236764 marge_decisionnelle=5.298597
info:   marge top1-top2 @ gen=664 : 5.933451 (top1=532 top2=496) rank_used=0 chosen=532 marge_decisionnelle=5.933451
info:   marge top1-top2 @ gen=665 : 6.155584 (top1=611 top2=573) rank_used=0 chosen=611 marge_decisionnelle=6.155584
info:   marge top1-top2 @ gen=666 : 10.860650 (top1=659 top2=237028) rank_used=0 chosen=659 marge_decisionnelle=10.860650
info:   marge top1-top2 @ gen=667 : 7.062143 (top1=506 top2=1061) rank_used=0 chosen=506 marge_decisionnelle=7.062143
info:   marge top1-top2 @ gen=668 : 6.073828 (top1=886 top2=1589) rank_used=0 chosen=886 marge_decisionnelle=6.073828
info:   marge top1-top2 @ gen=669 : 3.770737 (top1=1015 top2=7046) rank_used=0 chosen=1015 marge_decisionnelle=3.770737
info:   marge top1-top2 @ gen=670 : 1.079275 (top1=55544 top2=9258) rank_used=0 chosen=55544 marge_decisionnelle=1.079275
info:   marge top1-top2 @ gen=671 : 0.628655 (top1=506 top2=625) rank_used=0 chosen=506 marge_decisionnelle=0.628655
info:   marge top1-top2 @ gen=672 : 4.335133 (top1=4171 top2=5192) rank_used=0 chosen=4171 marge_decisionnelle=4.335133
info:   marge top1-top2 @ gen=673 : 9.620729 (top1=236761 top2=1534) rank_used=0 chosen=236761 marge_decisionnelle=9.620729
info:   marge top1-top2 @ gen=674 : 8.181528 (top1=106 top2=236779) rank_used=0 chosen=106 marge_decisionnelle=8.181528
info:   marge top1-top2 @ gen=675 : 11.527732 (top1=106 top2=236779) rank_used=0 chosen=106 marge_decisionnelle=11.527732
info:   marge top1-top2 @ gen=676 : 11.449533 (top1=106 top2=236779) rank_used=0 chosen=106 marge_decisionnelle=11.449533
info:   marge top1-top2 @ gen=677 : 5.286345 (top1=106 top2=45518) rank_used=0 chosen=106 marge_decisionnelle=5.286345
info:   marge top1-top2 @ gen=678 : 2.478872 (top1=106 top2=45518) rank_used=0 chosen=106 marge_decisionnelle=2.478872
info:   marge top1-top2 @ gen=679 : 1.780720 (top1=45518 top2=107) rank_used=0 chosen=45518 marge_decisionnelle=1.780720
info:   marge top1-top2 @ gen=680 : 1.517872 (top1=107 top2=236813) rank_used=0 chosen=107 marge_decisionnelle=1.517872
info:   marge top1-top2 @ gen=681 : 5.980763 (top1=101 top2=1) rank_used=0 chosen=101 marge_decisionnelle=5.980763
info:   marge top1-top2 @ gen=682 : 1.441107 (top1=818 top2=106) rank_used=0 chosen=818 marge_decisionnelle=1.441107
info:   marge top1-top2 @ gen=683 : 4.772245 (top1=30992 top2=63937) rank_used=0 chosen=30992 marge_decisionnelle=4.772245
info:   marge top1-top2 @ gen=684 : 4.739794 (top1=580 top2=2246) rank_used=0 chosen=580 marge_decisionnelle=4.739794
info:   marge top1-top2 @ gen=685 : 11.903040 (top1=506 top2=1027) rank_used=0 chosen=506 marge_decisionnelle=11.903040
info:   marge top1-top2 @ gen=686 : 11.412551 (top1=53685 top2=1689) rank_used=0 chosen=53685 marge_decisionnelle=11.412551
info:   marge top1-top2 @ gen=687 : 12.176714 (top1=2246 top2=3187) rank_used=0 chosen=2246 marge_decisionnelle=12.176714
info:   marge top1-top2 @ gen=688 : 10.885853 (top1=625 top2=822) rank_used=0 chosen=625 marge_decisionnelle=10.885853
info:   marge top1-top2 @ gen=689 : 10.199797 (top1=808 top2=506) rank_used=0 chosen=808 marge_decisionnelle=10.199797
info:   marge top1-top2 @ gen=690 : 8.373821 (top1=818 top2=1437) rank_used=0 chosen=818 marge_decisionnelle=8.373821
info:   marge top1-top2 @ gen=691 : 9.542771 (top1=154649 top2=19704) rank_used=0 chosen=154649 marge_decisionnelle=9.542771
info:   marge top1-top2 @ gen=692 : 9.353498 (top1=529 top2=30237) rank_used=0 chosen=529 marge_decisionnelle=9.353498
info:   marge top1-top2 @ gen=693 : 8.916721 (top1=506 top2=4695) rank_used=0 chosen=506 marge_decisionnelle=8.916721
info:   marge top1-top2 @ gen=694 : 10.804055 (top1=4695 top2=4844) rank_used=0 chosen=4695 marge_decisionnelle=10.804055
info:   marge top1-top2 @ gen=695 : 9.033152 (top1=30237 top2=76030) rank_used=0 chosen=30237 marge_decisionnelle=9.033152
info:   marge top1-top2 @ gen=696 : 13.700723 (top1=840 top2=573) rank_used=0 chosen=840 marge_decisionnelle=13.700723
info:   marge top1-top2 @ gen=697 : 10.426785 (top1=531 top2=573) rank_used=0 chosen=531 marge_decisionnelle=10.426785
info:   marge top1-top2 @ gen=698 : 8.130703 (top1=611 top2=506) rank_used=0 chosen=611 marge_decisionnelle=8.130703
info:   marge top1-top2 @ gen=699 : 9.791714 (top1=236764 top2=237028) rank_used=0 chosen=236764 marge_decisionnelle=9.791714
info:   marge top1-top2 @ gen=700 : 4.111530 (top1=625 top2=26509) rank_used=0 chosen=625 marge_decisionnelle=4.111530
info:   marge top1-top2 @ gen=701 : 12.034162 (top1=563 top2=5181) rank_used=0 chosen=563 marge_decisionnelle=12.034162
info:   marge top1-top2 @ gen=702 : 12.381873 (top1=5181 top2=2613) rank_used=0 chosen=5181 marge_decisionnelle=12.381873
info:   marge top1-top2 @ gen=703 : 10.615345 (top1=2033 top2=5213) rank_used=0 chosen=2033 marge_decisionnelle=10.615345
info:   marge top1-top2 @ gen=704 : 10.345650 (top1=236761 top2=237028) rank_used=0 chosen=236761 marge_decisionnelle=10.345650
info:   marge top1-top2 @ gen=705 : 5.982679 (top1=108 top2=236743) rank_used=0 chosen=108 marge_decisionnelle=5.982679
info:   marge top1-top2 @ gen=706 : 11.215723 (top1=2021 top2=11069) rank_used=0 chosen=2021 marge_decisionnelle=11.215723
info:   marge top1-top2 @ gen=707 : 9.885363 (top1=506 top2=1346) rank_used=0 chosen=506 marge_decisionnelle=9.885363
info:   marge top1-top2 @ gen=708 : 8.126726 (top1=1902 top2=1884) rank_used=0 chosen=1902 marge_decisionnelle=8.126726
info:   marge top1-top2 @ gen=709 : 13.452233 (top1=236764 top2=236772) rank_used=0 chosen=236764 marge_decisionnelle=13.452233
info:   marge top1-top2 @ gen=710 : 10.599432 (top1=822 top2=625) rank_used=0 chosen=822 marge_decisionnelle=10.599432
info:   marge top1-top2 @ gen=711 : 9.916891 (top1=63937 top2=3155) rank_used=0 chosen=63937 marge_decisionnelle=9.916891
info:   marge top1-top2 @ gen=712 : 12.334771 (top1=563 top2=5724) rank_used=0 chosen=563 marge_decisionnelle=12.334771
info:   marge top1-top2 @ gen=713 : 11.865849 (top1=496 top2=614) rank_used=0 chosen=496 marge_decisionnelle=11.865849
info:   marge top1-top2 @ gen=714 : 11.726856 (top1=28442 top2=27321) rank_used=0 chosen=28442 marge_decisionnelle=11.726856
info:   marge top1-top2 @ gen=715 : 12.617893 (top1=529 top2=237028) rank_used=0 chosen=529 marge_decisionnelle=12.617893
info:   marge top1-top2 @ gen=716 : 5.220964 (top1=10810 top2=9551) rank_used=0 chosen=10810 marge_decisionnelle=5.220964
info:   marge top1-top2 @ gen=717 : 12.702799 (top1=532 top2=237028) rank_used=0 chosen=532 marge_decisionnelle=12.702799
info:   marge top1-top2 @ gen=718 : 9.070929 (top1=9551 top2=92542) rank_used=0 chosen=9551 marge_decisionnelle=9.070929
info:   marge top1-top2 @ gen=719 : 11.988009 (top1=237028 top2=236764) rank_used=0 chosen=237028 marge_decisionnelle=11.988009
info:   marge top1-top2 @ gen=720 : 12.152084 (top1=236746 top2=236776) rank_used=0 chosen=236746 marge_decisionnelle=12.152084
info:   marge top1-top2 @ gen=721 : 10.124609 (top1=108347 top2=13030) rank_used=0 chosen=108347 marge_decisionnelle=10.124609
info:   marge top1-top2 @ gen=722 : 12.111866 (top1=236764 top2=63475) rank_used=0 chosen=236764 marge_decisionnelle=12.111866
info:   marge top1-top2 @ gen=723 : 8.205875 (top1=93991 top2=7606) rank_used=0 chosen=93991 marge_decisionnelle=8.205875
info:   marge top1-top2 @ gen=724 : 11.770346 (top1=63475 top2=34397) rank_used=0 chosen=63475 marge_decisionnelle=11.770346
info:   marge top1-top2 @ gen=725 : 13.324898 (top1=529 top2=600) rank_used=0 chosen=529 marge_decisionnelle=13.324898
info:   marge top1-top2 @ gen=726 : 6.828379 (top1=45497 top2=13501) rank_used=0 chosen=45497 marge_decisionnelle=6.828379
info:   marge top1-top2 @ gen=727 : 10.582358 (top1=600 top2=8101) rank_used=0 chosen=600 marge_decisionnelle=10.582358
info:   marge top1-top2 @ gen=728 : 12.392482 (top1=11979 top2=44067) rank_used=0 chosen=11979 marge_decisionnelle=12.392482
info:   marge top1-top2 @ gen=729 : 8.624726 (top1=201218 top2=258883) rank_used=0 chosen=201218 marge_decisionnelle=8.861580
info:   marge top1-top2 @ gen=730 : 11.563160 (top1=2342 top2=258883) rank_used=0 chosen=2342 marge_decisionnelle=13.362220
info:   marge top1-top2 @ gen=731 : 13.108331 (top1=506 top2=1061) rank_used=0 chosen=506 marge_decisionnelle=13.108331
info:   marge top1-top2 @ gen=732 : 9.642990 (top1=168714 top2=162542) rank_used=0 chosen=168714 marge_decisionnelle=9.642990
info:   marge top1-top2 @ gen=733 : 8.770808 (top1=13501 top2=12819) rank_used=0 chosen=13501 marge_decisionnelle=8.770808
info:   marge top1-top2 @ gen=734 : 12.931429 (top1=529 top2=236770) rank_used=0 chosen=529 marge_decisionnelle=12.931429
info:   ... step 768 (734 générés)
info:   marge top1-top2 @ gen=735 : 11.474390 (top1=506 top2=1061) rank_used=0 chosen=506 marge_decisionnelle=11.474390
info:   marge top1-top2 @ gen=736 : 6.729427 (top1=21065 top2=4695) rank_used=0 chosen=21065 marge_decisionnelle=6.729427
info:   marge top1-top2 @ gen=737 : 12.060888 (top1=236761 top2=236779) rank_used=0 chosen=236761 marge_decisionnelle=12.060888
info:   marge top1-top2 @ gen=738 : 8.510742 (top1=2024 top2=840) rank_used=0 chosen=2024 marge_decisionnelle=8.510742
info:   marge top1-top2 @ gen=739 : 10.551487 (top1=531 top2=611) rank_used=0 chosen=531 marge_decisionnelle=10.551487
info:   marge top1-top2 @ gen=740 : 10.058329 (top1=611 top2=26509) rank_used=0 chosen=611 marge_decisionnelle=10.058329
info:   marge top1-top2 @ gen=741 : 11.735205 (top1=236764 top2=237028) rank_used=0 chosen=236764 marge_decisionnelle=11.735205
info:   marge top1-top2 @ gen=742 : 5.692226 (top1=26509 top2=625) rank_used=0 chosen=26509 marge_decisionnelle=5.692226
info:   marge top1-top2 @ gen=743 : 10.337919 (top1=1641 top2=116550) rank_used=0 chosen=1641 marge_decisionnelle=10.337919
info:   marge top1-top2 @ gen=744 : 9.906200 (top1=7867 top2=8111) rank_used=0 chosen=7867 marge_decisionnelle=9.906200
info:   marge top1-top2 @ gen=745 : 12.586982 (top1=236764 top2=236772) rank_used=0 chosen=236764 marge_decisionnelle=12.586982
info:   marge top1-top2 @ gen=746 : 13.677581 (top1=625 top2=506) rank_used=0 chosen=625 marge_decisionnelle=13.677581
info:   marge top1-top2 @ gen=747 : 10.929169 (top1=563 top2=11906) rank_used=0 chosen=563 marge_decisionnelle=10.929169
info:   marge top1-top2 @ gen=748 : 13.247480 (top1=496 top2=2613) rank_used=0 chosen=496 marge_decisionnelle=13.247480
info:   marge top1-top2 @ gen=749 : 11.120732 (top1=4882 top2=25638) rank_used=0 chosen=4882 marge_decisionnelle=11.120732
info:   marge top1-top2 @ gen=750 : 12.706960 (top1=3210 top2=13186) rank_used=0 chosen=3210 marge_decisionnelle=12.706960
info:   marge top1-top2 @ gen=751 : 10.803072 (top1=236761 top2=236793) rank_used=0 chosen=236761 marge_decisionnelle=10.803072
info:   marge top1-top2 @ gen=752 : 11.949431 (top1=1030 top2=9053) rank_used=0 chosen=1030 marge_decisionnelle=11.949431
info:   marge top1-top2 @ gen=753 : 8.898293 (top1=186300 top2=258883) rank_used=0 chosen=186300 marge_decisionnelle=10.987980
info:   marge top1-top2 @ gen=754 : 15.313475 (top1=607 top2=528) rank_used=0 chosen=607 marge_decisionnelle=15.313475
info:   marge top1-top2 @ gen=755 : 13.436805 (top1=506 top2=1061) rank_used=0 chosen=506 marge_decisionnelle=13.436805
info:   marge top1-top2 @ gen=756 : 11.689521 (top1=38268 top2=146349) rank_used=0 chosen=38268 marge_decisionnelle=11.689521
info:   marge top1-top2 @ gen=757 : 10.901449 (top1=236764 top2=236793) rank_used=0 chosen=236764 marge_decisionnelle=10.901449
info:   marge top1-top2 @ gen=758 : 7.479969 (top1=56794 top2=258883) rank_used=0 chosen=56794 marge_decisionnelle=9.713712
info:   marge top1-top2 @ gen=759 : 7.959677 (top1=3051 top2=5445) rank_used=0 chosen=3051 marge_decisionnelle=7.959677
info:   marge top1-top2 @ gen=760 : 13.350882 (top1=506 top2=496) rank_used=0 chosen=506 marge_decisionnelle=13.350882
info:   marge top1-top2 @ gen=761 : 11.172503 (top1=38115 top2=7274) rank_used=0 chosen=38115 marge_decisionnelle=11.172503
info:   marge top1-top2 @ gen=762 : 14.571244 (top1=529 top2=1340) rank_used=0 chosen=529 marge_decisionnelle=14.571244
info:   marge top1-top2 @ gen=763 : 8.268045 (top1=92542 top2=9551) rank_used=0 chosen=92542 marge_decisionnelle=8.268045
info:   marge top1-top2 @ gen=764 : 9.343748 (top1=532 top2=236764) rank_used=0 chosen=532 marge_decisionnelle=9.343748
info:   marge top1-top2 @ gen=765 : 4.322037 (top1=2255 top2=4446) rank_used=0 chosen=2255 marge_decisionnelle=4.322037
info:   marge top1-top2 @ gen=766 : 9.246473 (top1=4446 top2=15123) rank_used=0 chosen=4446 marge_decisionnelle=9.246473
info:   marge top1-top2 @ gen=767 : 14.573774 (top1=236764 top2=236793) rank_used=0 chosen=236764 marge_decisionnelle=14.573774
info:   marge top1-top2 @ gen=768 : 11.688587 (top1=532 top2=624) rank_used=0 chosen=532 marge_decisionnelle=11.688587
info:   marge top1-top2 @ gen=769 : 8.941656 (top1=2346 top2=258883) rank_used=0 chosen=2346 marge_decisionnelle=11.342809
info:   marge top1-top2 @ gen=770 : 9.224789 (top1=236751 top2=1992) rank_used=0 chosen=236751 marge_decisionnelle=9.224789
info:   marge top1-top2 @ gen=771 : 13.954262 (top1=607 top2=7907) rank_used=0 chosen=607 marge_decisionnelle=13.954262
info:   marge top1-top2 @ gen=772 : 12.157405 (top1=496 top2=614) rank_used=0 chosen=496 marge_decisionnelle=12.157405
info:   marge top1-top2 @ gen=773 : 10.587088 (top1=2708 top2=4512) rank_used=0 chosen=2708 marge_decisionnelle=10.587088
info:   marge top1-top2 @ gen=774 : 11.122044 (top1=236764 top2=236772) rank_used=0 chosen=236764 marge_decisionnelle=11.122044
info:   marge top1-top2 @ gen=775 : 13.483669 (top1=4512 top2=81964) rank_used=0 chosen=4512 marge_decisionnelle=13.483669
info:   marge top1-top2 @ gen=776 : 13.634015 (top1=31383 top2=25828) rank_used=0 chosen=31383 marge_decisionnelle=13.634015
info:   marge top1-top2 @ gen=777 : 9.748547 (top1=600 top2=258883) rank_used=0 chosen=600 marge_decisionnelle=11.553535
info:   marge top1-top2 @ gen=778 : 8.417434 (top1=119636 top2=80092) rank_used=0 chosen=119636 marge_decisionnelle=8.417434
info:   marge top1-top2 @ gen=779 : 13.427547 (top1=528 top2=1343) rank_used=0 chosen=528 marge_decisionnelle=13.427547
info:   marge top1-top2 @ gen=780 : 9.056622 (top1=506 top2=822) rank_used=0 chosen=506 marge_decisionnelle=9.056622
info:   marge top1-top2 @ gen=781 : 9.552511 (top1=106350 top2=1401) rank_used=0 chosen=106350 marge_decisionnelle=9.552511
info:   marge top1-top2 @ gen=782 : 14.332623 (top1=529 top2=1340) rank_used=0 chosen=529 marge_decisionnelle=14.332623
info:   marge top1-top2 @ gen=783 : 10.356864 (top1=822 top2=6172) rank_used=0 chosen=822 marge_decisionnelle=10.356864
info:   marge top1-top2 @ gen=784 : 11.279999 (top1=6172 top2=22648) rank_used=0 chosen=6172 marge_decisionnelle=11.279999
info:   marge top1-top2 @ gen=785 : 10.801287 (top1=236761 top2=618) rank_used=0 chosen=236761 marge_decisionnelle=10.801287
info:   marge top1-top2 @ gen=786 : 8.263926 (top1=108 top2=236743) rank_used=0 chosen=108 marge_decisionnelle=8.263926
info:   marge top1-top2 @ gen=787 : 11.065012 (top1=11069 top2=818) rank_used=0 chosen=11069 marge_decisionnelle=11.065012
info:   marge top1-top2 @ gen=788 : 11.394331 (top1=2033 top2=3155) rank_used=0 chosen=2033 marge_decisionnelle=11.394331
info:   marge top1-top2 @ gen=789 : 11.672772 (top1=12502 top2=93395) rank_used=0 chosen=12502 marge_decisionnelle=11.672772
info:   marge top1-top2 @ gen=790 : 12.953884 (top1=657 top2=532) rank_used=0 chosen=657 marge_decisionnelle=12.953884
info:   marge top1-top2 @ gen=791 : 9.597326 (top1=506 top2=1061) rank_used=0 chosen=506 marge_decisionnelle=9.597326
info:   marge top1-top2 @ gen=792 : 13.339894 (top1=3225 top2=5521) rank_used=0 chosen=3225 marge_decisionnelle=13.339894
info:   marge top1-top2 @ gen=793 : 10.517328 (top1=236764 top2=236761) rank_used=0 chosen=236764 marge_decisionnelle=10.517328
info:   marge top1-top2 @ gen=794 : 14.330461 (top1=1298 top2=75829) rank_used=0 chosen=1298 marge_decisionnelle=14.330461
info:   marge top1-top2 @ gen=795 : 10.524706 (top1=506 top2=11707) rank_used=0 chosen=506 marge_decisionnelle=10.524706
info:   marge top1-top2 @ gen=796 : 12.051862 (top1=11707 top2=12461) rank_used=0 chosen=11707 marge_decisionnelle=12.051862
info:   marge top1-top2 @ gen=797 : 13.231720 (top1=15161 top2=722) rank_used=0 chosen=15161 marge_decisionnelle=13.231720
info:   marge top1-top2 @ gen=798 : 12.378896 (top1=506 top2=1061) rank_used=0 chosen=506 marge_decisionnelle=12.378896
info:   marge top1-top2 @ gen=799 : 11.527599 (top1=13916 top2=200724) rank_used=0 chosen=13916 marge_decisionnelle=11.527599
info:   marge top1-top2 @ gen=800 : 13.450316 (top1=607 top2=1133) rank_used=0 chosen=607 marge_decisionnelle=13.450316
info:   marge top1-top2 @ gen=801 : 12.361089 (top1=506 top2=1061) rank_used=0 chosen=506 marge_decisionnelle=12.361089
info:   marge top1-top2 @ gen=802 : 12.077967 (top1=4912 top2=49647) rank_used=0 chosen=4912 marge_decisionnelle=12.077967
info:   marge top1-top2 @ gen=803 : 15.287113 (top1=529 top2=1340) rank_used=0 chosen=529 marge_decisionnelle=15.287113
info:   marge top1-top2 @ gen=804 : 12.630394 (top1=496 top2=32831) rank_used=0 chosen=496 marge_decisionnelle=12.630394
info:   marge top1-top2 @ gen=805 : 11.285526 (top1=32831 top2=50235) rank_used=0 chosen=32831 marge_decisionnelle=11.285526
info:   marge top1-top2 @ gen=806 : 14.256506 (top1=236761 top2=236764) rank_used=0 chosen=236761 marge_decisionnelle=14.256506
info:   marge top1-top2 @ gen=807 : 9.076555 (top1=5715 top2=1590) rank_used=0 chosen=5715 marge_decisionnelle=9.076555
info:   marge top1-top2 @ gen=808 : 15.008068 (top1=236764 top2=236761) rank_used=0 chosen=236764 marge_decisionnelle=15.008068
info:   marge top1-top2 @ gen=809 : 11.401663 (top1=506 top2=1027) rank_used=0 chosen=506 marge_decisionnelle=11.401663
info:   marge top1-top2 @ gen=810 : 13.453573 (top1=2634 top2=9551) rank_used=0 chosen=2634 marge_decisionnelle=13.453573
info:   marge top1-top2 @ gen=811 : 13.830591 (top1=563 top2=820) rank_used=0 chosen=563 marge_decisionnelle=13.830591
info:   marge top1-top2 @ gen=812 : 10.209947 (top1=7497 top2=59422) rank_used=0 chosen=7497 marge_decisionnelle=10.209947
info:   marge top1-top2 @ gen=813 : 12.106005 (top1=3487 top2=89881) rank_used=0 chosen=3487 marge_decisionnelle=12.106005
info:   marge top1-top2 @ gen=814 : 12.270968 (top1=531 top2=4180) rank_used=0 chosen=531 marge_decisionnelle=12.270968
info:   marge top1-top2 @ gen=815 : 11.017461 (top1=11613 top2=244564) rank_used=0 chosen=11613 marge_decisionnelle=11.017461
info:   marge top1-top2 @ gen=816 : 10.550646 (top1=236764 top2=236761) rank_used=0 chosen=236764 marge_decisionnelle=10.550646
info:   marge top1-top2 @ gen=817 : 13.116133 (top1=7274 top2=258883) rank_used=0 chosen=7274 marge_decisionnelle=13.937370
info:   marge top1-top2 @ gen=818 : 13.353806 (top1=607 top2=237658) rank_used=0 chosen=607 marge_decisionnelle=13.353806
info:   marge top1-top2 @ gen=819 : 9.565397 (top1=506 top2=28381) rank_used=0 chosen=506 marge_decisionnelle=9.565397
info:   marge top1-top2 @ gen=820 : 11.152548 (top1=28381 top2=17813) rank_used=0 chosen=28381 marge_decisionnelle=11.152548
info:   marge top1-top2 @ gen=821 : 12.823909 (top1=529 top2=532) rank_used=0 chosen=529 marge_decisionnelle=12.823909
info:   marge top1-top2 @ gen=822 : 12.571230 (top1=506 top2=1061) rank_used=0 chosen=506 marge_decisionnelle=12.571230
info:   marge top1-top2 @ gen=823 : 10.503070 (top1=5268 top2=5442) rank_used=0 chosen=5268 marge_decisionnelle=10.503070
info:   marge top1-top2 @ gen=824 : 9.421907 (top1=236761 top2=532) rank_used=0 chosen=236761 marge_decisionnelle=9.421907
info:   marge top1-top2 @ gen=825 : 8.915144 (top1=1599 top2=669) rank_used=0 chosen=1599 marge_decisionnelle=8.915144
info:   marge top1-top2 @ gen=826 : 12.781785 (top1=1281 top2=735) rank_used=0 chosen=1281 marge_decisionnelle=12.781785
info:   marge top1-top2 @ gen=827 : 13.458970 (top1=1418 top2=52315) rank_used=0 chosen=1418 marge_decisionnelle=13.458970
info:   marge top1-top2 @ gen=828 : 11.843682 (top1=11890 top2=45027) rank_used=0 chosen=11890 marge_decisionnelle=11.843682
info:   marge top1-top2 @ gen=829 : 13.900189 (top1=528 top2=532) rank_used=0 chosen=528 marge_decisionnelle=13.900189
info:   marge top1-top2 @ gen=830 : 10.943278 (top1=1239 top2=506) rank_used=0 chosen=1239 marge_decisionnelle=10.943278
info:   marge top1-top2 @ gen=831 : 11.145654 (top1=11595 top2=10810) rank_used=0 chosen=11595 marge_decisionnelle=11.145654
info:   marge top1-top2 @ gen=832 : 11.483225 (top1=236793 top2=236787) rank_used=0 chosen=236793 marge_decisionnelle=11.483225
info:   marge top1-top2 @ gen=833 : 14.142283 (top1=611 top2=1599) rank_used=0 chosen=611 marge_decisionnelle=14.142283
info:   marge top1-top2 @ gen=834 : 13.350458 (top1=1281 top2=14103) rank_used=0 chosen=1281 marge_decisionnelle=13.350458
info:   marge top1-top2 @ gen=835 : 11.749057 (top1=837 top2=11073) rank_used=0 chosen=837 marge_decisionnelle=11.749057
info:   marge top1-top2 @ gen=836 : 9.366935 (top1=2918 top2=10810) rank_used=0 chosen=2918 marge_decisionnelle=9.366935
info:   marge top1-top2 @ gen=837 : 11.555895 (top1=8337 top2=580) rank_used=0 chosen=8337 marge_decisionnelle=11.555895
info:   marge top1-top2 @ gen=838 : 11.436087 (top1=743 top2=5896) rank_used=0 chosen=743 marge_decisionnelle=11.436087
info:   marge top1-top2 @ gen=839 : 10.133546 (top1=1208 top2=6006) rank_used=0 chosen=1208 marge_decisionnelle=10.133546
info:   marge top1-top2 @ gen=840 : 13.888237 (top1=822 top2=3825) rank_used=0 chosen=822 marge_decisionnelle=13.888237
info:   marge top1-top2 @ gen=841 : 11.568252 (top1=3825 top2=6172) rank_used=0 chosen=3825 marge_decisionnelle=11.568252
info:   marge top1-top2 @ gen=842 : 13.209347 (top1=532 top2=236764) rank_used=0 chosen=532 marge_decisionnelle=13.209347
info:   marge top1-top2 @ gen=843 : 11.490690 (top1=837 top2=11073) rank_used=0 chosen=837 marge_decisionnelle=11.490690
info:   marge top1-top2 @ gen=844 : 10.687943 (top1=886 top2=5906) rank_used=0 chosen=886 marge_decisionnelle=10.687943
info:   marge top1-top2 @ gen=845 : 10.069271 (top1=7474 top2=4595) rank_used=0 chosen=7474 marge_decisionnelle=10.069271
info:   marge top1-top2 @ gen=846 : 12.515664 (top1=24782 top2=25872) rank_used=0 chosen=24782 marge_decisionnelle=12.515664
info:   marge top1-top2 @ gen=847 : 9.412397 (top1=236764 top2=236761) rank_used=0 chosen=236764 marge_decisionnelle=9.412397
info:   marge top1-top2 @ gen=848 : 13.474046 (top1=7046 top2=618) rank_used=0 chosen=7046 marge_decisionnelle=13.474046
info:   marge top1-top2 @ gen=849 : 11.585772 (top1=1061 top2=914) rank_used=0 chosen=1061 marge_decisionnelle=11.585772
info:   marge top1-top2 @ gen=850 : 13.357020 (top1=11762 top2=16078) rank_used=0 chosen=11762 marge_decisionnelle=13.357020
info:   marge top1-top2 @ gen=851 : 8.193996 (top1=236761 top2=528) rank_used=0 chosen=236761 marge_decisionnelle=8.193996
info:   marge top1-top2 @ gen=852 : 4.450131 (top1=108 top2=236743) rank_used=0 chosen=108 marge_decisionnelle=4.450131
info:   marge top1-top2 @ gen=853 : 13.405509 (top1=2205 top2=527) rank_used=0 chosen=2205 marge_decisionnelle=13.405509
info:   marge top1-top2 @ gen=854 : 13.917604 (top1=611 top2=506) rank_used=0 chosen=611 marge_decisionnelle=13.917604
info:   marge top1-top2 @ gen=855 : 9.135862 (top1=17085 top2=74942) rank_used=0 chosen=17085 marge_decisionnelle=9.135862
info:   marge top1-top2 @ gen=856 : 5.275208 (top1=236764 top2=506) rank_used=0 chosen=236764 marge_decisionnelle=5.275208
info:   marge top1-top2 @ gen=857 : 13.965840 (top1=506 top2=1061) rank_used=0 chosen=506 marge_decisionnelle=13.965840
info:   marge top1-top2 @ gen=858 : 11.503068 (top1=1902 top2=11661) rank_used=0 chosen=1902 marge_decisionnelle=11.503068
info:   marge top1-top2 @ gen=859 : 9.789844 (top1=3731 top2=12502) rank_used=0 chosen=3731 marge_decisionnelle=9.789844
info:   marge top1-top2 @ gen=860 : 14.458080 (top1=236761 top2=1570) rank_used=0 chosen=236761 marge_decisionnelle=14.458080
info:   marge top1-top2 @ gen=861 : 12.465842 (top1=669 top2=4455) rank_used=0 chosen=669 marge_decisionnelle=12.465842
info:   marge top1-top2 @ gen=862 : 12.789264 (top1=96887 top2=59681) rank_used=0 chosen=96887 marge_decisionnelle=12.789264
info:   marge top1-top2 @ gen=863 : 13.885897 (top1=529 top2=5042) rank_used=0 chosen=529 marge_decisionnelle=13.885897
info:   marge top1-top2 @ gen=864 : 12.341274 (top1=506 top2=1027) rank_used=0 chosen=506 marge_decisionnelle=12.341274
info:   marge top1-top2 @ gen=865 : 8.318302 (top1=12461 top2=151186) rank_used=0 chosen=12461 marge_decisionnelle=8.318302
info:   marge top1-top2 @ gen=866 : 10.909105 (top1=12502 top2=3654) rank_used=0 chosen=12502 marge_decisionnelle=10.909105
info:   marge top1-top2 @ gen=867 : 14.362585 (top1=531 top2=573) rank_used=0 chosen=531 marge_decisionnelle=14.362585
info:   marge top1-top2 @ gen=868 : 10.703857 (top1=520 top2=739) rank_used=0 chosen=520 marge_decisionnelle=10.703857
info:   marge top1-top2 @ gen=869 : 6.795937 (top1=21702 top2=58841) rank_used=0 chosen=21702 marge_decisionnelle=6.795937
info:   marge top1-top2 @ gen=870 : 13.882292 (top1=236764 top2=236761) rank_used=0 chosen=236764 marge_decisionnelle=13.882292
info:   marge top1-top2 @ gen=871 : 9.993452 (top1=12043 top2=258883) rank_used=0 chosen=12043 marge_decisionnelle=12.346014
info:   marge top1-top2 @ gen=872 : 14.096689 (top1=684 top2=2003) rank_used=0 chosen=684 marge_decisionnelle=14.096689
info:   marge top1-top2 @ gen=873 : 12.580567 (top1=506 top2=1437) rank_used=0 chosen=506 marge_decisionnelle=12.580567
info:   marge top1-top2 @ gen=874 : 10.539455 (top1=81964 top2=3218) rank_used=0 chosen=81964 marge_decisionnelle=10.539455
info:   marge top1-top2 @ gen=875 : 11.696673 (top1=808 top2=14083) rank_used=0 chosen=808 marge_decisionnelle=11.696673
info:   marge top1-top2 @ gen=876 : 11.562531 (top1=594 top2=237265) rank_used=0 chosen=594 marge_decisionnelle=11.562531
info:   marge top1-top2 @ gen=877 : 7.774123 (top1=5997 top2=597) rank_used=0 chosen=5997 marge_decisionnelle=7.774123
info:   marge top1-top2 @ gen=878 : 11.119593 (top1=236772 top2=236779) rank_used=0 chosen=236772 marge_decisionnelle=11.119593
info:   marge top1-top2 @ gen=879 : 11.487286 (top1=236754 top2=594) rank_used=0 chosen=236754 marge_decisionnelle=11.487286
info:   marge top1-top2 @ gen=880 : 8.383633 (top1=1084 top2=1044) rank_used=0 chosen=1084 marge_decisionnelle=8.383633
info:   marge top1-top2 @ gen=881 : 14.638604 (top1=236829 top2=236929) rank_used=0 chosen=236829 marge_decisionnelle=14.638604
info:   marge top1-top2 @ gen=882 : 14.284349 (top1=529 top2=236744) rank_used=0 chosen=529 marge_decisionnelle=14.284349
info:   marge top1-top2 @ gen=883 : 9.979410 (top1=506 top2=26644) rank_used=0 chosen=506 marge_decisionnelle=9.979410
info:   marge top1-top2 @ gen=884 : 4.819067 (top1=26644 top2=21096) rank_used=0 chosen=26644 marge_decisionnelle=4.819067
info:   marge top1-top2 @ gen=885 : 6.692289 (top1=21096 top2=10241) rank_used=0 chosen=21096 marge_decisionnelle=6.692289
info:   marge top1-top2 @ gen=886 : 11.402506 (top1=236761 top2=58695) rank_used=0 chosen=236761 marge_decisionnelle=11.402506
info:   marge top1-top2 @ gen=887 : 13.004093 (top1=1174 top2=5715) rank_used=0 chosen=1174 marge_decisionnelle=13.004093
info:   marge top1-top2 @ gen=888 : 13.098457 (top1=563 top2=820) rank_used=0 chosen=563 marge_decisionnelle=13.098457
info:   marge top1-top2 @ gen=889 : 13.511400 (top1=506 top2=1061) rank_used=0 chosen=506 marge_decisionnelle=13.511400
info:   marge top1-top2 @ gen=890 : 9.645285 (top1=3710 top2=3155) rank_used=0 chosen=3710 marge_decisionnelle=9.645285
info:   marge top1-top2 @ gen=891 : 12.106761 (top1=529 top2=3155) rank_used=0 chosen=529 marge_decisionnelle=12.106761
info:   marge top1-top2 @ gen=892 : 11.484459 (top1=506 top2=822) rank_used=0 chosen=506 marge_decisionnelle=11.484459
info:   marge top1-top2 @ gen=893 : 11.769531 (top1=3155 top2=63937) rank_used=0 chosen=3155 marge_decisionnelle=11.769531
info:   marge top1-top2 @ gen=894 : 8.770111 (top1=236761 top2=237028) rank_used=0 chosen=236761 marge_decisionnelle=8.770111
info:   marge top1-top2 @ gen=895 : 11.797871 (top1=669 top2=4455) rank_used=0 chosen=669 marge_decisionnelle=11.797871
info:   marge top1-top2 @ gen=896 : 11.189030 (top1=1822 top2=36713) rank_used=0 chosen=1822 marge_decisionnelle=11.189030
info:   marge top1-top2 @ gen=897 : 10.445541 (top1=14970 top2=41865) rank_used=0 chosen=14970 marge_decisionnelle=10.445541
info:   marge top1-top2 @ gen=898 : 10.327044 (top1=237028 top2=23378) rank_used=0 chosen=237028 marge_decisionnelle=10.327044
info:   marge top1-top2 @ gen=899 : 12.430638 (top1=236746 top2=236776) rank_used=0 chosen=236746 marge_decisionnelle=12.430638
info:   marge top1-top2 @ gen=900 : 10.291487 (top1=65972 top2=7588) rank_used=0 chosen=65972 marge_decisionnelle=10.291487
info:   marge top1-top2 @ gen=901 : 15.392428 (top1=529 top2=1340) rank_used=0 chosen=529 marge_decisionnelle=15.392428
info:   marge top1-top2 @ gen=902 : 7.391939 (top1=4896 top2=3463) rank_used=0 chosen=4896 marge_decisionnelle=7.391939
info:   marge top1-top2 @ gen=903 : 12.277341 (top1=532 top2=236764) rank_used=0 chosen=532 marge_decisionnelle=12.277341
info:   marge top1-top2 @ gen=904 : 8.957130 (top1=28575 top2=39372) rank_used=0 chosen=28575 marge_decisionnelle=8.957130
info:   marge top1-top2 @ gen=905 : 10.166813 (top1=237028 top2=236779) rank_used=0 chosen=237028 marge_decisionnelle=10.166813
info:   marge top1-top2 @ gen=906 : 10.460151 (top1=236751 top2=511) rank_used=0 chosen=236751 marge_decisionnelle=10.460151
info:   marge top1-top2 @ gen=907 : 10.370144 (top1=1258 top2=1954) rank_used=0 chosen=1258 marge_decisionnelle=10.370144
info:   marge top1-top2 @ gen=908 : 14.636421 (top1=528 top2=3170) rank_used=0 chosen=528 marge_decisionnelle=14.636421
info:   marge top1-top2 @ gen=909 : 12.497699 (top1=1061 top2=914) rank_used=0 chosen=1061 marge_decisionnelle=12.497699
info:   marge top1-top2 @ gen=910 : 8.381010 (top1=11132 top2=3155) rank_used=0 chosen=11132 marge_decisionnelle=8.381010
info:   marge top1-top2 @ gen=911 : 11.907066 (top1=1133 top2=258883) rank_used=0 chosen=1133 marge_decisionnelle=13.412473
info:   marge top1-top2 @ gen=912 : 11.748106 (top1=496 top2=236746) rank_used=0 chosen=496 marge_decisionnelle=11.748106
info:   marge top1-top2 @ gen=913 : 9.385421 (top1=20537 top2=31432) rank_used=0 chosen=20537 marge_decisionnelle=9.385421
info:   marge top1-top2 @ gen=914 : 11.120082 (top1=16784 top2=64350) rank_used=0 chosen=16784 marge_decisionnelle=11.120082
info:   marge top1-top2 @ gen=915 : 13.613993 (top1=236761 top2=7068) rank_used=0 chosen=236761 marge_decisionnelle=13.613993
info:   marge top1-top2 @ gen=916 : 11.141708 (top1=3026 top2=62685) rank_used=0 chosen=3026 marge_decisionnelle=11.141708
info:   marge top1-top2 @ gen=917 : 8.478680 (top1=611 top2=625) rank_used=0 chosen=611 marge_decisionnelle=8.478680
info:   marge top1-top2 @ gen=918 : 6.602278 (top1=2214 top2=125805) rank_used=0 chosen=2214 marge_decisionnelle=6.602278
info:   marge top1-top2 @ gen=919 : 11.296364 (top1=625 top2=1061) rank_used=0 chosen=625 marge_decisionnelle=11.296364
info:   marge top1-top2 @ gen=920 : 11.356884 (top1=236764 top2=568) rank_used=0 chosen=236764 marge_decisionnelle=11.356884
info:   marge top1-top2 @ gen=921 : 12.454628 (top1=506 top2=625) rank_used=0 chosen=506 marge_decisionnelle=12.454628
info:   marge top1-top2 @ gen=922 : 13.018138 (top1=2978 top2=13343) rank_used=0 chosen=2978 marge_decisionnelle=13.018138
info:   marge top1-top2 @ gen=923 : 11.233464 (top1=36803 top2=161775) rank_used=0 chosen=36803 marge_decisionnelle=11.233464
info:   marge top1-top2 @ gen=924 : 10.422281 (top1=236761 top2=236793) rank_used=0 chosen=236761 marge_decisionnelle=10.422281
info:   marge top1-top2 @ gen=925 : 11.485378 (top1=669 top2=138) rank_used=0 chosen=669 marge_decisionnelle=11.485378
info:   marge top1-top2 @ gen=926 : 9.419573 (top1=2214 top2=13343) rank_used=0 chosen=2214 marge_decisionnelle=9.419573
info:   marge top1-top2 @ gen=927 : 12.032513 (top1=4038 top2=236770) rank_used=0 chosen=4038 marge_decisionnelle=12.032513
info:   marge top1-top2 @ gen=928 : 7.558912 (top1=236789 top2=236858) rank_used=0 chosen=236789 marge_decisionnelle=7.558912
info:   marge top1-top2 @ gen=929 : 13.596767 (top1=236745 top2=22614) rank_used=0 chosen=236745 marge_decisionnelle=13.596767
info:   marge top1-top2 @ gen=930 : 12.527388 (top1=1164 top2=5393) rank_used=0 chosen=1164 marge_decisionnelle=12.527388
info:   marge top1-top2 @ gen=931 : 10.117716 (top1=29369 top2=623) rank_used=0 chosen=29369 marge_decisionnelle=10.117716
info:   marge top1-top2 @ gen=932 : 12.492115 (top1=236793 top2=236787) rank_used=0 chosen=236793 marge_decisionnelle=12.492115
info:   marge top1-top2 @ gen=933 : 12.986230 (top1=625 top2=1030) rank_used=0 chosen=625 marge_decisionnelle=12.986230
info:   marge top1-top2 @ gen=934 : 6.408081 (top1=1295 top2=808) rank_used=0 chosen=1295 marge_decisionnelle=6.408081
info:   marge top1-top2 @ gen=935 : 11.262601 (top1=2061 top2=258882) rank_used=0 chosen=2061 marge_decisionnelle=11.924891
info:   marge top1-top2 @ gen=936 : 12.788954 (top1=506 top2=236761) rank_used=0 chosen=506 marge_decisionnelle=12.788954
info:   marge top1-top2 @ gen=937 : 10.593206 (top1=29151 top2=258883) rank_used=0 chosen=29151 marge_decisionnelle=11.493532
info:   marge top1-top2 @ gen=938 : 11.729096 (top1=1131 top2=15040) rank_used=0 chosen=1131 marge_decisionnelle=11.729096
info:   marge top1-top2 @ gen=939 : 11.267604 (top1=15965 top2=6230) rank_used=0 chosen=15965 marge_decisionnelle=11.267604
info:   marge top1-top2 @ gen=940 : 7.953997 (top1=236761 top2=236764) rank_used=0 chosen=236761 marge_decisionnelle=7.953997
info:   marge top1-top2 @ gen=941 : 11.317509 (top1=1030 top2=9053) rank_used=0 chosen=1030 marge_decisionnelle=11.317509
info:   marge top1-top2 @ gen=942 : 12.888284 (top1=11747 top2=133604) rank_used=0 chosen=11747 marge_decisionnelle=12.888284
info:   marge top1-top2 @ gen=943 : 13.693640 (top1=506 top2=1027) rank_used=0 chosen=506 marge_decisionnelle=13.693640
info:   marge top1-top2 @ gen=944 : 10.657496 (top1=116575 top2=46639) rank_used=0 chosen=116575 marge_decisionnelle=10.657496
info:   marge top1-top2 @ gen=945 : 11.127872 (top1=20389 top2=517) rank_used=0 chosen=20389 marge_decisionnelle=11.127872
info:   marge top1-top2 @ gen=946 : 12.997378 (top1=1131 top2=15040) rank_used=0 chosen=1131 marge_decisionnelle=12.997378
info:   marge top1-top2 @ gen=947 : 11.840035 (top1=496 top2=236746) rank_used=0 chosen=496 marge_decisionnelle=11.840035
info:   marge top1-top2 @ gen=948 : 9.480933 (top1=204456 top2=91608) rank_used=0 chosen=204456 marge_decisionnelle=9.480933
info:   marge top1-top2 @ gen=949 : 13.055864 (top1=6426 top2=2173) rank_used=0 chosen=6426 marge_decisionnelle=13.055864
info:   marge top1-top2 @ gen=950 : 11.041235 (top1=532 top2=236761) rank_used=0 chosen=532 marge_decisionnelle=11.041235
info:   marge top1-top2 @ gen=951 : 11.576041 (top1=3590 top2=24844) rank_used=0 chosen=3590 marge_decisionnelle=11.576041
info:   marge top1-top2 @ gen=952 : 13.523789 (top1=506 top2=1027) rank_used=0 chosen=506 marge_decisionnelle=13.523789
info:   marge top1-top2 @ gen=953 : 11.788543 (top1=2173 top2=7986) rank_used=0 chosen=2173 marge_decisionnelle=11.788543
info:   marge top1-top2 @ gen=954 : 8.786379 (top1=74567 top2=5565) rank_used=0 chosen=74567 marge_decisionnelle=8.786379
info:   marge top1-top2 @ gen=955 : 14.143749 (top1=580 top2=529) rank_used=0 chosen=580 marge_decisionnelle=14.143749
info:   marge top1-top2 @ gen=956 : 9.671127 (top1=506 top2=11707) rank_used=0 chosen=506 marge_decisionnelle=9.671127
info:   marge top1-top2 @ gen=957 : 6.164593 (top1=11707 top2=1813) rank_used=0 chosen=11707 marge_decisionnelle=6.164593
info:   marge top1-top2 @ gen=958 : 12.227203 (top1=1385 top2=5724) rank_used=0 chosen=1385 marge_decisionnelle=12.227203
info:   marge top1-top2 @ gen=959 : 11.624105 (top1=1133 top2=258883) rank_used=0 chosen=1133 marge_decisionnelle=13.486268
info:   marge top1-top2 @ gen=960 : 9.354216 (top1=143087 top2=71463) rank_used=0 chosen=143087 marge_decisionnelle=9.354216
info:   marge top1-top2 @ gen=961 : 10.268081 (top1=14631 top2=32883) rank_used=0 chosen=14631 marge_decisionnelle=10.268081
info:   marge top1-top2 @ gen=962 : 10.408838 (top1=236761 top2=529) rank_used=0 chosen=236761 marge_decisionnelle=10.408838
info:   marge top1-top2 @ gen=963 : 8.605186 (top1=108 top2=236743) rank_used=0 chosen=108 marge_decisionnelle=8.605186
info:   marge top1-top2 @ gen=964 : 13.645573 (top1=11069 top2=818) rank_used=0 chosen=11069 marge_decisionnelle=13.645573
info:   marge top1-top2 @ gen=965 : 9.602633 (top1=4882 top2=3577) rank_used=0 chosen=4882 marge_decisionnelle=9.602633
info:   marge top1-top2 @ gen=966 : 10.313192 (top1=30451 top2=20770) rank_used=0 chosen=30451 marge_decisionnelle=10.313192
info:   marge top1-top2 @ gen=967 : 12.393781 (top1=659 top2=15008) rank_used=0 chosen=659 marge_decisionnelle=12.393781
info:   marge top1-top2 @ gen=968 : 9.690724 (top1=73359 top2=88076) rank_used=0 chosen=73359 marge_decisionnelle=9.690724
info:   marge top1-top2 @ gen=969 : 10.179665 (top1=1131 top2=258883) rank_used=0 chosen=1131 marge_decisionnelle=10.542938
info:   marge top1-top2 @ gen=970 : 13.273547 (top1=506 top2=1061) rank_used=0 chosen=506 marge_decisionnelle=13.273547
info: KVDUMP: /data/gemma4-zml-probe/k5/pf3.kvdump l_max=1280 step_next=1004 fed_next=506 ids=1004 octets=880807856 xxh64_ok
info: GENCFG: suppress a mordu 0 fois sur 971 tokens générés (prefill exclu)
info: ALLOC-LOOP: alloc=0 resize=0 remap=0 free=0 bytes=0 steps=1004
info: ALLOC-TOTAL: alloc=811 free=774 bytes=954957915 shards=1
info: PERF : prefill 34 steps en 3.596s (9.5 tok/s) ; génération 971 tokens en 101.702s (9.5 tok/s)
info: RSS-DELTA: 140 KiB (t20=3990540 t200=3990680)
error: A1 FAIL — 2/971 match, 1er mismatch au step gen=0
error:   step gen=0 : généré=818 attendu(fed)=236798
error:   diagnostic LOGITS (méthodo : argmax trop grossier pour diagnostiquer) — top-5 @ step gen=0 : idx={ 818, 2021, 902, 13238, 7634 } val={ 26.089134, 24.336206, 22.469202, 20.818874, 19.569096 }
error: A1Mismatch
fa2284faba2f78a0aa59339ead04f5fd  ./bazel-bin/examples/rqz/gemma4_g12auto
