{
  "source": "G2.2 analyse (docs/G2_BF16_FIDELITY.md \u00a73)",
  "zml_dump": "/data/gemma4-zml-probe/g2_logits_d_f32.bin",
  "n_steps": 1020,
  "max_abs": {
    "p50": 0.1847243309020996,
    "p95": 0.3295430541038513,
    "p99": 0.4405309557914734,
    "max": 0.6233863830566406
  },
  "kl_a_d": {
    "p50": 2.9244463803479448e-05,
    "p95": 0.0004623167042154819,
    "p99": 0.0010529361898079515,
    "max": 0.0025796014815568924
  },
  "ratios_vs_envelope": {
    "max_abs": {
      "p50": 0.435156957321717,
      "p95": 0.4983820295941922,
      "max": 0.40328318318725914
    },
    "kl": {
      "p50": 0.28049500565689645,
      "p95": 0.2652333674397605,
      "max": 0.19469680078299742
    }
  },
  "argmax_match": 1016,
  "first_divergence_step": 96,
  "verdicts": {
    "max_abs": "PASS",
    "kl": "PASS",
    "mismatches": "PASS",
    "p0": "PASS",
    "finite": "PASS"
  },
  "verdict": "PASS"
}
