info: BUILD: mode=ReleaseFast
info: EOT_ID = 106 (mesuré depuis le tokenizer)
info: GENCFG: /data/hf_cache/hub/models--google--gemma-4-12B-it-qat-w4a16-ct/snapshots/1d2c2d7f2466070e69d6fb3fd5ce9a7d75f2f6ee/generation_config.json suppress=[258883,258882] eos=[1,106,50] ignored=[bos_token_id,do_sample,pad_token_id,temperature,top_k,top_p,transformers_version] (mode=oracle)
info: SAMPLING: neutre — chemin top-5 inchangé (aucun warper, aucun tirage)
info: --oracle : 3900 steps de génération attendus (fed.len), prompt vérifié (ids.len=28 == positions[0])
info(pjrt): Loading: libpjrt_cuda.so...
info(pjrt): Loaded: libpjrt_cuda.so
info: A1 — backend = cuda (cible : cuda)
info: Materializing weights (store_ck, 48 couches + 40 v_proj + embed 2 Go) + Packed/Cache (HostInputs, zéros hors positions/cos/sin/masques) ...
info: [mem] post-load (poids + Packed/Cache sur device): RSS=4568500 KiB (~4 GiB) swap=0 KiB (~0 GiB)
info: Compiling G12Step.forward (gather+scale 62.0+dequant W4+forwardStageGen 48 couches+topK, mono-graphe) ...
info:   compile: 27.861s
info: [mem] post-compile (go/no-go): RSS=5233980 KiB (~4 GiB) swap=0 KiB (~0 GiB)
info: Boucle autonome : 28 steps de prefill, puis génération (limite 3900 = fed.len, oracle)
info:   marge top1-top2 @ gen=0 : 1.382313 (top1=129930 top2=4967) rank_used=0 chosen=129930 marge_decisionnelle=1.382313
info:   marge top1-top2 @ gen=1 : 7.062380 (top1=3037 top2=537) rank_used=0 chosen=3037 marge_decisionnelle=7.062380
info:   marge top1-top2 @ gen=2 : 6.985529 (top1=2049 top2=15569) rank_used=0 chosen=2049 marge_decisionnelle=6.985529
info:   marge top1-top2 @ gen=3 : 5.969004 (top1=4052 top2=33473) rank_used=0 chosen=4052 marge_decisionnelle=5.969004
info:   marge top1-top2 @ gen=4 : 2.244930 (top1=569 top2=696) rank_used=0 chosen=569 marge_decisionnelle=2.244930
info:   marge top1-top2 @ gen=5 : 9.616798 (top1=759 top2=537) rank_used=0 chosen=759 marge_decisionnelle=9.616798
info:   marge top1-top2 @ gen=6 : 5.796646 (top1=107058 top2=5213) rank_used=0 chosen=107058 marge_decisionnelle=5.796646
info:   marge top1-top2 @ gen=7 : 12.292883 (top1=2112 top2=1924) rank_used=0 chosen=2112 marge_decisionnelle=12.292883
info:   marge top1-top2 @ gen=8 : 7.977133 (top1=118583 top2=8285) rank_used=0 chosen=118583 marge_decisionnelle=7.977133
info:   marge top1-top2 @ gen=9 : 6.204121 (top1=513 top2=568) rank_used=0 chosen=513 marge_decisionnelle=6.204121
info:   marge top1-top2 @ gen=10 : 5.850443 (top1=236789 top2=236858) rank_used=0 chosen=236789 marge_decisionnelle=5.850443
info:   marge top1-top2 @ gen=11 : 9.828877 (top1=62462 top2=82839) rank_used=0 chosen=62462 marge_decisionnelle=9.828877
info:   marge top1-top2 @ gen=12 : 3.073576 (top1=696 top2=568) rank_used=0 chosen=696 marge_decisionnelle=3.073576
info:   marge top1-top2 @ gen=13 : 9.700114 (top1=22865 top2=12409) rank_used=0 chosen=22865 marge_decisionnelle=9.700114
info:   marge top1-top2 @ gen=14 : 8.681101 (top1=37485 top2=179162) rank_used=0 chosen=37485 marge_decisionnelle=8.681101
info:   marge top1-top2 @ gen=15 : 13.381777 (top1=1017 top2=32289) rank_used=0 chosen=1017 marge_decisionnelle=13.381777
info:   marge top1-top2 @ gen=16 : 12.615739 (top1=108 top2=236743) rank_used=0 chosen=108 marge_decisionnelle=12.615739
info:   marge top1-top2 @ gen=17 : 5.300390 (top1=4967 top2=236770) rank_used=0 chosen=4967 marge_decisionnelle=5.300390
info:   marge top1-top2 @ gen=18 : 8.372431 (top1=107058 top2=5700) rank_used=0 chosen=107058 marge_decisionnelle=8.372431
info:   marge top1-top2 @ gen=19 : 11.411562 (top1=2112 top2=239615) rank_used=0 chosen=2112 marge_decisionnelle=11.411562
info:   marge top1-top2 @ gen=20 : 8.352486 (top1=118583 top2=1084) rank_used=0 chosen=118583 marge_decisionnelle=8.352486
info:   marge top1-top2 @ gen=21 : 2.530863 (top1=513 top2=1009) rank_used=0 chosen=513 marge_decisionnelle=2.530863
info:   marge top1-top2 @ gen=22 : 6.059643 (top1=236789 top2=236858) rank_used=0 chosen=236789 marge_decisionnelle=6.059643
info:   marge top1-top2 @ gen=23 : 10.565166 (top1=62462 top2=82839) rank_used=0 chosen=62462 marge_decisionnelle=10.565166
info:   marge top1-top2 @ gen=24 : 5.818907 (top1=1009 top2=55844) rank_used=0 chosen=1009 marge_decisionnelle=5.818907
info:   marge top1-top2 @ gen=25 : 1.019623 (top1=3037 top2=723) rank_used=0 chosen=3037 marge_decisionnelle=1.019623
info:   marge top1-top2 @ gen=26 : 4.299295 (top1=9939 top2=143344) rank_used=0 chosen=9939 marge_decisionnelle=4.299295
info:   marge top1-top2 @ gen=27 : 0.555094 (top1=2947 top2=107417) rank_used=0 chosen=2947 marge_decisionnelle=0.555094
info:   marge top1-top2 @ gen=28 : 5.239443 (top1=55844 top2=192912) rank_used=0 chosen=55844 marge_decisionnelle=5.239443
info:   marge top1-top2 @ gen=29 : 1.839035 (top1=674 top2=759) rank_used=0 chosen=674 marge_decisionnelle=1.839035
info:   marge top1-top2 @ gen=30 : 3.969357 (top1=28421 top2=165992) rank_used=0 chosen=28421 marge_decisionnelle=3.969357
info:   marge top1-top2 @ gen=31 : 2.688662 (top1=569 top2=513) rank_used=0 chosen=569 marge_decisionnelle=2.688662
info:   marge top1-top2 @ gen=32 : 3.934067 (top1=10040 top2=25708) rank_used=0 chosen=10040 marge_decisionnelle=3.934067
info:   marge top1-top2 @ gen=33 : 3.903050 (top1=513 top2=1747) rank_used=0 chosen=513 marge_decisionnelle=3.903050
info:   marge top1-top2 @ gen=34 : 7.631363 (top1=236789 top2=236858) rank_used=0 chosen=236789 marge_decisionnelle=7.631363
info:   marge top1-top2 @ gen=35 : 7.392977 (top1=602 top2=2253) rank_used=0 chosen=602 marge_decisionnelle=7.392977
info:   marge top1-top2 @ gen=36 : 10.014738 (top1=56667 top2=17209) rank_used=0 chosen=56667 marge_decisionnelle=10.014738
info:   marge top1-top2 @ gen=37 : 0.843790 (top1=568 top2=513) rank_used=0 chosen=568 marge_decisionnelle=0.843790
info:   marge top1-top2 @ gen=38 : 6.584444 (top1=182283 top2=74964) rank_used=0 chosen=182283 marge_decisionnelle=6.584444
info:   marge top1-top2 @ gen=39 : 4.895176 (top1=723 top2=1640) rank_used=0 chosen=723 marge_decisionnelle=4.895176
info:   marge top1-top2 @ gen=40 : 2.706116 (top1=92474 top2=29193) rank_used=0 chosen=92474 marge_decisionnelle=2.706116
info:   marge top1-top2 @ gen=41 : 10.317324 (top1=236768 top2=3349) rank_used=0 chosen=236768 marge_decisionnelle=10.317324
info:   marge top1-top2 @ gen=42 : 3.508930 (top1=1608 top2=6397) rank_used=0 chosen=1608 marge_decisionnelle=3.508930
info:   marge top1-top2 @ gen=43 : 0.093094 (top1=723 top2=3037) rank_used=0 chosen=723 marge_decisionnelle=0.093094
info:   marge top1-top2 @ gen=44 : 3.962521 (top1=9062 top2=177992) rank_used=0 chosen=9062 marge_decisionnelle=3.962521
info:   marge top1-top2 @ gen=45 : 1.176136 (top1=125091 top2=192912) rank_used=0 chosen=125091 marge_decisionnelle=1.176136
info:   marge top1-top2 @ gen=46 : 4.545628 (top1=569 top2=1008) rank_used=0 chosen=569 marge_decisionnelle=4.545628
info:   marge top1-top2 @ gen=47 : 2.414602 (top1=60588 top2=21739) rank_used=0 chosen=60588 marge_decisionnelle=2.414602
info:   marge top1-top2 @ gen=48 : 1.898680 (top1=3349 top2=193336) rank_used=0 chosen=3349 marge_decisionnelle=1.898680
info:   marge top1-top2 @ gen=49 : 3.016750 (top1=569 top2=513) rank_used=0 chosen=569 marge_decisionnelle=3.016750
info:   marge top1-top2 @ gen=50 : 0.768280 (top1=12727 top2=21739) rank_used=0 chosen=12727 marge_decisionnelle=0.768280
info:   marge top1-top2 @ gen=51 : 9.486418 (top1=1190 top2=20075) rank_used=0 chosen=1190 marge_decisionnelle=9.486418
info:   marge top1-top2 @ gen=52 : 2.584105 (top1=193336 top2=141783) rank_used=0 chosen=193336 marge_decisionnelle=2.584105
info:   marge top1-top2 @ gen=53 : 1.510193 (top1=236761 top2=52550) rank_used=0 chosen=236761 marge_decisionnelle=1.510193
info:   marge top1-top2 @ gen=54 : 4.584765 (top1=16107 top2=148306) rank_used=0 chosen=16107 marge_decisionnelle=4.584765
info:   marge top1-top2 @ gen=55 : 9.600323 (top1=20995 top2=185817) rank_used=0 chosen=20995 marge_decisionnelle=9.600323
info:   marge top1-top2 @ gen=56 : 0.885830 (top1=569 top2=513) rank_used=0 chosen=569 marge_decisionnelle=0.885830
info:   marge top1-top2 @ gen=57 : 1.626577 (top1=150741 top2=105820) rank_used=0 chosen=150741 marge_decisionnelle=1.626577
info:   marge top1-top2 @ gen=58 : 1.978657 (top1=1640 top2=537) rank_used=0 chosen=1640 marge_decisionnelle=1.978657
info:   marge top1-top2 @ gen=59 : 5.723215 (top1=3381 top2=38462) rank_used=0 chosen=3381 marge_decisionnelle=5.723215
info:   marge top1-top2 @ gen=60 : 6.590942 (top1=4154 top2=4902) rank_used=0 chosen=4154 marge_decisionnelle=6.590942
info:   marge top1-top2 @ gen=61 : 0.556166 (top1=23371 top2=13776) rank_used=0 chosen=23371 marge_decisionnelle=0.556166
info:   marge top1-top2 @ gen=62 : 3.296658 (top1=2417 top2=93231) rank_used=0 chosen=2417 marge_decisionnelle=3.296658
info:   marge top1-top2 @ gen=63 : 0.679159 (top1=513 top2=569) rank_used=0 chosen=513 marge_decisionnelle=0.679159
info:   marge top1-top2 @ gen=64 : 7.977173 (top1=236789 top2=236858) rank_used=0 chosen=236789 marge_decisionnelle=7.977173
info:   marge top1-top2 @ gen=65 : 3.820166 (top1=2253 top2=602) rank_used=0 chosen=2253 marge_decisionnelle=3.820166
info:   marge top1-top2 @ gen=66 : 2.584343 (top1=20412 top2=31120) rank_used=0 chosen=20412 marge_decisionnelle=2.584343
info:   marge top1-top2 @ gen=67 : 3.959389 (top1=56556 top2=10427) rank_used=0 chosen=56556 marge_decisionnelle=3.959389
info:   marge top1-top2 @ gen=68 : 4.794375 (top1=236764 top2=14355) rank_used=0 chosen=236764 marge_decisionnelle=4.794375
info:   marge top1-top2 @ gen=69 : 6.466091 (top1=674 top2=14129) rank_used=0 chosen=674 marge_decisionnelle=6.466091
info:   marge top1-top2 @ gen=70 : 7.106974 (top1=56667 top2=165992) rank_used=0 chosen=56667 marge_decisionnelle=7.106974
info:   marge top1-top2 @ gen=71 : 4.520861 (top1=770 top2=636) rank_used=0 chosen=770 marge_decisionnelle=4.520861
info:   marge top1-top2 @ gen=72 : 1.178032 (top1=636 top2=190245) rank_used=0 chosen=636 marge_decisionnelle=1.178032
info:   marge top1-top2 @ gen=73 : 6.312511 (top1=4702 top2=28818) rank_used=0 chosen=4702 marge_decisionnelle=6.312511
info:   marge top1-top2 @ gen=74 : 10.038912 (top1=500 top2=1150) rank_used=0 chosen=500 marge_decisionnelle=10.038912
info:   marge top1-top2 @ gen=75 : 7.515130 (top1=929 top2=258883) rank_used=0 chosen=929 marge_decisionnelle=7.585277
info:   marge top1-top2 @ gen=76 : 12.136800 (top1=1270 top2=12009) rank_used=0 chosen=1270 marge_decisionnelle=12.136800
info:   marge top1-top2 @ gen=77 : 0.975353 (top1=3037 top2=1640) rank_used=0 chosen=3037 marge_decisionnelle=0.975353
info:   marge top1-top2 @ gen=78 : 0.638714 (top1=623 top2=9381) rank_used=0 chosen=623 marge_decisionnelle=0.638714
info:   marge top1-top2 @ gen=79 : 5.859024 (top1=15307 top2=33768) rank_used=0 chosen=15307 marge_decisionnelle=5.859024
info:   marge top1-top2 @ gen=80 : 4.508707 (top1=8328 top2=3612) rank_used=0 chosen=8328 marge_decisionnelle=4.508707
info:   marge top1-top2 @ gen=81 : 11.010021 (top1=236775 top2=39924) rank_used=0 chosen=236775 marge_decisionnelle=11.010021
info:   marge top1-top2 @ gen=82 : 3.295326 (top1=39924 top2=569) rank_used=0 chosen=39924 marge_decisionnelle=3.295326
info:   marge top1-top2 @ gen=83 : 4.421921 (top1=2947 top2=569) rank_used=0 chosen=2947 marge_decisionnelle=4.421921
info:   marge top1-top2 @ gen=84 : 6.819265 (top1=636 top2=2972) rank_used=0 chosen=636 marge_decisionnelle=6.819265
info:   marge top1-top2 @ gen=85 : 5.409359 (top1=2972 top2=258882) rank_used=0 chosen=2972 marge_decisionnelle=6.826680
info:   marge top1-top2 @ gen=86 : 9.512754 (top1=2811 top2=30635) rank_used=0 chosen=2811 marge_decisionnelle=9.512754
info:   marge top1-top2 @ gen=87 : 0.305565 (top1=3229 top2=203580) rank_used=0 chosen=3229 marge_decisionnelle=0.305565
info:   marge top1-top2 @ gen=88 : 3.223415 (top1=13969 top2=1597) rank_used=0 chosen=13969 marge_decisionnelle=3.223415
info:   marge top1-top2 @ gen=89 : 8.185835 (top1=1008 top2=237032) rank_used=0 chosen=1008 marge_decisionnelle=8.185835
info:   marge top1-top2 @ gen=90 : 8.782106 (top1=1608 top2=3229) rank_used=0 chosen=1608 marge_decisionnelle=8.782106
info:   marge top1-top2 @ gen=91 : 6.302860 (top1=40300 top2=42813) rank_used=0 chosen=40300 marge_decisionnelle=6.302860
info:   marge top1-top2 @ gen=92 : 0.710083 (top1=569 top2=1747) rank_used=0 chosen=569 marge_decisionnelle=0.710083
info:   marge top1-top2 @ gen=93 : 6.323263 (top1=759 top2=537) rank_used=0 chosen=759 marge_decisionnelle=6.323263
info:   marge top1-top2 @ gen=94 : 3.999121 (top1=22939 top2=27187) rank_used=0 chosen=22939 marge_decisionnelle=3.999121
info:   marge top1-top2 @ gen=95 : 10.301989 (top1=236761 top2=1747) rank_used=0 chosen=236761 marge_decisionnelle=10.301989
info:   marge top1-top2 @ gen=96 : 1.911898 (top1=27301 top2=53614) rank_used=0 chosen=27301 marge_decisionnelle=1.911898
info:   marge top1-top2 @ gen=97 : 1.666672 (top1=129120 top2=64836) rank_used=0 chosen=129120 marge_decisionnelle=1.666672
info:   marge top1-top2 @ gen=98 : 1.288210 (top1=15075 top2=114792) rank_used=0 chosen=15075 marge_decisionnelle=1.288210
info:   marge top1-top2 @ gen=99 : 5.339481 (top1=569 top2=513) rank_used=0 chosen=569 marge_decisionnelle=5.339481
info:   marge top1-top2 @ gen=100 : 4.839182 (top1=91920 top2=40661) rank_used=0 chosen=91920 marge_decisionnelle=4.839182
info:   marge top1-top2 @ gen=101 : 2.675322 (top1=40661 top2=2575) rank_used=0 chosen=40661 marge_decisionnelle=2.675322
info:   marge top1-top2 @ gen=102 : 10.239702 (top1=68962 top2=154443) rank_used=0 chosen=68962 marge_decisionnelle=10.239702
info:   marge top1-top2 @ gen=103 : 2.179333 (top1=759 top2=1640) rank_used=0 chosen=759 marge_decisionnelle=2.179333
info:   marge top1-top2 @ gen=104 : 0.991163 (top1=83876 top2=112190) rank_used=0 chosen=83876 marge_decisionnelle=0.991163
info:   marge top1-top2 @ gen=105 : 8.969280 (top1=569 top2=3321) rank_used=0 chosen=569 marge_decisionnelle=8.969280
info:   marge top1-top2 @ gen=106 : 11.226254 (top1=3313 top2=22564) rank_used=0 chosen=3313 marge_decisionnelle=11.226254
info:   marge top1-top2 @ gen=107 : 2.673752 (top1=46778 top2=1008) rank_used=0 chosen=46778 marge_decisionnelle=2.673752
info:   marge top1-top2 @ gen=108 : 0.410633 (top1=9966 top2=236764) rank_used=0 chosen=9966 marge_decisionnelle=0.410633
info:   marge top1-top2 @ gen=109 : 11.151931 (top1=696 top2=258883) rank_used=0 chosen=696 marge_decisionnelle=12.106025
info:   marge top1-top2 @ gen=110 : 0.086489 (top1=80334 top2=11523) rank_used=0 chosen=80334 marge_decisionnelle=0.086489
info:   marge top1-top2 @ gen=111 : 2.500000 (top1=3229 top2=569) rank_used=0 chosen=3229 marge_decisionnelle=2.500000
info:   marge top1-top2 @ gen=112 : 8.430876 (top1=56667 top2=27387) rank_used=0 chosen=56667 marge_decisionnelle=8.430876
info:   marge top1-top2 @ gen=113 : 6.819754 (top1=569 top2=513) rank_used=0 chosen=569 marge_decisionnelle=6.819754
info:   marge top1-top2 @ gen=114 : 3.726059 (top1=131976 top2=132020) rank_used=0 chosen=131976 marge_decisionnelle=3.726059
info:   marge top1-top2 @ gen=115 : 4.658228 (top1=853 top2=569) rank_used=0 chosen=853 marge_decisionnelle=4.658228
info:   marge top1-top2 @ gen=116 : 0.593306 (top1=138905 top2=126795) rank_used=0 chosen=138905 marge_decisionnelle=0.593306
info:   marge top1-top2 @ gen=117 : 0.541092 (top1=569 top2=10427) rank_used=0 chosen=569 marge_decisionnelle=0.541092
info:   marge top1-top2 @ gen=118 : 0.109650 (top1=50711 top2=10427) rank_used=0 chosen=50711 marge_decisionnelle=0.109650
info:   marge top1-top2 @ gen=119 : 0.332056 (top1=24562 top2=108417) rank_used=0 chosen=24562 marge_decisionnelle=0.332056
info:   marge top1-top2 @ gen=120 : 0.016586 (top1=108417 top2=2611) rank_used=0 chosen=108417 marge_decisionnelle=0.016586
info:   marge top1-top2 @ gen=121 : 8.161011 (top1=703 top2=695) rank_used=0 chosen=703 marge_decisionnelle=8.161011
info:   marge top1-top2 @ gen=122 : 9.257168 (top1=236761 top2=569) rank_used=0 chosen=236761 marge_decisionnelle=9.257168
info:   marge top1-top2 @ gen=123 : 13.149045 (top1=106 top2=1340) rank_used=0 chosen=106 marge_decisionnelle=13.149045
info:   marge top1-top2 @ gen=124 : 13.030198 (top1=106 top2=1340) rank_used=0 chosen=106 marge_decisionnelle=13.030198
info:   marge top1-top2 @ gen=125 : 0.024355 (top1=45518 top2=101) rank_used=0 chosen=45518 marge_decisionnelle=0.024355
info:   marge top1-top2 @ gen=126 : 5.533346 (top1=107 top2=236813) rank_used=0 chosen=107 marge_decisionnelle=5.533346
info:   marge top1-top2 @ gen=127 : 8.184954 (top1=101 top2=1) rank_used=0 chosen=101 marge_decisionnelle=8.184954
info:   marge top1-top2 @ gen=128 : 5.429127 (top1=129930 top2=100) rank_used=0 chosen=129930 marge_decisionnelle=5.429127
info:   marge top1-top2 @ gen=129 : 8.202036 (top1=3037 top2=537) rank_used=0 chosen=3037 marge_decisionnelle=8.202036
info:   marge top1-top2 @ gen=130 : 7.330799 (top1=2049 top2=15569) rank_used=0 chosen=2049 marge_decisionnelle=7.330799
info:   marge top1-top2 @ gen=131 : 9.051487 (top1=4052 top2=2049) rank_used=0 chosen=4052 marge_decisionnelle=9.051487
info:   marge top1-top2 @ gen=132 : 3.115639 (top1=569 top2=696) rank_used=0 chosen=569 marge_decisionnelle=3.115639
info:   marge top1-top2 @ gen=133 : 10.459248 (top1=759 top2=537) rank_used=0 chosen=759 marge_decisionnelle=10.459248
info:   marge top1-top2 @ gen=134 : 10.676126 (top1=107058 top2=5213) rank_used=0 chosen=107058 marge_decisionnelle=10.676126
info:   marge top1-top2 @ gen=135 : 10.941174 (top1=2112 top2=239615) rank_used=0 chosen=2112 marge_decisionnelle=10.941174
info:   marge top1-top2 @ gen=136 : 8.468711 (top1=118583 top2=1084) rank_used=0 chosen=118583 marge_decisionnelle=8.468711
info:   marge top1-top2 @ gen=137 : 9.678474 (top1=513 top2=568) rank_used=0 chosen=513 marge_decisionnelle=9.678474
info:   marge top1-top2 @ gen=138 : 7.442389 (top1=236789 top2=236858) rank_used=0 chosen=236789 marge_decisionnelle=7.442389
info:   marge top1-top2 @ gen=139 : 12.192460 (top1=62462 top2=203330) rank_used=0 chosen=62462 marge_decisionnelle=12.192460
info:   marge top1-top2 @ gen=140 : 7.098866 (top1=696 top2=568) rank_used=0 chosen=696 marge_decisionnelle=7.098866
info:   marge top1-top2 @ gen=141 : 9.354931 (top1=22865 top2=12409) rank_used=0 chosen=22865 marge_decisionnelle=9.354931
info:   marge top1-top2 @ gen=142 : 9.241879 (top1=37485 top2=179162) rank_used=0 chosen=37485 marge_decisionnelle=9.241879
info:   marge top1-top2 @ gen=143 : 12.042692 (top1=1017 top2=236787) rank_used=0 chosen=1017 marge_decisionnelle=12.042692
info:   marge top1-top2 @ gen=144 : 10.619362 (top1=108 top2=236743) rank_used=0 chosen=108 marge_decisionnelle=10.619362
info:   marge top1-top2 @ gen=145 : 8.205444 (top1=4967 top2=236770) rank_used=0 chosen=4967 marge_decisionnelle=8.205444
info:   marge top1-top2 @ gen=146 : 10.813505 (top1=107058 top2=9939) rank_used=0 chosen=107058 marge_decisionnelle=10.813505
info:   marge top1-top2 @ gen=147 : 10.956391 (top1=2112 top2=239615) rank_used=0 chosen=2112 marge_decisionnelle=10.956391
info:   marge top1-top2 @ gen=148 : 9.575583 (top1=118583 top2=1084) rank_used=0 chosen=118583 marge_decisionnelle=9.575583
info:   marge top1-top2 @ gen=149 : 9.355709 (top1=513 top2=1009) rank_used=0 chosen=513 marge_decisionnelle=9.355709
info:   marge top1-top2 @ gen=150 : 6.307467 (top1=236789 top2=236858) rank_used=0 chosen=236789 marge_decisionnelle=6.307467
info:   marge top1-top2 @ gen=151 : 11.754326 (top1=62462 top2=152303) rank_used=0 chosen=62462 marge_decisionnelle=11.754326
info:   marge top1-top2 @ gen=152 : 9.843334 (top1=1009 top2=43496) rank_used=0 chosen=1009 marge_decisionnelle=9.843334
info:   marge top1-top2 @ gen=153 : 10.086241 (top1=3037 top2=2253) rank_used=0 chosen=3037 marge_decisionnelle=10.086241
info:   marge top1-top2 @ gen=154 : 5.869789 (top1=9939 top2=64836) rank_used=0 chosen=9939 marge_decisionnelle=5.869789
info:   marge top1-top2 @ gen=155 : 8.982727 (top1=2947 top2=569) rank_used=0 chosen=2947 marge_decisionnelle=8.982727
info:   marge top1-top2 @ gen=156 : 9.087330 (top1=55844 top2=192912) rank_used=0 chosen=55844 marge_decisionnelle=9.087330
info:   marge top1-top2 @ gen=157 : 7.724009 (top1=674 top2=759) rank_used=0 chosen=674 marge_decisionnelle=7.724009
info:   marge top1-top2 @ gen=158 : 8.129984 (top1=28421 top2=623) rank_used=0 chosen=28421 marge_decisionnelle=8.129984
info:   marge top1-top2 @ gen=159 : 5.018196 (top1=569 top2=513) rank_used=0 chosen=569 marge_decisionnelle=5.018196
info:   marge top1-top2 @ gen=160 : 7.337109 (top1=10040 top2=3313) rank_used=0 chosen=10040 marge_decisionnelle=7.337109
info:   marge top1-top2 @ gen=161 : 8.732916 (top1=513 top2=1747) rank_used=0 chosen=513 marge_decisionnelle=8.732916
info:   marge top1-top2 @ gen=162 : 8.216833 (top1=236789 top2=236858) rank_used=0 chosen=236789 marge_decisionnelle=8.216833
info:   marge top1-top2 @ gen=163 : 9.770229 (top1=602 top2=2253) rank_used=0 chosen=602 marge_decisionnelle=9.770229
info:   marge top1-top2 @ gen=164 : 10.511929 (top1=56667 top2=6603) rank_used=0 chosen=56667 marge_decisionnelle=10.511929
info:   marge top1-top2 @ gen=165 : 4.252087 (top1=568 top2=513) rank_used=0 chosen=568 marge_decisionnelle=4.252087
info:   marge top1-top2 @ gen=166 : 9.371407 (top1=182283 top2=2084) rank_used=0 chosen=182283 marge_decisionnelle=9.371407
info:   marge top1-top2 @ gen=167 : 7.543886 (top1=723 top2=1640) rank_used=0 chosen=723 marge_decisionnelle=7.543886
info:   marge top1-top2 @ gen=168 : 9.020439 (top1=92474 top2=29193) rank_used=0 chosen=92474 marge_decisionnelle=9.020439
info:   marge top1-top2 @ gen=169 : 12.335910 (top1=236768 top2=236786) rank_used=0 chosen=236768 marge_decisionnelle=12.335910
info:   marge top1-top2 @ gen=170 : 6.475134 (top1=1608 top2=6397) rank_used=0 chosen=1608 marge_decisionnelle=6.475134
info:   marge top1-top2 @ gen=171 : 7.853037 (top1=723 top2=3037) rank_used=0 chosen=723 marge_decisionnelle=7.853037
info:   marge top1-top2 @ gen=172 : 5.480042 (top1=9062 top2=177992) rank_used=0 chosen=9062 marge_decisionnelle=5.480042
info:   marge top1-top2 @ gen=173 : 6.982687 (top1=125091 top2=192912) rank_used=0 chosen=125091 marge_decisionnelle=6.982687
info:   marge top1-top2 @ gen=174 : 5.525578 (top1=569 top2=513) rank_used=0 chosen=569 marge_decisionnelle=5.525578
info:   marge top1-top2 @ gen=175 : 4.642233 (top1=60588 top2=12727) rank_used=0 chosen=60588 marge_decisionnelle=4.642233
info:   marge top1-top2 @ gen=176 : 3.059723 (top1=3349 top2=193336) rank_used=0 chosen=3349 marge_decisionnelle=3.059723
info:   marge top1-top2 @ gen=177 : 6.518206 (top1=569 top2=513) rank_used=0 chosen=569 marge_decisionnelle=6.518206
info:   marge top1-top2 @ gen=178 : 6.915041 (top1=12727 top2=623) rank_used=0 chosen=12727 marge_decisionnelle=6.915041
info:   marge top1-top2 @ gen=179 : 10.147753 (top1=1190 top2=498) rank_used=0 chosen=1190 marge_decisionnelle=10.147753
info:   marge top1-top2 @ gen=180 : 5.992689 (top1=193336 top2=13989) rank_used=0 chosen=193336 marge_decisionnelle=5.992689
info:   marge top1-top2 @ gen=181 : 8.574200 (top1=236761 top2=186346) rank_used=0 chosen=236761 marge_decisionnelle=8.574200
info:   marge top1-top2 @ gen=182 : 10.342249 (top1=16107 top2=36928) rank_used=0 chosen=16107 marge_decisionnelle=10.342249
info:   marge top1-top2 @ gen=183 : 8.481894 (top1=20995 top2=185817) rank_used=0 chosen=20995 marge_decisionnelle=8.481894
info:   marge top1-top2 @ gen=184 : 8.122063 (top1=569 top2=513) rank_used=0 chosen=569 marge_decisionnelle=8.122063
info:   marge top1-top2 @ gen=185 : 8.716626 (top1=150741 top2=114646) rank_used=0 chosen=150741 marge_decisionnelle=8.716626
info:   marge top1-top2 @ gen=186 : 10.734178 (top1=1640 top2=20328) rank_used=0 chosen=1640 marge_decisionnelle=10.734178
info:   marge top1-top2 @ gen=187 : 10.263114 (top1=3381 top2=94736) rank_used=0 chosen=3381 marge_decisionnelle=10.263114
info:   marge top1-top2 @ gen=188 : 10.668903 (top1=4154 top2=28256) rank_used=0 chosen=4154 marge_decisionnelle=10.668903
info:   marge top1-top2 @ gen=189 : 8.500444 (top1=23371 top2=13776) rank_used=0 chosen=23371 marge_decisionnelle=8.500444
info:   marge top1-top2 @ gen=190 : 7.059273 (top1=2417 top2=93231) rank_used=0 chosen=2417 marge_decisionnelle=7.059273
info:   marge top1-top2 @ gen=191 : 7.346628 (top1=513 top2=569) rank_used=0 chosen=513 marge_decisionnelle=7.346628
info:   marge top1-top2 @ gen=192 : 8.339062 (top1=236789 top2=236858) rank_used=0 chosen=236789 marge_decisionnelle=8.339062
info:   marge top1-top2 @ gen=193 : 7.628593 (top1=2253 top2=602) rank_used=0 chosen=2253 marge_decisionnelle=7.628593
info:   marge top1-top2 @ gen=194 : 5.340561 (top1=20412 top2=180099) rank_used=0 chosen=20412 marge_decisionnelle=5.340561
info:   marge top1-top2 @ gen=195 : 8.475149 (top1=56556 top2=80214) rank_used=0 chosen=56556 marge_decisionnelle=8.475149
info:   marge top1-top2 @ gen=196 : 4.483730 (top1=236764 top2=14355) rank_used=0 chosen=236764 marge_decisionnelle=4.483730
info:   marge top1-top2 @ gen=197 : 10.522503 (top1=674 top2=537) rank_used=0 chosen=674 marge_decisionnelle=10.522503
info:   marge top1-top2 @ gen=198 : 10.967346 (top1=56667 top2=165992) rank_used=0 chosen=56667 marge_decisionnelle=10.967346
info:   marge top1-top2 @ gen=199 : 7.062241 (top1=770 top2=636) rank_used=0 chosen=770 marge_decisionnelle=7.062241
info:   marge top1-top2 @ gen=200 : 11.133434 (top1=636 top2=1248) rank_used=0 chosen=636 marge_decisionnelle=11.133434
info:   marge top1-top2 @ gen=201 : 7.917017 (top1=4702 top2=31995) rank_used=0 chosen=4702 marge_decisionnelle=7.917017
info:   marge top1-top2 @ gen=202 : 9.066205 (top1=500 top2=1150) rank_used=0 chosen=500 marge_decisionnelle=9.066205
info:   marge top1-top2 @ gen=203 : 10.351078 (top1=929 top2=33470) rank_used=0 chosen=929 marge_decisionnelle=10.351078
info:   marge top1-top2 @ gen=204 : 12.491181 (top1=1270 top2=2880) rank_used=0 chosen=1270 marge_decisionnelle=12.491181
info:   marge top1-top2 @ gen=205 : 11.425241 (top1=3037 top2=759) rank_used=0 chosen=3037 marge_decisionnelle=11.425241
info:   marge top1-top2 @ gen=206 : 4.197268 (top1=623 top2=2789) rank_used=0 chosen=623 marge_decisionnelle=4.197268
info:   marge top1-top2 @ gen=207 : 8.700985 (top1=15307 top2=13873) rank_used=0 chosen=15307 marge_decisionnelle=8.700985
info:   marge top1-top2 @ gen=208 : 7.382168 (top1=8328 top2=237041) rank_used=0 chosen=8328 marge_decisionnelle=7.382168
info:   marge top1-top2 @ gen=209 : 12.479961 (top1=236775 top2=236779) rank_used=0 chosen=236775 marge_decisionnelle=12.479961
info:   marge top1-top2 @ gen=210 : 9.715492 (top1=39924 top2=119811) rank_used=0 chosen=39924 marge_decisionnelle=9.715492
info:   marge top1-top2 @ gen=211 : 11.521559 (top1=2947 top2=87519) rank_used=0 chosen=2947 marge_decisionnelle=11.521559
info:   marge top1-top2 @ gen=212 : 10.554138 (top1=636 top2=105444) rank_used=0 chosen=636 marge_decisionnelle=10.554138
info:   marge top1-top2 @ gen=213 : 9.281893 (top1=2972 top2=13934) rank_used=0 chosen=2972 marge_decisionnelle=9.281893
info:   marge top1-top2 @ gen=214 : 6.732050 (top1=2811 top2=3518) rank_used=0 chosen=2811 marge_decisionnelle=6.732050
info:   marge top1-top2 @ gen=215 : 6.121115 (top1=3229 top2=203580) rank_used=0 chosen=3229 marge_decisionnelle=6.121115
info:   marge top1-top2 @ gen=216 : 9.381561 (top1=13969 top2=50157) rank_used=0 chosen=13969 marge_decisionnelle=9.381561
info:   marge top1-top2 @ gen=217 : 10.279737 (top1=1008 top2=3229) rank_used=0 chosen=1008 marge_decisionnelle=10.279737
info:   marge top1-top2 @ gen=218 : 5.206949 (top1=1608 top2=3229) rank_used=0 chosen=1608 marge_decisionnelle=5.206949
info:   marge top1-top2 @ gen=219 : 7.554543 (top1=40300 top2=8790) rank_used=0 chosen=40300 marge_decisionnelle=7.554543
info:   marge top1-top2 @ gen=220 : 2.266100 (top1=569 top2=1747) rank_used=0 chosen=569 marge_decisionnelle=2.266100
info:   marge top1-top2 @ gen=221 : 7.347139 (top1=759 top2=537) rank_used=0 chosen=759 marge_decisionnelle=7.347139
info:   marge top1-top2 @ gen=222 : 5.649054 (top1=22939 top2=27187) rank_used=0 chosen=22939 marge_decisionnelle=5.649054
info:   marge top1-top2 @ gen=223 : 9.258009 (top1=236761 top2=1747) rank_used=0 chosen=236761 marge_decisionnelle=9.258009
info:   marge top1-top2 @ gen=224 : 8.344946 (top1=27301 top2=50822) rank_used=0 chosen=27301 marge_decisionnelle=8.344946
info:   marge top1-top2 @ gen=225 : 6.353891 (top1=129120 top2=64836) rank_used=0 chosen=129120 marge_decisionnelle=6.353891
info:   marge top1-top2 @ gen=226 : 10.036699 (top1=15075 top2=26230) rank_used=0 chosen=15075 marge_decisionnelle=10.036699
info:   marge top1-top2 @ gen=227 : 9.943440 (top1=569 top2=513) rank_used=0 chosen=569 marge_decisionnelle=9.943440
info:   marge top1-top2 @ gen=228 : 9.976802 (top1=91920 top2=187135) rank_used=0 chosen=91920 marge_decisionnelle=9.976802
info:   ... step 256 (228 générés)
info:   marge top1-top2 @ gen=229 : 9.129204 (top1=40661 top2=94888) rank_used=0 chosen=40661 marge_decisionnelle=9.129204
info:   marge top1-top2 @ gen=230 : 9.167671 (top1=68962 top2=27228) rank_used=0 chosen=68962 marge_decisionnelle=9.167671
info:   marge top1-top2 @ gen=231 : 5.584633 (top1=759 top2=1640) rank_used=0 chosen=759 marge_decisionnelle=5.584633
info:   marge top1-top2 @ gen=232 : 4.030289 (top1=83876 top2=112190) rank_used=0 chosen=83876 marge_decisionnelle=4.030289
info:   marge top1-top2 @ gen=233 : 12.576356 (top1=569 top2=3321) rank_used=0 chosen=569 marge_decisionnelle=12.576356
info:   marge top1-top2 @ gen=234 : 10.148103 (top1=3313 top2=22564) rank_used=0 chosen=3313 marge_decisionnelle=10.148103
info:   marge top1-top2 @ gen=235 : 6.003889 (top1=46778 top2=1221) rank_used=0 chosen=46778 marge_decisionnelle=6.003889
info:   marge top1-top2 @ gen=236 : 8.052727 (top1=9966 top2=568) rank_used=0 chosen=9966 marge_decisionnelle=8.052727
info:   marge top1-top2 @ gen=237 : 13.030201 (top1=696 top2=113526) rank_used=0 chosen=696 marge_decisionnelle=13.030201
info:   marge top1-top2 @ gen=238 : 7.525227 (top1=80334 top2=47033) rank_used=0 chosen=80334 marge_decisionnelle=7.525227
info:   marge top1-top2 @ gen=239 : 10.871729 (top1=3229 top2=6397) rank_used=0 chosen=3229 marge_decisionnelle=10.871729
info:   marge top1-top2 @ gen=240 : 11.970765 (top1=56667 top2=38325) rank_used=0 chosen=56667 marge_decisionnelle=11.970765
info:   marge top1-top2 @ gen=241 : 7.532929 (top1=569 top2=513) rank_used=0 chosen=569 marge_decisionnelle=7.532929
info:   marge top1-top2 @ gen=242 : 8.458879 (top1=131976 top2=132020) rank_used=0 chosen=131976 marge_decisionnelle=8.458879
info:   marge top1-top2 @ gen=243 : 7.857159 (top1=853 top2=569) rank_used=0 chosen=853 marge_decisionnelle=7.857159
info:   marge top1-top2 @ gen=244 : 5.307066 (top1=138905 top2=126795) rank_used=0 chosen=138905 marge_decisionnelle=5.307066
info:   marge top1-top2 @ gen=245 : 7.094858 (top1=569 top2=513) rank_used=0 chosen=569 marge_decisionnelle=7.094858
info:   marge top1-top2 @ gen=246 : 1.957977 (top1=50711 top2=10427) rank_used=0 chosen=50711 marge_decisionnelle=1.957977
info:   marge top1-top2 @ gen=247 : 5.294104 (top1=24562 top2=37262) rank_used=0 chosen=24562 marge_decisionnelle=5.294104
info:   marge top1-top2 @ gen=248 : 5.739506 (top1=108417 top2=2611) rank_used=0 chosen=108417 marge_decisionnelle=5.739506
info:   marge top1-top2 @ gen=249 : 7.634749 (top1=703 top2=695) rank_used=0 chosen=703 marge_decisionnelle=7.634749
info:   marge top1-top2 @ gen=250 : 10.511753 (top1=236761 top2=568) rank_used=0 chosen=236761 marge_decisionnelle=10.511753
info:   marge top1-top2 @ gen=251 : 9.351690 (top1=106 top2=236779) rank_used=0 chosen=106 marge_decisionnelle=9.351690
info:   marge top1-top2 @ gen=252 : 8.360420 (top1=106 top2=236779) rank_used=0 chosen=106 marge_decisionnelle=8.360420
info:   marge top1-top2 @ gen=253 : 3.923948 (top1=106 top2=1) rank_used=0 chosen=106 marge_decisionnelle=3.923948
info:   marge top1-top2 @ gen=254 : 3.902020 (top1=45518 top2=1) rank_used=0 chosen=45518 marge_decisionnelle=3.902020
info:   marge top1-top2 @ gen=255 : 8.291710 (top1=107 top2=236813) rank_used=0 chosen=107 marge_decisionnelle=8.291710
info:   marge top1-top2 @ gen=256 : 3.650776 (top1=101 top2=1) rank_used=0 chosen=101 marge_decisionnelle=3.650776
info:   marge top1-top2 @ gen=257 : 3.575031 (top1=129930 top2=4967) rank_used=0 chosen=129930 marge_decisionnelle=3.575031
info:   marge top1-top2 @ gen=258 : 9.801334 (top1=3037 top2=22865) rank_used=0 chosen=3037 marge_decisionnelle=9.801334
info:   marge top1-top2 @ gen=259 : 8.290703 (top1=2049 top2=15569) rank_used=0 chosen=2049 marge_decisionnelle=8.290703
info:   marge top1-top2 @ gen=260 : 10.511146 (top1=4052 top2=28202) rank_used=0 chosen=4052 marge_decisionnelle=10.511146
info:   marge top1-top2 @ gen=261 : 5.049456 (top1=569 top2=3606) rank_used=0 chosen=569 marge_decisionnelle=5.049456
info:   marge top1-top2 @ gen=262 : 9.688084 (top1=759 top2=537) rank_used=0 chosen=759 marge_decisionnelle=9.688084
info:   marge top1-top2 @ gen=263 : 10.021776 (top1=107058 top2=5213) rank_used=0 chosen=107058 marge_decisionnelle=10.021776
info:   marge top1-top2 @ gen=264 : 10.565105 (top1=2112 top2=239615) rank_used=0 chosen=2112 marge_decisionnelle=10.565105
info:   marge top1-top2 @ gen=265 : 7.858574 (top1=118583 top2=8285) rank_used=0 chosen=118583 marge_decisionnelle=7.858574
info:   marge top1-top2 @ gen=266 : 8.709520 (top1=513 top2=568) rank_used=0 chosen=513 marge_decisionnelle=8.709520
info:   marge top1-top2 @ gen=267 : 7.378717 (top1=236789 top2=236858) rank_used=0 chosen=236789 marge_decisionnelle=7.378717
info:   marge top1-top2 @ gen=268 : 12.337523 (top1=62462 top2=82839) rank_used=0 chosen=62462 marge_decisionnelle=12.337523
info:   marge top1-top2 @ gen=269 : 8.319782 (top1=696 top2=568) rank_used=0 chosen=696 marge_decisionnelle=8.319782
info:   marge top1-top2 @ gen=270 : 9.346798 (top1=22865 top2=12409) rank_used=0 chosen=22865 marge_decisionnelle=9.346798
info:   marge top1-top2 @ gen=271 : 9.556845 (top1=37485 top2=20412) rank_used=0 chosen=37485 marge_decisionnelle=9.556845
info:   marge top1-top2 @ gen=272 : 11.152704 (top1=1017 top2=3606) rank_used=0 chosen=1017 marge_decisionnelle=11.152704
info:   marge top1-top2 @ gen=273 : 9.005869 (top1=108 top2=236743) rank_used=0 chosen=108 marge_decisionnelle=9.005869
info:   marge top1-top2 @ gen=274 : 8.309662 (top1=4967 top2=236770) rank_used=0 chosen=4967 marge_decisionnelle=8.309662
info:   marge top1-top2 @ gen=275 : 9.480820 (top1=107058 top2=9939) rank_used=0 chosen=107058 marge_decisionnelle=9.480820
info:   marge top1-top2 @ gen=276 : 11.094894 (top1=2112 top2=239615) rank_used=0 chosen=2112 marge_decisionnelle=11.094894
info:   marge top1-top2 @ gen=277 : 10.117641 (top1=118583 top2=1084) rank_used=0 chosen=118583 marge_decisionnelle=10.117641
info:   marge top1-top2 @ gen=278 : 10.561087 (top1=513 top2=568) rank_used=0 chosen=513 marge_decisionnelle=10.561087
info:   marge top1-top2 @ gen=279 : 7.444807 (top1=236789 top2=236858) rank_used=0 chosen=236789 marge_decisionnelle=7.444807
info:   marge top1-top2 @ gen=280 : 11.584170 (top1=62462 top2=82839) rank_used=0 chosen=62462 marge_decisionnelle=11.584170
info:   marge top1-top2 @ gen=281 : 9.355209 (top1=1009 top2=568) rank_used=0 chosen=1009 marge_decisionnelle=9.355209
info:   marge top1-top2 @ gen=282 : 10.571594 (top1=3037 top2=723) rank_used=0 chosen=3037 marge_decisionnelle=10.571594
info:   marge top1-top2 @ gen=283 : 5.484175 (top1=9939 top2=64836) rank_used=0 chosen=9939 marge_decisionnelle=5.484175
info:   marge top1-top2 @ gen=284 : 8.938219 (top1=2947 top2=107417) rank_used=0 chosen=2947 marge_decisionnelle=8.938219
info:   marge top1-top2 @ gen=285 : 9.600269 (top1=55844 top2=180348) rank_used=0 chosen=55844 marge_decisionnelle=9.600269
info:   marge top1-top2 @ gen=286 : 8.884483 (top1=674 top2=759) rank_used=0 chosen=674 marge_decisionnelle=8.884483
info:   marge top1-top2 @ gen=287 : 8.257652 (top1=28421 top2=623) rank_used=0 chosen=28421 marge_decisionnelle=8.257652
info:   marge top1-top2 @ gen=288 : 6.744104 (top1=569 top2=513) rank_used=0 chosen=569 marge_decisionnelle=6.744104
info:   marge top1-top2 @ gen=289 : 9.599033 (top1=10040 top2=13031) rank_used=0 chosen=10040 marge_decisionnelle=9.599033
info:   marge top1-top2 @ gen=290 : 10.869080 (top1=513 top2=1747) rank_used=0 chosen=513 marge_decisionnelle=10.869080
info:   marge top1-top2 @ gen=291 : 9.011770 (top1=236789 top2=236858) rank_used=0 chosen=236789 marge_decisionnelle=9.011770
info:   marge top1-top2 @ gen=292 : 10.595449 (top1=602 top2=2253) rank_used=0 chosen=602 marge_decisionnelle=10.595449
info:   marge top1-top2 @ gen=293 : 10.564996 (top1=56667 top2=6603) rank_used=0 chosen=56667 marge_decisionnelle=10.564996
info:   marge top1-top2 @ gen=294 : 6.035414 (top1=568 top2=513) rank_used=0 chosen=568 marge_decisionnelle=6.035414
info:   marge top1-top2 @ gen=295 : 9.313593 (top1=182283 top2=74964) rank_used=0 chosen=182283 marge_decisionnelle=9.313593
info:   marge top1-top2 @ gen=296 : 9.240919 (top1=723 top2=1640) rank_used=0 chosen=723 marge_decisionnelle=9.240919
info:   marge top1-top2 @ gen=297 : 10.292116 (top1=92474 top2=128282) rank_used=0 chosen=92474 marge_decisionnelle=10.292116
info:   marge top1-top2 @ gen=298 : 10.944704 (top1=236768 top2=98724) rank_used=0 chosen=236768 marge_decisionnelle=10.944704
info:   marge top1-top2 @ gen=299 : 9.084940 (top1=1608 top2=6397) rank_used=0 chosen=1608 marge_decisionnelle=9.084940
info:   marge top1-top2 @ gen=300 : 9.041159 (top1=723 top2=3037) rank_used=0 chosen=723 marge_decisionnelle=9.041159
info:   marge top1-top2 @ gen=301 : 7.350597 (top1=9062 top2=177992) rank_used=0 chosen=9062 marge_decisionnelle=7.350597
info:   marge top1-top2 @ gen=302 : 8.310951 (top1=125091 top2=188059) rank_used=0 chosen=125091 marge_decisionnelle=8.310951
info:   marge top1-top2 @ gen=303 : 6.563673 (top1=569 top2=513) rank_used=0 chosen=569 marge_decisionnelle=6.563673
info:   marge top1-top2 @ gen=304 : 8.818815 (top1=60588 top2=12727) rank_used=0 chosen=60588 marge_decisionnelle=8.818815
info:   marge top1-top2 @ gen=305 : 7.529867 (top1=3349 top2=193336) rank_used=0 chosen=3349 marge_decisionnelle=7.529867
info:   marge top1-top2 @ gen=306 : 7.442139 (top1=569 top2=513) rank_used=0 chosen=569 marge_decisionnelle=7.442139
info:   marge top1-top2 @ gen=307 : 9.033894 (top1=12727 top2=51635) rank_used=0 chosen=12727 marge_decisionnelle=9.033894
info:   marge top1-top2 @ gen=308 : 9.901579 (top1=1190 top2=498) rank_used=0 chosen=1190 marge_decisionnelle=9.901579
info:   marge top1-top2 @ gen=309 : 6.629200 (top1=193336 top2=141783) rank_used=0 chosen=193336 marge_decisionnelle=6.629200
info:   marge top1-top2 @ gen=310 : 8.908567 (top1=236761 top2=186346) rank_used=0 chosen=236761 marge_decisionnelle=8.908567
info:   marge top1-top2 @ gen=311 : 10.177837 (top1=16107 top2=36928) rank_used=0 chosen=16107 marge_decisionnelle=10.177837
info:   marge top1-top2 @ gen=312 : 9.662370 (top1=20995 top2=185817) rank_used=0 chosen=20995 marge_decisionnelle=9.662370
info:   marge top1-top2 @ gen=313 : 7.960693 (top1=569 top2=513) rank_used=0 chosen=569 marge_decisionnelle=7.960693
info:   marge top1-top2 @ gen=314 : 8.747225 (top1=150741 top2=114646) rank_used=0 chosen=150741 marge_decisionnelle=8.747225
info:   marge top1-top2 @ gen=315 : 10.927729 (top1=1640 top2=853) rank_used=0 chosen=1640 marge_decisionnelle=10.927729
info:   marge top1-top2 @ gen=316 : 10.466821 (top1=3381 top2=94736) rank_used=0 chosen=3381 marge_decisionnelle=10.466821
info:   marge top1-top2 @ gen=317 : 10.496841 (top1=4154 top2=28256) rank_used=0 chosen=4154 marge_decisionnelle=10.496841
info:   marge top1-top2 @ gen=318 : 9.167076 (top1=23371 top2=13776) rank_used=0 chosen=23371 marge_decisionnelle=9.167076
info:   marge top1-top2 @ gen=319 : 8.288635 (top1=2417 top2=3658) rank_used=0 chosen=2417 marge_decisionnelle=8.288635
info:   marge top1-top2 @ gen=320 : 8.732355 (top1=513 top2=569) rank_used=0 chosen=513 marge_decisionnelle=8.732355
info:   marge top1-top2 @ gen=321 : 8.083067 (top1=236789 top2=236858) rank_used=0 chosen=236789 marge_decisionnelle=8.083067
info:   marge top1-top2 @ gen=322 : 6.507349 (top1=2253 top2=602) rank_used=0 chosen=2253 marge_decisionnelle=6.507349
info:   marge top1-top2 @ gen=323 : 5.584307 (top1=20412 top2=180099) rank_used=0 chosen=20412 marge_decisionnelle=5.584307
info:   marge top1-top2 @ gen=324 : 8.862577 (top1=56556 top2=80214) rank_used=0 chosen=56556 marge_decisionnelle=8.862577
info:   marge top1-top2 @ gen=325 : 5.230089 (top1=236764 top2=14355) rank_used=0 chosen=236764 marge_decisionnelle=5.230089
info:   marge top1-top2 @ gen=326 : 10.496227 (top1=674 top2=537) rank_used=0 chosen=674 marge_decisionnelle=10.496227
info:   marge top1-top2 @ gen=327 : 10.818601 (top1=56667 top2=38325) rank_used=0 chosen=56667 marge_decisionnelle=10.818601
info:   marge top1-top2 @ gen=328 : 10.579880 (top1=770 top2=636) rank_used=0 chosen=770 marge_decisionnelle=10.579880
info:   marge top1-top2 @ gen=329 : 10.296003 (top1=636 top2=1248) rank_used=0 chosen=636 marge_decisionnelle=10.296003
info:   marge top1-top2 @ gen=330 : 7.895638 (top1=4702 top2=31995) rank_used=0 chosen=4702 marge_decisionnelle=7.895638
info:   marge top1-top2 @ gen=331 : 8.853528 (top1=500 top2=4283) rank_used=0 chosen=500 marge_decisionnelle=8.853528
info:   marge top1-top2 @ gen=332 : 11.145265 (top1=929 top2=690) rank_used=0 chosen=929 marge_decisionnelle=11.145265
info:   marge top1-top2 @ gen=333 : 13.209148 (top1=1270 top2=2880) rank_used=0 chosen=1270 marge_decisionnelle=13.209148
info:   marge top1-top2 @ gen=334 : 11.037809 (top1=3037 top2=8416) rank_used=0 chosen=3037 marge_decisionnelle=11.037809
info:   marge top1-top2 @ gen=335 : 6.270905 (top1=623 top2=2789) rank_used=0 chosen=623 marge_decisionnelle=6.270905
info:   marge top1-top2 @ gen=336 : 10.114931 (top1=15307 top2=204948) rank_used=0 chosen=15307 marge_decisionnelle=10.114931
info:   marge top1-top2 @ gen=337 : 8.320953 (top1=8328 top2=237041) rank_used=0 chosen=8328 marge_decisionnelle=8.320953
info:   marge top1-top2 @ gen=338 : 13.824604 (top1=236775 top2=236779) rank_used=0 chosen=236775 marge_decisionnelle=13.824604
info:   marge top1-top2 @ gen=339 : 9.935932 (top1=39924 top2=119811) rank_used=0 chosen=39924 marge_decisionnelle=9.935932
info:   marge top1-top2 @ gen=340 : 12.002303 (top1=2947 top2=87519) rank_used=0 chosen=2947 marge_decisionnelle=12.002303
info:   marge top1-top2 @ gen=341 : 10.221136 (top1=636 top2=105444) rank_used=0 chosen=636 marge_decisionnelle=10.221136
info:   marge top1-top2 @ gen=342 : 11.517184 (top1=2972 top2=30485) rank_used=0 chosen=2972 marge_decisionnelle=11.517184
info:   marge top1-top2 @ gen=343 : 6.875921 (top1=2811 top2=3518) rank_used=0 chosen=2811 marge_decisionnelle=6.875921
info:   marge top1-top2 @ gen=344 : 6.892538 (top1=3229 top2=203580) rank_used=0 chosen=3229 marge_decisionnelle=6.892538
info:   marge top1-top2 @ gen=345 : 11.358086 (top1=13969 top2=50157) rank_used=0 chosen=13969 marge_decisionnelle=11.358086
info:   marge top1-top2 @ gen=346 : 11.704109 (top1=1008 top2=3229) rank_used=0 chosen=1008 marge_decisionnelle=11.704109
info:   marge top1-top2 @ gen=347 : 7.787540 (top1=1608 top2=3229) rank_used=0 chosen=1608 marge_decisionnelle=7.787540
info:   marge top1-top2 @ gen=348 : 6.013504 (top1=40300 top2=146955) rank_used=0 chosen=40300 marge_decisionnelle=6.013504
info:   marge top1-top2 @ gen=349 : 3.678267 (top1=569 top2=1747) rank_used=0 chosen=569 marge_decisionnelle=3.678267
info:   marge top1-top2 @ gen=350 : 8.084946 (top1=759 top2=537) rank_used=0 chosen=759 marge_decisionnelle=8.084946
info:   marge top1-top2 @ gen=351 : 7.629360 (top1=22939 top2=27187) rank_used=0 chosen=22939 marge_decisionnelle=7.629360
info:   marge top1-top2 @ gen=352 : 9.465780 (top1=236761 top2=1747) rank_used=0 chosen=236761 marge_decisionnelle=9.465780
info:   marge top1-top2 @ gen=353 : 8.489601 (top1=27301 top2=50822) rank_used=0 chosen=27301 marge_decisionnelle=8.489601
info:   marge top1-top2 @ gen=354 : 8.071789 (top1=129120 top2=64836) rank_used=0 chosen=129120 marge_decisionnelle=8.071789
info:   marge top1-top2 @ gen=355 : 9.754429 (top1=15075 top2=26230) rank_used=0 chosen=15075 marge_decisionnelle=9.754429
info:   marge top1-top2 @ gen=356 : 9.545607 (top1=569 top2=513) rank_used=0 chosen=569 marge_decisionnelle=9.545607
info:   marge top1-top2 @ gen=357 : 10.284712 (top1=91920 top2=187135) rank_used=0 chosen=91920 marge_decisionnelle=10.284712
info:   marge top1-top2 @ gen=358 : 8.619972 (top1=40661 top2=94888) rank_used=0 chosen=40661 marge_decisionnelle=8.619972
info:   marge top1-top2 @ gen=359 : 8.386275 (top1=68962 top2=27228) rank_used=0 chosen=68962 marge_decisionnelle=8.386275
info:   marge top1-top2 @ gen=360 : 7.675585 (top1=759 top2=674) rank_used=0 chosen=759 marge_decisionnelle=7.675585
info:   marge top1-top2 @ gen=361 : 4.939432 (top1=83876 top2=112190) rank_used=0 chosen=83876 marge_decisionnelle=4.939432
info:   marge top1-top2 @ gen=362 : 14.020383 (top1=569 top2=893) rank_used=0 chosen=569 marge_decisionnelle=14.020383
info:   marge top1-top2 @ gen=363 : 9.589054 (top1=3313 top2=22564) rank_used=0 chosen=3313 marge_decisionnelle=9.589054
info:   marge top1-top2 @ gen=364 : 7.289795 (top1=46778 top2=1221) rank_used=0 chosen=46778 marge_decisionnelle=7.289795
info:   marge top1-top2 @ gen=365 : 9.920721 (top1=9966 top2=568) rank_used=0 chosen=9966 marge_decisionnelle=9.920721
info:   marge top1-top2 @ gen=366 : 13.352692 (top1=696 top2=113526) rank_used=0 chosen=696 marge_decisionnelle=13.352692
info:   marge top1-top2 @ gen=367 : 8.858306 (top1=80334 top2=31314) rank_used=0 chosen=80334 marge_decisionnelle=8.858306
info:   marge top1-top2 @ gen=368 : 12.104508 (top1=3229 top2=6397) rank_used=0 chosen=3229 marge_decisionnelle=12.104508
info:   marge top1-top2 @ gen=369 : 12.368232 (top1=56667 top2=38325) rank_used=0 chosen=56667 marge_decisionnelle=12.368232
info:   marge top1-top2 @ gen=370 : 7.815666 (top1=569 top2=513) rank_used=0 chosen=569 marge_decisionnelle=7.815666
info:   marge top1-top2 @ gen=371 : 8.013399 (top1=131976 top2=132020) rank_used=0 chosen=131976 marge_decisionnelle=8.013399
info:   marge top1-top2 @ gen=372 : 9.074520 (top1=853 top2=569) rank_used=0 chosen=853 marge_decisionnelle=9.074520
info:   marge top1-top2 @ gen=373 : 6.683811 (top1=138905 top2=126795) rank_used=0 chosen=138905 marge_decisionnelle=6.683811
info:   marge top1-top2 @ gen=374 : 8.627729 (top1=569 top2=513) rank_used=0 chosen=569 marge_decisionnelle=8.627729
info:   marge top1-top2 @ gen=375 : 3.688974 (top1=50711 top2=10427) rank_used=0 chosen=50711 marge_decisionnelle=3.688974
info:   marge top1-top2 @ gen=376 : 6.193667 (top1=24562 top2=37262) rank_used=0 chosen=24562 marge_decisionnelle=6.193667
info:   marge top1-top2 @ gen=377 : 7.061308 (top1=108417 top2=2611) rank_used=0 chosen=108417 marge_decisionnelle=7.061308
info:   marge top1-top2 @ gen=378 : 7.254026 (top1=703 top2=695) rank_used=0 chosen=703 marge_decisionnelle=7.254026
info:   marge top1-top2 @ gen=379 : 9.246279 (top1=236761 top2=568) rank_used=0 chosen=236761 marge_decisionnelle=9.246279
info:   marge top1-top2 @ gen=380 : 6.356886 (top1=106 top2=236779) rank_used=0 chosen=106 marge_decisionnelle=6.356886
info:   marge top1-top2 @ gen=381 : 4.327990 (top1=106 top2=236779) rank_used=0 chosen=106 marge_decisionnelle=4.327990
info:   marge top1-top2 @ gen=382 : 2.634560 (top1=45518 top2=106) rank_used=0 chosen=45518 marge_decisionnelle=2.634560
info:   marge top1-top2 @ gen=383 : 10.567461 (top1=107 top2=106) rank_used=0 chosen=107 marge_decisionnelle=10.567461
info:   marge top1-top2 @ gen=384 : 5.962259 (top1=101 top2=100) rank_used=0 chosen=101 marge_decisionnelle=5.962259
info:   marge top1-top2 @ gen=385 : 5.953165 (top1=129930 top2=100) rank_used=0 chosen=129930 marge_decisionnelle=5.953165
info:   marge top1-top2 @ gen=386 : 11.306180 (top1=3037 top2=537) rank_used=0 chosen=3037 marge_decisionnelle=11.306180
info:   marge top1-top2 @ gen=387 : 9.813956 (top1=2049 top2=15569) rank_used=0 chosen=2049 marge_decisionnelle=9.813956
info:   marge top1-top2 @ gen=388 : 8.738585 (top1=4052 top2=13592) rank_used=0 chosen=4052 marge_decisionnelle=8.738585
info:   marge top1-top2 @ gen=389 : 7.326498 (top1=569 top2=696) rank_used=0 chosen=569 marge_decisionnelle=7.326498
info:   marge top1-top2 @ gen=390 : 10.074205 (top1=759 top2=537) rank_used=0 chosen=759 marge_decisionnelle=10.074205
info:   marge top1-top2 @ gen=391 : 10.660668 (top1=107058 top2=15307) rank_used=0 chosen=107058 marge_decisionnelle=10.660668
info:   marge top1-top2 @ gen=392 : 11.112417 (top1=2112 top2=239615) rank_used=0 chosen=2112 marge_decisionnelle=11.112417
info:   marge top1-top2 @ gen=393 : 8.334104 (top1=118583 top2=8285) rank_used=0 chosen=118583 marge_decisionnelle=8.334104
info:   marge top1-top2 @ gen=394 : 10.314442 (top1=513 top2=568) rank_used=0 chosen=513 marge_decisionnelle=10.314442
info:   marge top1-top2 @ gen=395 : 9.901438 (top1=236789 top2=236858) rank_used=0 chosen=236789 marge_decisionnelle=9.901438
info:   marge top1-top2 @ gen=396 : 12.311423 (top1=62462 top2=184436) rank_used=0 chosen=62462 marge_decisionnelle=12.311423
info:   marge top1-top2 @ gen=397 : 10.027405 (top1=696 top2=568) rank_used=0 chosen=696 marge_decisionnelle=10.027405
info:   marge top1-top2 @ gen=398 : 8.759178 (top1=22865 top2=12409) rank_used=0 chosen=22865 marge_decisionnelle=8.759178
info:   marge top1-top2 @ gen=399 : 9.390154 (top1=37485 top2=20412) rank_used=0 chosen=37485 marge_decisionnelle=9.390154
info:   marge top1-top2 @ gen=400 : 9.429235 (top1=1017 top2=236761) rank_used=0 chosen=1017 marge_decisionnelle=9.429235
info:   marge top1-top2 @ gen=401 : 8.957613 (top1=108 top2=236743) rank_used=0 chosen=108 marge_decisionnelle=8.957613
info:   marge top1-top2 @ gen=402 : 9.080515 (top1=4967 top2=236770) rank_used=0 chosen=4967 marge_decisionnelle=9.080515
info:   marge top1-top2 @ gen=403 : 9.901915 (top1=107058 top2=5213) rank_used=0 chosen=107058 marge_decisionnelle=9.901915
info:   marge top1-top2 @ gen=404 : 11.634502 (top1=2112 top2=239615) rank_used=0 chosen=2112 marge_decisionnelle=11.634502
info:   marge top1-top2 @ gen=405 : 7.111040 (top1=118583 top2=8285) rank_used=0 chosen=118583 marge_decisionnelle=7.111040
info:   marge top1-top2 @ gen=406 : 11.060438 (top1=513 top2=568) rank_used=0 chosen=513 marge_decisionnelle=11.060438
info:   marge top1-top2 @ gen=407 : 9.072046 (top1=236789 top2=236858) rank_used=0 chosen=236789 marge_decisionnelle=9.072046
info:   marge top1-top2 @ gen=408 : 12.312646 (top1=62462 top2=82839) rank_used=0 chosen=62462 marge_decisionnelle=12.312646
info:   marge top1-top2 @ gen=409 : 9.968779 (top1=1009 top2=568) rank_used=0 chosen=1009 marge_decisionnelle=9.968779
info:   marge top1-top2 @ gen=410 : 11.409738 (top1=3037 top2=2253) rank_used=0 chosen=3037 marge_decisionnelle=11.409738
info:   marge top1-top2 @ gen=411 : 6.982206 (top1=9939 top2=64836) rank_used=0 chosen=9939 marge_decisionnelle=6.982206
info:   marge top1-top2 @ gen=412 : 10.193649 (top1=2947 top2=107417) rank_used=0 chosen=2947 marge_decisionnelle=10.193649
info:   marge top1-top2 @ gen=413 : 9.550869 (top1=55844 top2=180348) rank_used=0 chosen=55844 marge_decisionnelle=9.550869
info:   marge top1-top2 @ gen=414 : 10.144978 (top1=674 top2=759) rank_used=0 chosen=674 marge_decisionnelle=10.144978
info:   marge top1-top2 @ gen=415 : 9.398430 (top1=28421 top2=97811) rank_used=0 chosen=28421 marge_decisionnelle=9.398430
info:   marge top1-top2 @ gen=416 : 7.897896 (top1=569 top2=513) rank_used=0 chosen=569 marge_decisionnelle=7.897896
info:   marge top1-top2 @ gen=417 : 10.040029 (top1=10040 top2=1737) rank_used=0 chosen=10040 marge_decisionnelle=10.040029
info:   marge top1-top2 @ gen=418 : 13.255699 (top1=513 top2=1747) rank_used=0 chosen=513 marge_decisionnelle=13.255699
info:   marge top1-top2 @ gen=419 : 11.093206 (top1=236789 top2=236858) rank_used=0 chosen=236789 marge_decisionnelle=11.093206
info:   marge top1-top2 @ gen=420 : 10.936781 (top1=602 top2=2253) rank_used=0 chosen=602 marge_decisionnelle=10.936781
info:   marge top1-top2 @ gen=421 : 11.563380 (top1=56667 top2=6603) rank_used=0 chosen=56667 marge_decisionnelle=11.563380
info:   marge top1-top2 @ gen=422 : 8.278278 (top1=568 top2=513) rank_used=0 chosen=568 marge_decisionnelle=8.278278
info:   marge top1-top2 @ gen=423 : 9.772978 (top1=182283 top2=74964) rank_used=0 chosen=182283 marge_decisionnelle=9.772978
info:   marge top1-top2 @ gen=424 : 10.382494 (top1=723 top2=674) rank_used=0 chosen=723 marge_decisionnelle=10.382494
info:   marge top1-top2 @ gen=425 : 11.250304 (top1=92474 top2=128282) rank_used=0 chosen=92474 marge_decisionnelle=11.250304
info:   marge top1-top2 @ gen=426 : 12.669746 (top1=236768 top2=98724) rank_used=0 chosen=236768 marge_decisionnelle=12.669746
info:   marge top1-top2 @ gen=427 : 9.359667 (top1=1608 top2=3229) rank_used=0 chosen=1608 marge_decisionnelle=9.359667
info:   marge top1-top2 @ gen=428 : 10.467186 (top1=723 top2=3037) rank_used=0 chosen=723 marge_decisionnelle=10.467186
info:   marge top1-top2 @ gen=429 : 9.558638 (top1=9062 top2=2953) rank_used=0 chosen=9062 marge_decisionnelle=9.558638
info:   marge top1-top2 @ gen=430 : 9.054748 (top1=125091 top2=188059) rank_used=0 chosen=125091 marge_decisionnelle=9.054748
info:   marge top1-top2 @ gen=431 : 7.856785 (top1=569 top2=513) rank_used=0 chosen=569 marge_decisionnelle=7.856785
info:   marge top1-top2 @ gen=432 : 11.122284 (top1=60588 top2=2417) rank_used=0 chosen=60588 marge_decisionnelle=11.122284
info:   marge top1-top2 @ gen=433 : 9.702419 (top1=3349 top2=141783) rank_used=0 chosen=3349 marge_decisionnelle=9.702419
info:   marge top1-top2 @ gen=434 : 8.961912 (top1=569 top2=513) rank_used=0 chosen=569 marge_decisionnelle=8.961912
info:   marge top1-top2 @ gen=435 : 10.641527 (top1=12727 top2=51635) rank_used=0 chosen=12727 marge_decisionnelle=10.641527
info:   marge top1-top2 @ gen=436 : 8.471361 (top1=1190 top2=498) rank_used=0 chosen=1190 marge_decisionnelle=8.471361
info:   marge top1-top2 @ gen=437 : 8.317308 (top1=193336 top2=141783) rank_used=0 chosen=193336 marge_decisionnelle=8.317308
info:   marge top1-top2 @ gen=438 : 10.394125 (top1=236761 top2=186346) rank_used=0 chosen=236761 marge_decisionnelle=10.394125
info:   marge top1-top2 @ gen=439 : 10.273678 (top1=16107 top2=36928) rank_used=0 chosen=16107 marge_decisionnelle=10.273678
info:   marge top1-top2 @ gen=440 : 9.770547 (top1=20995 top2=185817) rank_used=0 chosen=20995 marge_decisionnelle=9.770547
info:   marge top1-top2 @ gen=441 : 8.032455 (top1=569 top2=513) rank_used=0 chosen=569 marge_decisionnelle=8.032455
info:   marge top1-top2 @ gen=442 : 9.121182 (top1=150741 top2=114646) rank_used=0 chosen=150741 marge_decisionnelle=9.121182
info:   marge top1-top2 @ gen=443 : 11.637840 (top1=1640 top2=853) rank_used=0 chosen=1640 marge_decisionnelle=11.637840
info:   marge top1-top2 @ gen=444 : 9.802452 (top1=3381 top2=153747) rank_used=0 chosen=3381 marge_decisionnelle=9.802452
info:   marge top1-top2 @ gen=445 : 10.396831 (top1=4154 top2=28256) rank_used=0 chosen=4154 marge_decisionnelle=10.396831
info:   marge top1-top2 @ gen=446 : 10.787416 (top1=23371 top2=33761) rank_used=0 chosen=23371 marge_decisionnelle=10.787416
info:   marge top1-top2 @ gen=447 : 7.925407 (top1=2417 top2=3658) rank_used=0 chosen=2417 marge_decisionnelle=7.925407
info:   marge top1-top2 @ gen=448 : 11.402161 (top1=513 top2=569) rank_used=0 chosen=513 marge_decisionnelle=11.402161
info:   marge top1-top2 @ gen=449 : 10.407312 (top1=236789 top2=236858) rank_used=0 chosen=236789 marge_decisionnelle=10.407312
info:   marge top1-top2 @ gen=450 : 9.424301 (top1=2253 top2=602) rank_used=0 chosen=2253 marge_decisionnelle=9.424301
info:   marge top1-top2 @ gen=451 : 9.025064 (top1=20412 top2=180099) rank_used=0 chosen=20412 marge_decisionnelle=9.025064
info:   marge top1-top2 @ gen=452 : 9.686428 (top1=56556 top2=80214) rank_used=0 chosen=56556 marge_decisionnelle=9.686428
info:   marge top1-top2 @ gen=453 : 7.475647 (top1=236764 top2=568) rank_used=0 chosen=236764 marge_decisionnelle=7.475647
info:   marge top1-top2 @ gen=454 : 11.019436 (top1=674 top2=537) rank_used=0 chosen=674 marge_decisionnelle=11.019436
info:   marge top1-top2 @ gen=455 : 10.717500 (top1=56667 top2=38325) rank_used=0 chosen=56667 marge_decisionnelle=10.717500
info:   marge top1-top2 @ gen=456 : 11.692751 (top1=770 top2=636) rank_used=0 chosen=770 marge_decisionnelle=11.692751
info:   marge top1-top2 @ gen=457 : 9.936452 (top1=636 top2=1248) rank_used=0 chosen=636 marge_decisionnelle=9.936452
info:   marge top1-top2 @ gen=458 : 8.141325 (top1=4702 top2=31995) rank_used=0 chosen=4702 marge_decisionnelle=8.141325
info:   marge top1-top2 @ gen=459 : 3.932327 (top1=500 top2=4720) rank_used=0 chosen=500 marge_decisionnelle=3.932327
info:   marge top1-top2 @ gen=460 : 11.183496 (top1=929 top2=690) rank_used=0 chosen=929 marge_decisionnelle=11.183496
info:   marge top1-top2 @ gen=461 : 13.424642 (top1=1270 top2=556) rank_used=0 chosen=1270 marge_decisionnelle=13.424642
info:   marge top1-top2 @ gen=462 : 12.349275 (top1=3037 top2=723) rank_used=0 chosen=3037 marge_decisionnelle=12.349275
info:   marge top1-top2 @ gen=463 : 8.753979 (top1=623 top2=2789) rank_used=0 chosen=623 marge_decisionnelle=8.753979
info:   marge top1-top2 @ gen=464 : 9.876785 (top1=15307 top2=13596) rank_used=0 chosen=15307 marge_decisionnelle=9.876785
info:   marge top1-top2 @ gen=465 : 7.949358 (top1=8328 top2=237041) rank_used=0 chosen=8328 marge_decisionnelle=7.949358
info:   marge top1-top2 @ gen=466 : 15.137269 (top1=236775 top2=236779) rank_used=0 chosen=236775 marge_decisionnelle=15.137269
info:   marge top1-top2 @ gen=467 : 9.402514 (top1=39924 top2=119811) rank_used=0 chosen=39924 marge_decisionnelle=9.402514
info:   marge top1-top2 @ gen=468 : 12.635007 (top1=2947 top2=237077) rank_used=0 chosen=2947 marge_decisionnelle=12.635007
info:   marge top1-top2 @ gen=469 : 11.167773 (top1=636 top2=1248) rank_used=0 chosen=636 marge_decisionnelle=11.167773
info:   marge top1-top2 @ gen=470 : 12.232881 (top1=2972 top2=30485) rank_used=0 chosen=2972 marge_decisionnelle=12.232881
info:   marge top1-top2 @ gen=471 : 6.974213 (top1=2811 top2=3518) rank_used=0 chosen=2811 marge_decisionnelle=6.974213
info:   marge top1-top2 @ gen=472 : 9.887201 (top1=3229 top2=203580) rank_used=0 chosen=3229 marge_decisionnelle=9.887201
info:   marge top1-top2 @ gen=473 : 10.933288 (top1=13969 top2=50157) rank_used=0 chosen=13969 marge_decisionnelle=10.933288
info:   marge top1-top2 @ gen=474 : 12.383499 (top1=1008 top2=3229) rank_used=0 chosen=1008 marge_decisionnelle=12.383499
info:   marge top1-top2 @ gen=475 : 8.367975 (top1=1608 top2=40300) rank_used=0 chosen=1608 marge_decisionnelle=8.367975
info:   marge top1-top2 @ gen=476 : 6.319527 (top1=40300 top2=146955) rank_used=0 chosen=40300 marge_decisionnelle=6.319527
info:   marge top1-top2 @ gen=477 : 6.115391 (top1=569 top2=1747) rank_used=0 chosen=569 marge_decisionnelle=6.115391
info:   marge top1-top2 @ gen=478 : 9.122585 (top1=759 top2=537) rank_used=0 chosen=759 marge_decisionnelle=9.122585
info:   marge top1-top2 @ gen=479 : 9.635862 (top1=22939 top2=81872) rank_used=0 chosen=22939 marge_decisionnelle=9.635862
info:   marge top1-top2 @ gen=480 : 10.906717 (top1=236761 top2=568) rank_used=0 chosen=236761 marge_decisionnelle=10.906717
info:   marge top1-top2 @ gen=481 : 8.420319 (top1=27301 top2=50822) rank_used=0 chosen=27301 marge_decisionnelle=8.420319
info:   marge top1-top2 @ gen=482 : 9.064581 (top1=129120 top2=4313) rank_used=0 chosen=129120 marge_decisionnelle=9.064581
info:   marge top1-top2 @ gen=483 : 9.541750 (top1=15075 top2=26230) rank_used=0 chosen=15075 marge_decisionnelle=9.541750
info:   marge top1-top2 @ gen=484 : 9.641209 (top1=569 top2=513) rank_used=0 chosen=569 marge_decisionnelle=9.641209
info:   ... step 512 (484 générés)
info:   marge top1-top2 @ gen=485 : 9.980996 (top1=91920 top2=187135) rank_used=0 chosen=91920 marge_decisionnelle=9.980996
info:   marge top1-top2 @ gen=486 : 9.099930 (top1=40661 top2=94888) rank_used=0 chosen=40661 marge_decisionnelle=9.099930
info:   marge top1-top2 @ gen=487 : 7.835335 (top1=68962 top2=27228) rank_used=0 chosen=68962 marge_decisionnelle=7.835335
info:   marge top1-top2 @ gen=488 : 10.170189 (top1=759 top2=674) rank_used=0 chosen=759 marge_decisionnelle=10.170189
info:   marge top1-top2 @ gen=489 : 6.268688 (top1=83876 top2=112190) rank_used=0 chosen=83876 marge_decisionnelle=6.268688
info:   marge top1-top2 @ gen=490 : 14.222727 (top1=569 top2=513) rank_used=0 chosen=569 marge_decisionnelle=14.222727
info:   marge top1-top2 @ gen=491 : 9.358818 (top1=3313 top2=22564) rank_used=0 chosen=3313 marge_decisionnelle=9.358818
info:   marge top1-top2 @ gen=492 : 8.422453 (top1=46778 top2=1221) rank_used=0 chosen=46778 marge_decisionnelle=8.422453
info:   marge top1-top2 @ gen=493 : 11.371140 (top1=9966 top2=33334) rank_used=0 chosen=9966 marge_decisionnelle=11.371140
info:   marge top1-top2 @ gen=494 : 13.271643 (top1=696 top2=113526) rank_used=0 chosen=696 marge_decisionnelle=13.271643
info:   marge top1-top2 @ gen=495 : 9.897741 (top1=80334 top2=9841) rank_used=0 chosen=80334 marge_decisionnelle=9.897741
info:   marge top1-top2 @ gen=496 : 12.594393 (top1=3229 top2=6397) rank_used=0 chosen=3229 marge_decisionnelle=12.594393
info:   marge top1-top2 @ gen=497 : 12.648677 (top1=56667 top2=38325) rank_used=0 chosen=56667 marge_decisionnelle=12.648677
info:   marge top1-top2 @ gen=498 : 7.979120 (top1=569 top2=513) rank_used=0 chosen=569 marge_decisionnelle=7.979120
info:   marge top1-top2 @ gen=499 : 8.906836 (top1=131976 top2=132020) rank_used=0 chosen=131976 marge_decisionnelle=8.906836
info:   marge top1-top2 @ gen=500 : 10.667256 (top1=853 top2=569) rank_used=0 chosen=853 marge_decisionnelle=10.667256
info:   marge top1-top2 @ gen=501 : 8.753386 (top1=138905 top2=23505) rank_used=0 chosen=138905 marge_decisionnelle=8.753386
info:   marge top1-top2 @ gen=502 : 9.908941 (top1=569 top2=513) rank_used=0 chosen=569 marge_decisionnelle=9.908941
info:   marge top1-top2 @ gen=503 : 5.946728 (top1=50711 top2=31120) rank_used=0 chosen=50711 marge_decisionnelle=5.946728
info:   marge top1-top2 @ gen=504 : 7.044523 (top1=24562 top2=203434) rank_used=0 chosen=24562 marge_decisionnelle=7.044523
info:   marge top1-top2 @ gen=505 : 9.104015 (top1=108417 top2=258883) rank_used=0 chosen=108417 marge_decisionnelle=9.645351
info:   marge top1-top2 @ gen=506 : 8.410042 (top1=703 top2=695) rank_used=0 chosen=703 marge_decisionnelle=8.410042
info:   marge top1-top2 @ gen=507 : 9.535852 (top1=236761 top2=568) rank_used=0 chosen=236761 marge_decisionnelle=9.535852
info:   marge top1-top2 @ gen=508 : 3.976454 (top1=106 top2=108) rank_used=0 chosen=106 marge_decisionnelle=3.976454
info:   marge top1-top2 @ gen=509 : 0.139376 (top1=106 top2=954) rank_used=0 chosen=106 marge_decisionnelle=0.139376
info:   marge top1-top2 @ gen=510 : 6.677010 (top1=45518 top2=3305) rank_used=0 chosen=45518 marge_decisionnelle=6.677010
info:   marge top1-top2 @ gen=511 : 11.094391 (top1=107 top2=236813) rank_used=0 chosen=107 marge_decisionnelle=11.094391
info:   marge top1-top2 @ gen=512 : 6.095367 (top1=101 top2=100) rank_used=0 chosen=101 marge_decisionnelle=6.095367
info:   marge top1-top2 @ gen=513 : 8.071575 (top1=129930 top2=100) rank_used=0 chosen=129930 marge_decisionnelle=8.071575
info:   marge top1-top2 @ gen=514 : 12.344477 (top1=3037 top2=537) rank_used=0 chosen=3037 marge_decisionnelle=12.344477
info:   marge top1-top2 @ gen=515 : 10.350090 (top1=2049 top2=28620) rank_used=0 chosen=2049 marge_decisionnelle=10.350090
info:   marge top1-top2 @ gen=516 : 7.338865 (top1=4052 top2=13592) rank_used=0 chosen=4052 marge_decisionnelle=7.338865
info:   marge top1-top2 @ gen=517 : 8.976248 (top1=569 top2=696) rank_used=0 chosen=569 marge_decisionnelle=8.976248
info:   marge top1-top2 @ gen=518 : 10.604771 (top1=759 top2=537) rank_used=0 chosen=759 marge_decisionnelle=10.604771
info:   marge top1-top2 @ gen=519 : 10.044479 (top1=107058 top2=15307) rank_used=0 chosen=107058 marge_decisionnelle=10.044479
info:   marge top1-top2 @ gen=520 : 11.616793 (top1=2112 top2=239615) rank_used=0 chosen=2112 marge_decisionnelle=11.616793
info:   marge top1-top2 @ gen=521 : 9.071628 (top1=118583 top2=8285) rank_used=0 chosen=118583 marge_decisionnelle=9.071628
info:   marge top1-top2 @ gen=522 : 11.831111 (top1=513 top2=568) rank_used=0 chosen=513 marge_decisionnelle=11.831111
info:   marge top1-top2 @ gen=523 : 9.869417 (top1=236789 top2=236858) rank_used=0 chosen=236789 marge_decisionnelle=9.869417
info:   marge top1-top2 @ gen=524 : 11.669081 (top1=62462 top2=184436) rank_used=0 chosen=62462 marge_decisionnelle=11.669081
info:   marge top1-top2 @ gen=525 : 11.894648 (top1=696 top2=568) rank_used=0 chosen=696 marge_decisionnelle=11.894648
info:   marge top1-top2 @ gen=526 : 8.363728 (top1=22865 top2=12409) rank_used=0 chosen=22865 marge_decisionnelle=8.363728
info:   marge top1-top2 @ gen=527 : 9.247436 (top1=37485 top2=20412) rank_used=0 chosen=37485 marge_decisionnelle=9.247436
info:   marge top1-top2 @ gen=528 : 9.361952 (top1=1017 top2=236761) rank_used=0 chosen=1017 marge_decisionnelle=9.361952
info:   marge top1-top2 @ gen=529 : 9.855097 (top1=108 top2=236743) rank_used=0 chosen=108 marge_decisionnelle=9.855097
info:   marge top1-top2 @ gen=530 : 9.757843 (top1=4967 top2=236770) rank_used=0 chosen=4967 marge_decisionnelle=9.757843
info:   marge top1-top2 @ gen=531 : 10.282730 (top1=107058 top2=15307) rank_used=0 chosen=107058 marge_decisionnelle=10.282730
info:   marge top1-top2 @ gen=532 : 12.102303 (top1=2112 top2=239615) rank_used=0 chosen=2112 marge_decisionnelle=12.102303
info:   marge top1-top2 @ gen=533 : 9.646324 (top1=118583 top2=236410) rank_used=0 chosen=118583 marge_decisionnelle=9.646324
info:   marge top1-top2 @ gen=534 : 12.608250 (top1=513 top2=568) rank_used=0 chosen=513 marge_decisionnelle=12.608250
info:   marge top1-top2 @ gen=535 : 11.037954 (top1=236789 top2=236858) rank_used=0 chosen=236789 marge_decisionnelle=11.037954
info:   marge top1-top2 @ gen=536 : 12.508492 (top1=62462 top2=152303) rank_used=0 chosen=62462 marge_decisionnelle=12.508492
info:   marge top1-top2 @ gen=537 : 11.438968 (top1=1009 top2=568) rank_used=0 chosen=1009 marge_decisionnelle=11.438968
info:   marge top1-top2 @ gen=538 : 11.396690 (top1=3037 top2=2253) rank_used=0 chosen=3037 marge_decisionnelle=11.396690
info:   marge top1-top2 @ gen=539 : 8.326077 (top1=9939 top2=64836) rank_used=0 chosen=9939 marge_decisionnelle=8.326077
info:   marge top1-top2 @ gen=540 : 11.754807 (top1=2947 top2=107417) rank_used=0 chosen=2947 marge_decisionnelle=11.754807
info:   marge top1-top2 @ gen=541 : 9.322729 (top1=55844 top2=180348) rank_used=0 chosen=55844 marge_decisionnelle=9.322729
info:   marge top1-top2 @ gen=542 : 11.177821 (top1=674 top2=759) rank_used=0 chosen=674 marge_decisionnelle=11.177821
info:   marge top1-top2 @ gen=543 : 10.057158 (top1=28421 top2=97811) rank_used=0 chosen=28421 marge_decisionnelle=10.057158
info:   marge top1-top2 @ gen=544 : 8.927082 (top1=569 top2=513) rank_used=0 chosen=569 marge_decisionnelle=8.927082
info:   marge top1-top2 @ gen=545 : 10.070560 (top1=10040 top2=13031) rank_used=0 chosen=10040 marge_decisionnelle=10.070560
info:   marge top1-top2 @ gen=546 : 13.797147 (top1=513 top2=1167) rank_used=0 chosen=513 marge_decisionnelle=13.797147
info:   marge top1-top2 @ gen=547 : 11.533446 (top1=236789 top2=236858) rank_used=0 chosen=236789 marge_decisionnelle=11.533446
info:   marge top1-top2 @ gen=548 : 11.348642 (top1=602 top2=2253) rank_used=0 chosen=602 marge_decisionnelle=11.348642
info:   marge top1-top2 @ gen=549 : 11.800601 (top1=56667 top2=38325) rank_used=0 chosen=56667 marge_decisionnelle=11.800601
info:   marge top1-top2 @ gen=550 : 10.170164 (top1=568 top2=513) rank_used=0 chosen=568 marge_decisionnelle=10.170164
info:   marge top1-top2 @ gen=551 : 10.871675 (top1=182283 top2=74964) rank_used=0 chosen=182283 marge_decisionnelle=10.871675
info:   marge top1-top2 @ gen=552 : 10.583419 (top1=723 top2=674) rank_used=0 chosen=723 marge_decisionnelle=10.583419
info:   marge top1-top2 @ gen=553 : 11.304970 (top1=92474 top2=128282) rank_used=0 chosen=92474 marge_decisionnelle=11.304970
info:   marge top1-top2 @ gen=554 : 13.907302 (top1=236768 top2=1608) rank_used=0 chosen=236768 marge_decisionnelle=13.907302
info:   marge top1-top2 @ gen=555 : 10.278828 (top1=1608 top2=3229) rank_used=0 chosen=1608 marge_decisionnelle=10.278828
info:   marge top1-top2 @ gen=556 : 11.557336 (top1=723 top2=3037) rank_used=0 chosen=723 marge_decisionnelle=11.557336
info:   marge top1-top2 @ gen=557 : 10.410814 (top1=9062 top2=2953) rank_used=0 chosen=9062 marge_decisionnelle=10.410814
info:   marge top1-top2 @ gen=558 : 9.642555 (top1=125091 top2=188059) rank_used=0 chosen=125091 marge_decisionnelle=9.642555
info:   marge top1-top2 @ gen=559 : 8.954084 (top1=569 top2=513) rank_used=0 chosen=569 marge_decisionnelle=8.954084
info:   marge top1-top2 @ gen=560 : 11.166219 (top1=60588 top2=4171) rank_used=0 chosen=60588 marge_decisionnelle=11.166219
info:   marge top1-top2 @ gen=561 : 11.386326 (top1=3349 top2=141783) rank_used=0 chosen=3349 marge_decisionnelle=11.386326
info:   marge top1-top2 @ gen=562 : 10.308725 (top1=569 top2=513) rank_used=0 chosen=569 marge_decisionnelle=10.308725
info:   marge top1-top2 @ gen=563 : 11.332937 (top1=12727 top2=51635) rank_used=0 chosen=12727 marge_decisionnelle=11.332937
info:   marge top1-top2 @ gen=564 : 9.394887 (top1=1190 top2=498) rank_used=0 chosen=1190 marge_decisionnelle=9.394887
info:   marge top1-top2 @ gen=565 : 10.678982 (top1=193336 top2=13989) rank_used=0 chosen=193336 marge_decisionnelle=10.678982
info:   marge top1-top2 @ gen=566 : 11.214544 (top1=236761 top2=568) rank_used=0 chosen=236761 marge_decisionnelle=11.214544
info:   marge top1-top2 @ gen=567 : 10.672754 (top1=16107 top2=36928) rank_used=0 chosen=16107 marge_decisionnelle=10.672754
info:   marge top1-top2 @ gen=568 : 9.937464 (top1=20995 top2=185817) rank_used=0 chosen=20995 marge_decisionnelle=9.937464
info:   marge top1-top2 @ gen=569 : 8.663351 (top1=569 top2=513) rank_used=0 chosen=569 marge_decisionnelle=8.663351
info:   marge top1-top2 @ gen=570 : 8.979900 (top1=150741 top2=47924) rank_used=0 chosen=150741 marge_decisionnelle=8.979900
info:   marge top1-top2 @ gen=571 : 12.356285 (top1=1640 top2=853) rank_used=0 chosen=1640 marge_decisionnelle=12.356285
info:   marge top1-top2 @ gen=572 : 9.691798 (top1=3381 top2=153747) rank_used=0 chosen=3381 marge_decisionnelle=9.691798
info:   marge top1-top2 @ gen=573 : 10.284606 (top1=4154 top2=28256) rank_used=0 chosen=4154 marge_decisionnelle=10.284606
info:   marge top1-top2 @ gen=574 : 10.326001 (top1=23371 top2=33761) rank_used=0 chosen=23371 marge_decisionnelle=10.326001
info:   marge top1-top2 @ gen=575 : 7.603288 (top1=2417 top2=3658) rank_used=0 chosen=2417 marge_decisionnelle=7.603288
info:   marge top1-top2 @ gen=576 : 13.756639 (top1=513 top2=236770) rank_used=0 chosen=513 marge_decisionnelle=13.756639
info:   marge top1-top2 @ gen=577 : 10.503641 (top1=236789 top2=236858) rank_used=0 chosen=236789 marge_decisionnelle=10.503641
info:   marge top1-top2 @ gen=578 : 10.395470 (top1=2253 top2=602) rank_used=0 chosen=2253 marge_decisionnelle=10.395470
info:   marge top1-top2 @ gen=579 : 9.685493 (top1=20412 top2=69208) rank_used=0 chosen=20412 marge_decisionnelle=9.685493
info:   marge top1-top2 @ gen=580 : 9.959928 (top1=56556 top2=80214) rank_used=0 chosen=56556 marge_decisionnelle=9.959928
info:   marge top1-top2 @ gen=581 : 8.386232 (top1=236764 top2=568) rank_used=0 chosen=236764 marge_decisionnelle=8.386232
info:   marge top1-top2 @ gen=582 : 10.981577 (top1=674 top2=519) rank_used=0 chosen=674 marge_decisionnelle=10.981577
info:   marge top1-top2 @ gen=583 : 10.841206 (top1=56667 top2=38325) rank_used=0 chosen=56667 marge_decisionnelle=10.841206
info:   marge top1-top2 @ gen=584 : 12.720923 (top1=770 top2=636) rank_used=0 chosen=770 marge_decisionnelle=12.720923
info:   marge top1-top2 @ gen=585 : 9.894014 (top1=636 top2=1248) rank_used=0 chosen=636 marge_decisionnelle=9.894014
info:   marge top1-top2 @ gen=586 : 8.525358 (top1=4702 top2=31995) rank_used=0 chosen=4702 marge_decisionnelle=8.525358
info:   marge top1-top2 @ gen=587 : 9.036829 (top1=500 top2=1150) rank_used=0 chosen=500 marge_decisionnelle=9.036829
info:   marge top1-top2 @ gen=588 : 11.126718 (top1=929 top2=690) rank_used=0 chosen=929 marge_decisionnelle=11.126718
info:   marge top1-top2 @ gen=589 : 13.469096 (top1=1270 top2=46388) rank_used=0 chosen=1270 marge_decisionnelle=13.469096
info:   marge top1-top2 @ gen=590 : 12.276782 (top1=3037 top2=723) rank_used=0 chosen=3037 marge_decisionnelle=12.276782
info:   marge top1-top2 @ gen=591 : 10.221890 (top1=623 top2=2789) rank_used=0 chosen=623 marge_decisionnelle=10.221890
info:   marge top1-top2 @ gen=592 : 10.102802 (top1=15307 top2=13596) rank_used=0 chosen=15307 marge_decisionnelle=10.102802
info:   marge top1-top2 @ gen=593 : 8.336065 (top1=8328 top2=30049) rank_used=0 chosen=8328 marge_decisionnelle=8.336065
info:   marge top1-top2 @ gen=594 : 15.686630 (top1=236775 top2=236789) rank_used=0 chosen=236775 marge_decisionnelle=15.686630
info:   marge top1-top2 @ gen=595 : 9.137138 (top1=39924 top2=119811) rank_used=0 chosen=39924 marge_decisionnelle=9.137138
info:   marge top1-top2 @ gen=596 : 12.525005 (top1=2947 top2=28539) rank_used=0 chosen=2947 marge_decisionnelle=12.525005
info:   marge top1-top2 @ gen=597 : 10.663648 (top1=636 top2=1248) rank_used=0 chosen=636 marge_decisionnelle=10.663648
info:   marge top1-top2 @ gen=598 : 13.043909 (top1=2972 top2=30485) rank_used=0 chosen=2972 marge_decisionnelle=13.043909
info:   marge top1-top2 @ gen=599 : 7.566168 (top1=2811 top2=3518) rank_used=0 chosen=2811 marge_decisionnelle=7.566168
info:   marge top1-top2 @ gen=600 : 12.599347 (top1=3229 top2=203580) rank_used=0 chosen=3229 marge_decisionnelle=12.599347
info:   marge top1-top2 @ gen=601 : 10.789871 (top1=13969 top2=50157) rank_used=0 chosen=13969 marge_decisionnelle=10.789871
info:   marge top1-top2 @ gen=602 : 12.316044 (top1=1008 top2=570) rank_used=0 chosen=1008 marge_decisionnelle=12.316044
info:   marge top1-top2 @ gen=603 : 7.992123 (top1=1608 top2=40300) rank_used=0 chosen=1608 marge_decisionnelle=7.992123
info:   marge top1-top2 @ gen=604 : 6.777416 (top1=40300 top2=146955) rank_used=0 chosen=40300 marge_decisionnelle=6.777416
info:   marge top1-top2 @ gen=605 : 7.731960 (top1=569 top2=1747) rank_used=0 chosen=569 marge_decisionnelle=7.731960
info:   marge top1-top2 @ gen=606 : 9.600874 (top1=759 top2=537) rank_used=0 chosen=759 marge_decisionnelle=9.600874
info:   marge top1-top2 @ gen=607 : 9.539886 (top1=22939 top2=81872) rank_used=0 chosen=22939 marge_decisionnelle=9.539886
info:   marge top1-top2 @ gen=608 : 11.208721 (top1=236761 top2=568) rank_used=0 chosen=236761 marge_decisionnelle=11.208721
info:   marge top1-top2 @ gen=609 : 8.472824 (top1=27301 top2=50822) rank_used=0 chosen=27301 marge_decisionnelle=8.472824
info:   marge top1-top2 @ gen=610 : 8.889930 (top1=129120 top2=4313) rank_used=0 chosen=129120 marge_decisionnelle=8.889930
info:   marge top1-top2 @ gen=611 : 9.302689 (top1=15075 top2=26230) rank_used=0 chosen=15075 marge_decisionnelle=9.302689
info:   marge top1-top2 @ gen=612 : 9.929504 (top1=569 top2=513) rank_used=0 chosen=569 marge_decisionnelle=9.929504
info:   marge top1-top2 @ gen=613 : 9.597175 (top1=91920 top2=187135) rank_used=0 chosen=91920 marge_decisionnelle=9.597175
info:   marge top1-top2 @ gen=614 : 9.377539 (top1=40661 top2=94888) rank_used=0 chosen=40661 marge_decisionnelle=9.377539
info:   marge top1-top2 @ gen=615 : 8.139380 (top1=68962 top2=27228) rank_used=0 chosen=68962 marge_decisionnelle=8.139380
info:   marge top1-top2 @ gen=616 : 11.413556 (top1=759 top2=674) rank_used=0 chosen=759 marge_decisionnelle=11.413556
info:   marge top1-top2 @ gen=617 : 7.660399 (top1=83876 top2=112190) rank_used=0 chosen=83876 marge_decisionnelle=7.660399
info:   marge top1-top2 @ gen=618 : 14.100305 (top1=569 top2=513) rank_used=0 chosen=569 marge_decisionnelle=14.100305
info:   marge top1-top2 @ gen=619 : 9.340340 (top1=3313 top2=22564) rank_used=0 chosen=3313 marge_decisionnelle=9.340340
info:   marge top1-top2 @ gen=620 : 9.437771 (top1=46778 top2=1221) rank_used=0 chosen=46778 marge_decisionnelle=9.437771
info:   marge top1-top2 @ gen=621 : 11.935339 (top1=9966 top2=33334) rank_used=0 chosen=9966 marge_decisionnelle=11.935339
info:   marge top1-top2 @ gen=622 : 13.069319 (top1=696 top2=113526) rank_used=0 chosen=696 marge_decisionnelle=13.069319
info:   marge top1-top2 @ gen=623 : 10.072416 (top1=80334 top2=9841) rank_used=0 chosen=80334 marge_decisionnelle=10.072416
info:   marge top1-top2 @ gen=624 : 12.847612 (top1=3229 top2=6397) rank_used=0 chosen=3229 marge_decisionnelle=12.847612
info:   marge top1-top2 @ gen=625 : 12.608356 (top1=56667 top2=94647) rank_used=0 chosen=56667 marge_decisionnelle=12.608356
info:   marge top1-top2 @ gen=626 : 8.265162 (top1=569 top2=513) rank_used=0 chosen=569 marge_decisionnelle=8.265162
info:   marge top1-top2 @ gen=627 : 9.675028 (top1=131976 top2=132020) rank_used=0 chosen=131976 marge_decisionnelle=9.675028
info:   marge top1-top2 @ gen=628 : 12.881844 (top1=853 top2=569) rank_used=0 chosen=853 marge_decisionnelle=12.881844
info:   marge top1-top2 @ gen=629 : 8.332093 (top1=138905 top2=23505) rank_used=0 chosen=138905 marge_decisionnelle=8.332093
info:   marge top1-top2 @ gen=630 : 11.216526 (top1=569 top2=513) rank_used=0 chosen=569 marge_decisionnelle=11.216526
info:   marge top1-top2 @ gen=631 : 6.711643 (top1=50711 top2=31120) rank_used=0 chosen=50711 marge_decisionnelle=6.711643
info:   marge top1-top2 @ gen=632 : 6.861811 (top1=24562 top2=203434) rank_used=0 chosen=24562 marge_decisionnelle=6.861811
info:   marge top1-top2 @ gen=633 : 9.421762 (top1=108417 top2=258883) rank_used=0 chosen=108417 marge_decisionnelle=10.035207
info:   marge top1-top2 @ gen=634 : 8.840857 (top1=703 top2=785) rank_used=0 chosen=703 marge_decisionnelle=8.840857
info:   marge top1-top2 @ gen=635 : 9.958168 (top1=236761 top2=568) rank_used=0 chosen=236761 marge_decisionnelle=9.958168
info:   marge top1-top2 @ gen=636 : 1.887085 (top1=106 top2=108) rank_used=0 chosen=106 marge_decisionnelle=1.887085
info:   marge top1-top2 @ gen=637 : 1.533958 (top1=954 top2=100) rank_used=0 chosen=954 marge_decisionnelle=1.533958
info:   marge top1-top2 @ gen=638 : 6.497110 (top1=45518 top2=1734) rank_used=0 chosen=45518 marge_decisionnelle=6.497110
info:   marge top1-top2 @ gen=639 : 7.612061 (top1=236813 top2=107) rank_used=0 chosen=236813 marge_decisionnelle=7.612061
info:   marge top1-top2 @ gen=640 : 0.807997 (top1=107 top2=106) rank_used=0 chosen=107 marge_decisionnelle=0.807997
info:   marge top1-top2 @ gen=641 : 0.381096 (top1=101 top2=100) rank_used=0 chosen=101 marge_decisionnelle=0.381096
info:   marge top1-top2 @ gen=642 : 4.908585 (top1=129930 top2=4967) rank_used=0 chosen=129930 marge_decisionnelle=4.908585
info:   marge top1-top2 @ gen=643 : 10.151693 (top1=3037 top2=537) rank_used=0 chosen=3037 marge_decisionnelle=10.151693
info:   marge top1-top2 @ gen=644 : 9.552702 (top1=2049 top2=15569) rank_used=0 chosen=2049 marge_decisionnelle=9.552702
info:   marge top1-top2 @ gen=645 : 10.253730 (top1=4052 top2=13592) rank_used=0 chosen=4052 marge_decisionnelle=10.253730
info:   marge top1-top2 @ gen=646 : 6.711611 (top1=569 top2=696) rank_used=0 chosen=569 marge_decisionnelle=6.711611
info:   marge top1-top2 @ gen=647 : 10.291613 (top1=759 top2=537) rank_used=0 chosen=759 marge_decisionnelle=10.291613
info:   marge top1-top2 @ gen=648 : 9.645244 (top1=107058 top2=5213) rank_used=0 chosen=107058 marge_decisionnelle=9.645244
info:   marge top1-top2 @ gen=649 : 11.796274 (top1=2112 top2=239615) rank_used=0 chosen=2112 marge_decisionnelle=11.796274
info:   marge top1-top2 @ gen=650 : 8.543450 (top1=118583 top2=8285) rank_used=0 chosen=118583 marge_decisionnelle=8.543450
info:   marge top1-top2 @ gen=651 : 9.927385 (top1=513 top2=568) rank_used=0 chosen=513 marge_decisionnelle=9.927385
info:   marge top1-top2 @ gen=652 : 9.942606 (top1=236789 top2=236858) rank_used=0 chosen=236789 marge_decisionnelle=9.942606
info:   marge top1-top2 @ gen=653 : 11.898584 (top1=62462 top2=82839) rank_used=0 chosen=62462 marge_decisionnelle=11.898584
info:   marge top1-top2 @ gen=654 : 8.075855 (top1=696 top2=568) rank_used=0 chosen=696 marge_decisionnelle=8.075855
info:   marge top1-top2 @ gen=655 : 9.013199 (top1=22865 top2=12409) rank_used=0 chosen=22865 marge_decisionnelle=9.013199
info:   marge top1-top2 @ gen=656 : 9.711934 (top1=37485 top2=20412) rank_used=0 chosen=37485 marge_decisionnelle=9.711934
info:   marge top1-top2 @ gen=657 : 9.620308 (top1=1017 top2=236761) rank_used=0 chosen=1017 marge_decisionnelle=9.620308
info:   marge top1-top2 @ gen=658 : 9.573490 (top1=108 top2=236743) rank_used=0 chosen=108 marge_decisionnelle=9.573490
info:   marge top1-top2 @ gen=659 : 7.258781 (top1=4967 top2=236770) rank_used=0 chosen=4967 marge_decisionnelle=7.258781
info:   marge top1-top2 @ gen=660 : 7.239578 (top1=107058 top2=5213) rank_used=0 chosen=107058 marge_decisionnelle=7.239578
info:   marge top1-top2 @ gen=661 : 11.932552 (top1=2112 top2=239615) rank_used=0 chosen=2112 marge_decisionnelle=11.932552
info:   marge top1-top2 @ gen=662 : 8.692994 (top1=118583 top2=8285) rank_used=0 chosen=118583 marge_decisionnelle=8.692994
info:   marge top1-top2 @ gen=663 : 11.224915 (top1=513 top2=568) rank_used=0 chosen=513 marge_decisionnelle=11.224915
info:   marge top1-top2 @ gen=664 : 9.454287 (top1=236789 top2=236858) rank_used=0 chosen=236789 marge_decisionnelle=9.454287
info:   marge top1-top2 @ gen=665 : 12.438691 (top1=62462 top2=82839) rank_used=0 chosen=62462 marge_decisionnelle=12.438691
info:   marge top1-top2 @ gen=666 : 9.288839 (top1=1009 top2=568) rank_used=0 chosen=1009 marge_decisionnelle=9.288839
info:   marge top1-top2 @ gen=667 : 11.585006 (top1=3037 top2=2253) rank_used=0 chosen=3037 marge_decisionnelle=11.585006
info:   marge top1-top2 @ gen=668 : 6.694412 (top1=9939 top2=64836) rank_used=0 chosen=9939 marge_decisionnelle=6.694412
info:   marge top1-top2 @ gen=669 : 10.357363 (top1=2947 top2=107417) rank_used=0 chosen=2947 marge_decisionnelle=10.357363
info:   marge top1-top2 @ gen=670 : 9.699604 (top1=55844 top2=180348) rank_used=0 chosen=55844 marge_decisionnelle=9.699604
info:   marge top1-top2 @ gen=671 : 10.739281 (top1=674 top2=759) rank_used=0 chosen=674 marge_decisionnelle=10.739281
info:   marge top1-top2 @ gen=672 : 9.346788 (top1=28421 top2=97811) rank_used=0 chosen=28421 marge_decisionnelle=9.346788
info:   marge top1-top2 @ gen=673 : 8.490042 (top1=569 top2=513) rank_used=0 chosen=569 marge_decisionnelle=8.490042
info:   marge top1-top2 @ gen=674 : 9.375368 (top1=10040 top2=13031) rank_used=0 chosen=10040 marge_decisionnelle=9.375368
info:   marge top1-top2 @ gen=675 : 13.418812 (top1=513 top2=1747) rank_used=0 chosen=513 marge_decisionnelle=13.418812
info:   marge top1-top2 @ gen=676 : 10.694420 (top1=236789 top2=236858) rank_used=0 chosen=236789 marge_decisionnelle=10.694420
info:   marge top1-top2 @ gen=677 : 11.564634 (top1=602 top2=2253) rank_used=0 chosen=602 marge_decisionnelle=11.564634
info:   marge top1-top2 @ gen=678 : 11.602319 (top1=56667 top2=6603) rank_used=0 chosen=56667 marge_decisionnelle=11.602319
info:   marge top1-top2 @ gen=679 : 7.359379 (top1=568 top2=513) rank_used=0 chosen=568 marge_decisionnelle=7.359379
info:   marge top1-top2 @ gen=680 : 10.015539 (top1=182283 top2=74964) rank_used=0 chosen=182283 marge_decisionnelle=10.015539
info:   marge top1-top2 @ gen=681 : 10.432823 (top1=723 top2=674) rank_used=0 chosen=723 marge_decisionnelle=10.432823
info:   marge top1-top2 @ gen=682 : 11.073859 (top1=92474 top2=128282) rank_used=0 chosen=92474 marge_decisionnelle=11.073859
info:   marge top1-top2 @ gen=683 : 12.266001 (top1=236768 top2=98724) rank_used=0 chosen=236768 marge_decisionnelle=12.266001
info:   marge top1-top2 @ gen=684 : 9.073858 (top1=1608 top2=3229) rank_used=0 chosen=1608 marge_decisionnelle=9.073858
info:   marge top1-top2 @ gen=685 : 11.004404 (top1=723 top2=3037) rank_used=0 chosen=723 marge_decisionnelle=11.004404
info:   marge top1-top2 @ gen=686 : 9.713198 (top1=9062 top2=2953) rank_used=0 chosen=9062 marge_decisionnelle=9.713198
info:   marge top1-top2 @ gen=687 : 9.360802 (top1=125091 top2=188059) rank_used=0 chosen=125091 marge_decisionnelle=9.360802
info:   marge top1-top2 @ gen=688 : 8.342541 (top1=569 top2=513) rank_used=0 chosen=569 marge_decisionnelle=8.342541
info:   marge top1-top2 @ gen=689 : 11.109941 (top1=60588 top2=4171) rank_used=0 chosen=60588 marge_decisionnelle=11.109941
info:   marge top1-top2 @ gen=690 : 10.030338 (top1=3349 top2=141783) rank_used=0 chosen=3349 marge_decisionnelle=10.030338
info:   marge top1-top2 @ gen=691 : 9.359156 (top1=569 top2=513) rank_used=0 chosen=569 marge_decisionnelle=9.359156
info:   marge top1-top2 @ gen=692 : 11.449009 (top1=12727 top2=51635) rank_used=0 chosen=12727 marge_decisionnelle=11.449009
info:   marge top1-top2 @ gen=693 : 9.731936 (top1=1190 top2=498) rank_used=0 chosen=1190 marge_decisionnelle=9.731936
info:   marge top1-top2 @ gen=694 : 9.457659 (top1=193336 top2=13989) rank_used=0 chosen=193336 marge_decisionnelle=9.457659
info:   marge top1-top2 @ gen=695 : 9.928274 (top1=236761 top2=568) rank_used=0 chosen=236761 marge_decisionnelle=9.928274
info:   marge top1-top2 @ gen=696 : 10.446678 (top1=16107 top2=36928) rank_used=0 chosen=16107 marge_decisionnelle=10.446678
info:   marge top1-top2 @ gen=697 : 9.874866 (top1=20995 top2=185817) rank_used=0 chosen=20995 marge_decisionnelle=9.874866
info:   marge top1-top2 @ gen=698 : 8.342850 (top1=569 top2=513) rank_used=0 chosen=569 marge_decisionnelle=8.342850
info:   marge top1-top2 @ gen=699 : 9.085867 (top1=150741 top2=114646) rank_used=0 chosen=150741 marge_decisionnelle=9.085867
info:   marge top1-top2 @ gen=700 : 11.346871 (top1=1640 top2=20328) rank_used=0 chosen=1640 marge_decisionnelle=11.346871
info:   marge top1-top2 @ gen=701 : 9.810699 (top1=3381 top2=153747) rank_used=0 chosen=3381 marge_decisionnelle=9.810699
info:   marge top1-top2 @ gen=702 : 10.776160 (top1=4154 top2=28256) rank_used=0 chosen=4154 marge_decisionnelle=10.776160
info:   marge top1-top2 @ gen=703 : 10.787617 (top1=23371 top2=33761) rank_used=0 chosen=23371 marge_decisionnelle=10.787617
info:   marge top1-top2 @ gen=704 : 7.979094 (top1=2417 top2=3658) rank_used=0 chosen=2417 marge_decisionnelle=7.979094
info:   marge top1-top2 @ gen=705 : 12.229652 (top1=513 top2=569) rank_used=0 chosen=513 marge_decisionnelle=12.229652
info:   marge top1-top2 @ gen=706 : 10.548237 (top1=236789 top2=236858) rank_used=0 chosen=236789 marge_decisionnelle=10.548237
info:   marge top1-top2 @ gen=707 : 9.345655 (top1=2253 top2=602) rank_used=0 chosen=2253 marge_decisionnelle=9.345655
info:   marge top1-top2 @ gen=708 : 9.371601 (top1=20412 top2=69208) rank_used=0 chosen=20412 marge_decisionnelle=9.371601
info:   marge top1-top2 @ gen=709 : 9.656034 (top1=56556 top2=80214) rank_used=0 chosen=56556 marge_decisionnelle=9.656034
info:   marge top1-top2 @ gen=710 : 7.139114 (top1=236764 top2=568) rank_used=0 chosen=236764 marge_decisionnelle=7.139114
info:   marge top1-top2 @ gen=711 : 11.368269 (top1=674 top2=519) rank_used=0 chosen=674 marge_decisionnelle=11.368269
info:   marge top1-top2 @ gen=712 : 10.595145 (top1=56667 top2=27387) rank_used=0 chosen=56667 marge_decisionnelle=10.595145
info:   marge top1-top2 @ gen=713 : 10.767625 (top1=770 top2=636) rank_used=0 chosen=770 marge_decisionnelle=10.767625
info:   marge top1-top2 @ gen=714 : 9.616997 (top1=636 top2=1248) rank_used=0 chosen=636 marge_decisionnelle=9.616997
info:   marge top1-top2 @ gen=715 : 8.740875 (top1=4702 top2=31995) rank_used=0 chosen=4702 marge_decisionnelle=8.740875
info:   marge top1-top2 @ gen=716 : 8.811548 (top1=500 top2=12220) rank_used=0 chosen=500 marge_decisionnelle=8.811548
info:   marge top1-top2 @ gen=717 : 11.277961 (top1=929 top2=690) rank_used=0 chosen=929 marge_decisionnelle=11.277961
info:   marge top1-top2 @ gen=718 : 13.453564 (top1=1270 top2=556) rank_used=0 chosen=1270 marge_decisionnelle=13.453564
info:   marge top1-top2 @ gen=719 : 11.849106 (top1=3037 top2=723) rank_used=0 chosen=3037 marge_decisionnelle=11.849106
info:   marge top1-top2 @ gen=720 : 8.194717 (top1=623 top2=2789) rank_used=0 chosen=623 marge_decisionnelle=8.194717
info:   marge top1-top2 @ gen=721 : 10.030112 (top1=15307 top2=13596) rank_used=0 chosen=15307 marge_decisionnelle=10.030112
info:   marge top1-top2 @ gen=722 : 8.608656 (top1=8328 top2=30049) rank_used=0 chosen=8328 marge_decisionnelle=8.608656
info:   marge top1-top2 @ gen=723 : 15.481281 (top1=236775 top2=236779) rank_used=0 chosen=236775 marge_decisionnelle=15.481281
info:   marge top1-top2 @ gen=724 : 9.620265 (top1=39924 top2=119811) rank_used=0 chosen=39924 marge_decisionnelle=9.620265
info:   marge top1-top2 @ gen=725 : 12.758785 (top1=2947 top2=237077) rank_used=0 chosen=2947 marge_decisionnelle=12.758785
info:   marge top1-top2 @ gen=726 : 10.789106 (top1=636 top2=1248) rank_used=0 chosen=636 marge_decisionnelle=10.789106
info:   marge top1-top2 @ gen=727 : 12.719569 (top1=2972 top2=30485) rank_used=0 chosen=2972 marge_decisionnelle=12.719569
info:   marge top1-top2 @ gen=728 : 7.740871 (top1=2811 top2=3518) rank_used=0 chosen=2811 marge_decisionnelle=7.740871
info:   marge top1-top2 @ gen=729 : 10.942007 (top1=3229 top2=203580) rank_used=0 chosen=3229 marge_decisionnelle=10.942007
info:   marge top1-top2 @ gen=730 : 10.838087 (top1=13969 top2=50157) rank_used=0 chosen=13969 marge_decisionnelle=10.838087
info:   marge top1-top2 @ gen=731 : 12.312729 (top1=1008 top2=570) rank_used=0 chosen=1008 marge_decisionnelle=12.312729
info:   marge top1-top2 @ gen=732 : 7.196720 (top1=1608 top2=40300) rank_used=0 chosen=1608 marge_decisionnelle=7.196720
info:   marge top1-top2 @ gen=733 : 6.566422 (top1=40300 top2=146955) rank_used=0 chosen=40300 marge_decisionnelle=6.566422
info:   marge top1-top2 @ gen=734 : 6.568867 (top1=569 top2=1747) rank_used=0 chosen=569 marge_decisionnelle=6.568867
info:   marge top1-top2 @ gen=735 : 9.595245 (top1=759 top2=537) rank_used=0 chosen=759 marge_decisionnelle=9.595245
info:   marge top1-top2 @ gen=736 : 9.549068 (top1=22939 top2=180253) rank_used=0 chosen=22939 marge_decisionnelle=9.549068
info:   marge top1-top2 @ gen=737 : 9.912087 (top1=236761 top2=568) rank_used=0 chosen=236761 marge_decisionnelle=9.912087
info:   marge top1-top2 @ gen=738 : 8.627895 (top1=27301 top2=50822) rank_used=0 chosen=27301 marge_decisionnelle=8.627895
info:   marge top1-top2 @ gen=739 : 8.904163 (top1=129120 top2=4313) rank_used=0 chosen=129120 marge_decisionnelle=8.904163
info:   marge top1-top2 @ gen=740 : 9.523869 (top1=15075 top2=26230) rank_used=0 chosen=15075 marge_decisionnelle=9.523869
info:   ... step 768 (740 générés)
info:   marge top1-top2 @ gen=741 : 9.506483 (top1=569 top2=513) rank_used=0 chosen=569 marge_decisionnelle=9.506483
info:   marge top1-top2 @ gen=742 : 9.818008 (top1=91920 top2=187135) rank_used=0 chosen=91920 marge_decisionnelle=9.818008
info:   marge top1-top2 @ gen=743 : 9.588464 (top1=40661 top2=94888) rank_used=0 chosen=40661 marge_decisionnelle=9.588464
info:   marge top1-top2 @ gen=744 : 8.658830 (top1=68962 top2=27228) rank_used=0 chosen=68962 marge_decisionnelle=8.658830
info:   marge top1-top2 @ gen=745 : 10.474857 (top1=759 top2=674) rank_used=0 chosen=759 marge_decisionnelle=10.474857
info:   marge top1-top2 @ gen=746 : 7.268587 (top1=83876 top2=112190) rank_used=0 chosen=83876 marge_decisionnelle=7.268587
info:   marge top1-top2 @ gen=747 : 14.268742 (top1=569 top2=513) rank_used=0 chosen=569 marge_decisionnelle=14.268742
info:   marge top1-top2 @ gen=748 : 9.864381 (top1=3313 top2=150741) rank_used=0 chosen=3313 marge_decisionnelle=9.864381
info:   marge top1-top2 @ gen=749 : 9.331152 (top1=46778 top2=1221) rank_used=0 chosen=46778 marge_decisionnelle=9.331152
info:   marge top1-top2 @ gen=750 : 11.872902 (top1=9966 top2=33334) rank_used=0 chosen=9966 marge_decisionnelle=11.872902
info:   marge top1-top2 @ gen=751 : 13.051366 (top1=696 top2=113526) rank_used=0 chosen=696 marge_decisionnelle=13.051366
info:   marge top1-top2 @ gen=752 : 10.506571 (top1=80334 top2=9841) rank_used=0 chosen=80334 marge_decisionnelle=10.506571
info:   marge top1-top2 @ gen=753 : 13.153443 (top1=3229 top2=6397) rank_used=0 chosen=3229 marge_decisionnelle=13.153443
info:   marge top1-top2 @ gen=754 : 12.529267 (top1=56667 top2=94647) rank_used=0 chosen=56667 marge_decisionnelle=12.529267
info:   marge top1-top2 @ gen=755 : 8.299551 (top1=569 top2=513) rank_used=0 chosen=569 marge_decisionnelle=8.299551
info:   marge top1-top2 @ gen=756 : 9.457226 (top1=131976 top2=132020) rank_used=0 chosen=131976 marge_decisionnelle=9.457226
info:   marge top1-top2 @ gen=757 : 12.114786 (top1=853 top2=569) rank_used=0 chosen=853 marge_decisionnelle=12.114786
info:   marge top1-top2 @ gen=758 : 8.233313 (top1=138905 top2=23505) rank_used=0 chosen=138905 marge_decisionnelle=8.233313
info:   marge top1-top2 @ gen=759 : 10.667381 (top1=569 top2=513) rank_used=0 chosen=569 marge_decisionnelle=10.667381
info:   marge top1-top2 @ gen=760 : 6.211710 (top1=50711 top2=31120) rank_used=0 chosen=50711 marge_decisionnelle=6.211710
info:   marge top1-top2 @ gen=761 : 6.926600 (top1=24562 top2=203434) rank_used=0 chosen=24562 marge_decisionnelle=6.926600
info:   marge top1-top2 @ gen=762 : 9.298787 (top1=108417 top2=258883) rank_used=0 chosen=108417 marge_decisionnelle=9.983108
info:   marge top1-top2 @ gen=763 : 8.747604 (top1=703 top2=785) rank_used=0 chosen=703 marge_decisionnelle=8.747604
info:   marge top1-top2 @ gen=764 : 8.699293 (top1=236761 top2=568) rank_used=0 chosen=236761 marge_decisionnelle=8.699293
info:   marge top1-top2 @ gen=765 : 2.947546 (top1=106 top2=954) rank_used=0 chosen=106 marge_decisionnelle=2.947546
info:   marge top1-top2 @ gen=766 : 2.238356 (top1=954 top2=106) rank_used=0 chosen=954 marge_decisionnelle=2.238356
info:   marge top1-top2 @ gen=767 : 9.169018 (top1=45518 top2=3305) rank_used=0 chosen=45518 marge_decisionnelle=9.169018
info:   marge top1-top2 @ gen=768 : 11.609353 (top1=236813 top2=107068) rank_used=0 chosen=236813 marge_decisionnelle=11.609353
info:   marge top1-top2 @ gen=769 : 5.995415 (top1=107 top2=106) rank_used=0 chosen=107 marge_decisionnelle=5.995415
info:   marge top1-top2 @ gen=770 : 1.449612 (top1=101 top2=100) rank_used=0 chosen=101 marge_decisionnelle=1.449612
info:   marge top1-top2 @ gen=771 : 8.634163 (top1=129930 top2=4967) rank_used=0 chosen=129930 marge_decisionnelle=8.634163
info:   marge top1-top2 @ gen=772 : 12.495118 (top1=3037 top2=696) rank_used=0 chosen=3037 marge_decisionnelle=12.495118
info:   marge top1-top2 @ gen=773 : 9.946793 (top1=2049 top2=28620) rank_used=0 chosen=2049 marge_decisionnelle=9.946793
info:   marge top1-top2 @ gen=774 : 9.368757 (top1=4052 top2=3854) rank_used=0 chosen=4052 marge_decisionnelle=9.368757
info:   marge top1-top2 @ gen=775 : 10.267042 (top1=569 top2=696) rank_used=0 chosen=569 marge_decisionnelle=10.267042
info:   marge top1-top2 @ gen=776 : 11.109982 (top1=759 top2=537) rank_used=0 chosen=759 marge_decisionnelle=11.109982
info:   marge top1-top2 @ gen=777 : 9.994373 (top1=107058 top2=15307) rank_used=0 chosen=107058 marge_decisionnelle=9.994373
info:   marge top1-top2 @ gen=778 : 12.157444 (top1=2112 top2=162039) rank_used=0 chosen=2112 marge_decisionnelle=12.157444
info:   marge top1-top2 @ gen=779 : 8.643436 (top1=118583 top2=8285) rank_used=0 chosen=118583 marge_decisionnelle=8.643436
info:   marge top1-top2 @ gen=780 : 12.269672 (top1=513 top2=568) rank_used=0 chosen=513 marge_decisionnelle=12.269672
info:   marge top1-top2 @ gen=781 : 11.935175 (top1=236789 top2=236858) rank_used=0 chosen=236789 marge_decisionnelle=11.935175
info:   marge top1-top2 @ gen=782 : 12.025077 (top1=62462 top2=82839) rank_used=0 chosen=62462 marge_decisionnelle=12.025077
info:   marge top1-top2 @ gen=783 : 10.881397 (top1=696 top2=568) rank_used=0 chosen=696 marge_decisionnelle=10.881397
info:   marge top1-top2 @ gen=784 : 8.335018 (top1=22865 top2=12409) rank_used=0 chosen=22865 marge_decisionnelle=8.335018
info:   marge top1-top2 @ gen=785 : 9.481745 (top1=37485 top2=12462) rank_used=0 chosen=37485 marge_decisionnelle=9.481745
info:   marge top1-top2 @ gen=786 : 10.682081 (top1=1017 top2=236761) rank_used=0 chosen=1017 marge_decisionnelle=10.682081
info:   marge top1-top2 @ gen=787 : 11.080040 (top1=108 top2=236743) rank_used=0 chosen=108 marge_decisionnelle=11.080040
info:   marge top1-top2 @ gen=788 : 9.106709 (top1=4967 top2=236770) rank_used=0 chosen=4967 marge_decisionnelle=9.106709
info:   marge top1-top2 @ gen=789 : 9.852612 (top1=107058 top2=15307) rank_used=0 chosen=107058 marge_decisionnelle=9.852612
info:   marge top1-top2 @ gen=790 : 12.374738 (top1=2112 top2=239615) rank_used=0 chosen=2112 marge_decisionnelle=12.374738
info:   marge top1-top2 @ gen=791 : 9.368750 (top1=118583 top2=8285) rank_used=0 chosen=118583 marge_decisionnelle=9.368750
info:   marge top1-top2 @ gen=792 : 12.848802 (top1=513 top2=568) rank_used=0 chosen=513 marge_decisionnelle=12.848802
info:   marge top1-top2 @ gen=793 : 11.946535 (top1=236789 top2=236858) rank_used=0 chosen=236789 marge_decisionnelle=11.946535
info:   marge top1-top2 @ gen=794 : 12.677798 (top1=62462 top2=82839) rank_used=0 chosen=62462 marge_decisionnelle=12.677798
info:   marge top1-top2 @ gen=795 : 11.482103 (top1=1009 top2=568) rank_used=0 chosen=1009 marge_decisionnelle=11.482103
info:   marge top1-top2 @ gen=796 : 11.409204 (top1=3037 top2=2253) rank_used=0 chosen=3037 marge_decisionnelle=11.409204
info:   marge top1-top2 @ gen=797 : 9.325115 (top1=9939 top2=64836) rank_used=0 chosen=9939 marge_decisionnelle=9.325115
info:   marge top1-top2 @ gen=798 : 12.282661 (top1=2947 top2=28539) rank_used=0 chosen=2947 marge_decisionnelle=12.282661
info:   marge top1-top2 @ gen=799 : 9.350607 (top1=55844 top2=180348) rank_used=0 chosen=55844 marge_decisionnelle=9.350607
info:   marge top1-top2 @ gen=800 : 11.840503 (top1=674 top2=759) rank_used=0 chosen=674 marge_decisionnelle=11.840503
info:   marge top1-top2 @ gen=801 : 10.499707 (top1=28421 top2=97811) rank_used=0 chosen=28421 marge_decisionnelle=10.499707
info:   marge top1-top2 @ gen=802 : 10.133352 (top1=569 top2=513) rank_used=0 chosen=569 marge_decisionnelle=10.133352
info:   marge top1-top2 @ gen=803 : 9.931932 (top1=10040 top2=13031) rank_used=0 chosen=10040 marge_decisionnelle=9.931932
info:   marge top1-top2 @ gen=804 : 14.117031 (top1=513 top2=1167) rank_used=0 chosen=513 marge_decisionnelle=14.117031
info:   marge top1-top2 @ gen=805 : 11.923897 (top1=236789 top2=236858) rank_used=0 chosen=236789 marge_decisionnelle=11.923897
info:   marge top1-top2 @ gen=806 : 11.736763 (top1=602 top2=5095) rank_used=0 chosen=602 marge_decisionnelle=11.736763
info:   marge top1-top2 @ gen=807 : 11.985647 (top1=56667 top2=38325) rank_used=0 chosen=56667 marge_decisionnelle=11.985647
info:   marge top1-top2 @ gen=808 : 10.750919 (top1=568 top2=513) rank_used=0 chosen=568 marge_decisionnelle=10.750919
info:   marge top1-top2 @ gen=809 : 10.877068 (top1=182283 top2=3521) rank_used=0 chosen=182283 marge_decisionnelle=10.877068
info:   marge top1-top2 @ gen=810 : 10.692523 (top1=723 top2=602) rank_used=0 chosen=723 marge_decisionnelle=10.692523
info:   marge top1-top2 @ gen=811 : 11.487230 (top1=92474 top2=128282) rank_used=0 chosen=92474 marge_decisionnelle=11.487230
info:   marge top1-top2 @ gen=812 : 14.666609 (top1=236768 top2=237214) rank_used=0 chosen=236768 marge_decisionnelle=14.666609
info:   marge top1-top2 @ gen=813 : 10.669182 (top1=1608 top2=3229) rank_used=0 chosen=1608 marge_decisionnelle=10.669182
info:   marge top1-top2 @ gen=814 : 12.068490 (top1=723 top2=602) rank_used=0 chosen=723 marge_decisionnelle=12.068490
info:   marge top1-top2 @ gen=815 : 10.032107 (top1=9062 top2=2953) rank_used=0 chosen=9062 marge_decisionnelle=10.032107
info:   marge top1-top2 @ gen=816 : 10.475151 (top1=125091 top2=207771) rank_used=0 chosen=125091 marge_decisionnelle=10.475151
info:   marge top1-top2 @ gen=817 : 10.389399 (top1=569 top2=513) rank_used=0 chosen=569 marge_decisionnelle=10.389399
info:   marge top1-top2 @ gen=818 : 10.496083 (top1=60588 top2=4171) rank_used=0 chosen=60588 marge_decisionnelle=10.496083
info:   marge top1-top2 @ gen=819 : 12.432999 (top1=3349 top2=2637) rank_used=0 chosen=3349 marge_decisionnelle=12.432999
info:   marge top1-top2 @ gen=820 : 11.227821 (top1=569 top2=513) rank_used=0 chosen=569 marge_decisionnelle=11.227821
info:   marge top1-top2 @ gen=821 : 9.067110 (top1=12727 top2=5277) rank_used=0 chosen=12727 marge_decisionnelle=9.067110
info:   marge top1-top2 @ gen=822 : 9.584506 (top1=1190 top2=498) rank_used=0 chosen=1190 marge_decisionnelle=9.584506
info:   marge top1-top2 @ gen=823 : 11.427360 (top1=193336 top2=14293) rank_used=0 chosen=193336 marge_decisionnelle=11.427360
info:   marge top1-top2 @ gen=824 : 10.645737 (top1=236761 top2=568) rank_used=0 chosen=236761 marge_decisionnelle=10.645737
info:   marge top1-top2 @ gen=825 : 10.488113 (top1=16107 top2=1429) rank_used=0 chosen=16107 marge_decisionnelle=10.488113
info:   marge top1-top2 @ gen=826 : 10.254218 (top1=20995 top2=185817) rank_used=0 chosen=20995 marge_decisionnelle=10.254218
info:   marge top1-top2 @ gen=827 : 8.823044 (top1=569 top2=513) rank_used=0 chosen=569 marge_decisionnelle=8.823044
info:   marge top1-top2 @ gen=828 : 8.887932 (top1=150741 top2=25805) rank_used=0 chosen=150741 marge_decisionnelle=8.887932
info:   marge top1-top2 @ gen=829 : 12.864294 (top1=1640 top2=20328) rank_used=0 chosen=1640 marge_decisionnelle=12.864294
info:   marge top1-top2 @ gen=830 : 9.020469 (top1=3381 top2=153747) rank_used=0 chosen=3381 marge_decisionnelle=9.020469
info:   marge top1-top2 @ gen=831 : 10.091085 (top1=4154 top2=28256) rank_used=0 chosen=4154 marge_decisionnelle=10.091085
info:   marge top1-top2 @ gen=832 : 9.922977 (top1=23371 top2=33761) rank_used=0 chosen=23371 marge_decisionnelle=9.922977
info:   marge top1-top2 @ gen=833 : 7.521687 (top1=2417 top2=3658) rank_used=0 chosen=2417 marge_decisionnelle=7.521687
info:   marge top1-top2 @ gen=834 : 14.110299 (top1=513 top2=1167) rank_used=0 chosen=513 marge_decisionnelle=14.110299
info:   marge top1-top2 @ gen=835 : 11.457464 (top1=236789 top2=236858) rank_used=0 chosen=236789 marge_decisionnelle=11.457464
info:   marge top1-top2 @ gen=836 : 11.214774 (top1=2253 top2=602) rank_used=0 chosen=2253 marge_decisionnelle=11.214774
info:   marge top1-top2 @ gen=837 : 9.669022 (top1=20412 top2=23376) rank_used=0 chosen=20412 marge_decisionnelle=9.669022
info:   marge top1-top2 @ gen=838 : 10.112977 (top1=56556 top2=144600) rank_used=0 chosen=56556 marge_decisionnelle=10.112977
info:   marge top1-top2 @ gen=839 : 9.660915 (top1=236764 top2=568) rank_used=0 chosen=236764 marge_decisionnelle=9.660915
info:   marge top1-top2 @ gen=840 : 10.922417 (top1=674 top2=519) rank_used=0 chosen=674 marge_decisionnelle=10.922417
info:   marge top1-top2 @ gen=841 : 11.150387 (top1=56667 top2=38325) rank_used=0 chosen=56667 marge_decisionnelle=11.150387
info:   marge top1-top2 @ gen=842 : 12.457517 (top1=770 top2=6240) rank_used=0 chosen=770 marge_decisionnelle=12.457517
info:   marge top1-top2 @ gen=843 : 9.784922 (top1=636 top2=1248) rank_used=0 chosen=636 marge_decisionnelle=9.784922
info:   marge top1-top2 @ gen=844 : 8.970936 (top1=4702 top2=31995) rank_used=0 chosen=4702 marge_decisionnelle=8.970936
info:   marge top1-top2 @ gen=845 : 8.841063 (top1=500 top2=12220) rank_used=0 chosen=500 marge_decisionnelle=8.841063
info:   marge top1-top2 @ gen=846 : 11.219242 (top1=929 top2=690) rank_used=0 chosen=929 marge_decisionnelle=11.219242
info:   marge top1-top2 @ gen=847 : 13.707150 (top1=1270 top2=556) rank_used=0 chosen=1270 marge_decisionnelle=13.707150
info:   marge top1-top2 @ gen=848 : 11.805838 (top1=3037 top2=723) rank_used=0 chosen=3037 marge_decisionnelle=11.805838
info:   marge top1-top2 @ gen=849 : 11.071062 (top1=623 top2=2789) rank_used=0 chosen=623 marge_decisionnelle=11.071062
info:   marge top1-top2 @ gen=850 : 10.348851 (top1=15307 top2=13596) rank_used=0 chosen=15307 marge_decisionnelle=10.348851
info:   marge top1-top2 @ gen=851 : 7.866612 (top1=8328 top2=30049) rank_used=0 chosen=8328 marge_decisionnelle=7.866612
info:   marge top1-top2 @ gen=852 : 14.893135 (top1=236775 top2=236789) rank_used=0 chosen=236775 marge_decisionnelle=14.893135
info:   marge top1-top2 @ gen=853 : 9.150586 (top1=39924 top2=119811) rank_used=0 chosen=39924 marge_decisionnelle=9.150586
info:   marge top1-top2 @ gen=854 : 12.162151 (top1=2947 top2=28539) rank_used=0 chosen=2947 marge_decisionnelle=12.162151
info:   marge top1-top2 @ gen=855 : 10.319444 (top1=636 top2=1248) rank_used=0 chosen=636 marge_decisionnelle=10.319444
info:   marge top1-top2 @ gen=856 : 13.427505 (top1=2972 top2=30485) rank_used=0 chosen=2972 marge_decisionnelle=13.427505
info:   marge top1-top2 @ gen=857 : 7.977688 (top1=2811 top2=3518) rank_used=0 chosen=2811 marge_decisionnelle=7.977688
info:   marge top1-top2 @ gen=858 : 13.893069 (top1=3229 top2=16107) rank_used=0 chosen=3229 marge_decisionnelle=13.893069
info:   marge top1-top2 @ gen=859 : 10.708386 (top1=13969 top2=50157) rank_used=0 chosen=13969 marge_decisionnelle=10.708386
info:   marge top1-top2 @ gen=860 : 12.287787 (top1=1008 top2=570) rank_used=0 chosen=1008 marge_decisionnelle=12.287787
info:   marge top1-top2 @ gen=861 : 7.490629 (top1=1608 top2=40300) rank_used=0 chosen=1608 marge_decisionnelle=7.490629
info:   marge top1-top2 @ gen=862 : 6.586182 (top1=40300 top2=146955) rank_used=0 chosen=40300 marge_decisionnelle=6.586182
info:   marge top1-top2 @ gen=863 : 9.644539 (top1=569 top2=1747) rank_used=0 chosen=569 marge_decisionnelle=9.644539
info:   marge top1-top2 @ gen=864 : 10.396341 (top1=759 top2=537) rank_used=0 chosen=759 marge_decisionnelle=10.396341
info:   marge top1-top2 @ gen=865 : 9.000441 (top1=22939 top2=81872) rank_used=0 chosen=22939 marge_decisionnelle=9.000441
info:   marge top1-top2 @ gen=866 : 11.114428 (top1=236761 top2=568) rank_used=0 chosen=236761 marge_decisionnelle=11.114428
info:   marge top1-top2 @ gen=867 : 8.661711 (top1=27301 top2=50822) rank_used=0 chosen=27301 marge_decisionnelle=8.661711
info:   marge top1-top2 @ gen=868 : 8.433271 (top1=129120 top2=4313) rank_used=0 chosen=129120 marge_decisionnelle=8.433271
info:   marge top1-top2 @ gen=869 : 9.038430 (top1=15075 top2=26230) rank_used=0 chosen=15075 marge_decisionnelle=9.038430
info:   marge top1-top2 @ gen=870 : 9.957594 (top1=569 top2=513) rank_used=0 chosen=569 marge_decisionnelle=9.957594
info:   marge top1-top2 @ gen=871 : 9.457055 (top1=91920 top2=187135) rank_used=0 chosen=91920 marge_decisionnelle=9.457055
info:   marge top1-top2 @ gen=872 : 9.948515 (top1=40661 top2=94888) rank_used=0 chosen=40661 marge_decisionnelle=9.948515
info:   marge top1-top2 @ gen=873 : 8.338272 (top1=68962 top2=27228) rank_used=0 chosen=68962 marge_decisionnelle=8.338272
info:   marge top1-top2 @ gen=874 : 12.032082 (top1=759 top2=674) rank_used=0 chosen=759 marge_decisionnelle=12.032082
info:   marge top1-top2 @ gen=875 : 9.987597 (top1=83876 top2=86446) rank_used=0 chosen=83876 marge_decisionnelle=9.987597
info:   marge top1-top2 @ gen=876 : 13.998820 (top1=569 top2=513) rank_used=0 chosen=569 marge_decisionnelle=13.998820
info:   marge top1-top2 @ gen=877 : 9.249352 (top1=3313 top2=150741) rank_used=0 chosen=3313 marge_decisionnelle=9.249352
info:   marge top1-top2 @ gen=878 : 10.283272 (top1=46778 top2=1221) rank_used=0 chosen=46778 marge_decisionnelle=10.283272
info:   marge top1-top2 @ gen=879 : 12.386893 (top1=9966 top2=33334) rank_used=0 chosen=9966 marge_decisionnelle=12.386893
info:   marge top1-top2 @ gen=880 : 13.033171 (top1=696 top2=113526) rank_used=0 chosen=696 marge_decisionnelle=13.033171
info:   marge top1-top2 @ gen=881 : 10.374803 (top1=80334 top2=9841) rank_used=0 chosen=80334 marge_decisionnelle=10.374803
info:   marge top1-top2 @ gen=882 : 13.069675 (top1=3229 top2=8753) rank_used=0 chosen=3229 marge_decisionnelle=13.069675
info:   marge top1-top2 @ gen=883 : 12.211626 (top1=56667 top2=94647) rank_used=0 chosen=56667 marge_decisionnelle=12.211626
info:   marge top1-top2 @ gen=884 : 8.726994 (top1=569 top2=513) rank_used=0 chosen=569 marge_decisionnelle=8.726994
info:   marge top1-top2 @ gen=885 : 10.317748 (top1=131976 top2=132020) rank_used=0 chosen=131976 marge_decisionnelle=10.317748
info:   marge top1-top2 @ gen=886 : 14.629497 (top1=853 top2=569) rank_used=0 chosen=853 marge_decisionnelle=14.629497
info:   marge top1-top2 @ gen=887 : 8.111231 (top1=138905 top2=23505) rank_used=0 chosen=138905 marge_decisionnelle=8.111231
info:   marge top1-top2 @ gen=888 : 12.029244 (top1=569 top2=513) rank_used=0 chosen=569 marge_decisionnelle=12.029244
info:   marge top1-top2 @ gen=889 : 6.701374 (top1=50711 top2=31120) rank_used=0 chosen=50711 marge_decisionnelle=6.701374
info:   marge top1-top2 @ gen=890 : 7.046085 (top1=24562 top2=203434) rank_used=0 chosen=24562 marge_decisionnelle=7.046085
info:   marge top1-top2 @ gen=891 : 10.054007 (top1=108417 top2=3570) rank_used=0 chosen=108417 marge_decisionnelle=10.054007
info:   marge top1-top2 @ gen=892 : 8.429001 (top1=703 top2=785) rank_used=0 chosen=703 marge_decisionnelle=8.429001
info:   marge top1-top2 @ gen=893 : 10.351578 (top1=236761 top2=568) rank_used=0 chosen=236761 marge_decisionnelle=10.351578
info:   marge top1-top2 @ gen=894 : 2.355188 (top1=954 top2=106) rank_used=0 chosen=954 marge_decisionnelle=2.355188
info:   marge top1-top2 @ gen=895 : 9.833471 (top1=45518 top2=36345) rank_used=0 chosen=45518 marge_decisionnelle=9.833471
info:   marge top1-top2 @ gen=896 : 11.947636 (top1=236813 top2=107068) rank_used=0 chosen=236813 marge_decisionnelle=11.947636
info:   marge top1-top2 @ gen=897 : 7.146151 (top1=107 top2=106) rank_used=0 chosen=107 marge_decisionnelle=7.146151
info:   marge top1-top2 @ gen=898 : 2.681126 (top1=101 top2=100) rank_used=0 chosen=101 marge_decisionnelle=2.681126
info:   marge top1-top2 @ gen=899 : 8.356369 (top1=129930 top2=236777) rank_used=0 chosen=129930 marge_decisionnelle=8.356369
info:   marge top1-top2 @ gen=900 : 11.970202 (top1=3037 top2=5723) rank_used=0 chosen=3037 marge_decisionnelle=11.970202
info:   marge top1-top2 @ gen=901 : 9.933167 (top1=2049 top2=28620) rank_used=0 chosen=2049 marge_decisionnelle=9.933167
info:   marge top1-top2 @ gen=902 : 9.478045 (top1=4052 top2=2309) rank_used=0 chosen=4052 marge_decisionnelle=9.478045
info:   marge top1-top2 @ gen=903 : 10.910589 (top1=569 top2=696) rank_used=0 chosen=569 marge_decisionnelle=10.910589
info:   marge top1-top2 @ gen=904 : 11.503874 (top1=759 top2=537) rank_used=0 chosen=759 marge_decisionnelle=11.503874
info:   marge top1-top2 @ gen=905 : 10.113504 (top1=107058 top2=15307) rank_used=0 chosen=107058 marge_decisionnelle=10.113504
info:   marge top1-top2 @ gen=906 : 12.185986 (top1=2112 top2=162039) rank_used=0 chosen=2112 marge_decisionnelle=12.185986
info:   marge top1-top2 @ gen=907 : 7.702538 (top1=118583 top2=8285) rank_used=0 chosen=118583 marge_decisionnelle=7.702538
info:   marge top1-top2 @ gen=908 : 12.723567 (top1=513 top2=568) rank_used=0 chosen=513 marge_decisionnelle=12.723567
info:   marge top1-top2 @ gen=909 : 12.073978 (top1=236789 top2=236858) rank_used=0 chosen=236789 marge_decisionnelle=12.073978
info:   marge top1-top2 @ gen=910 : 12.687470 (top1=62462 top2=152303) rank_used=0 chosen=62462 marge_decisionnelle=12.687470
info:   marge top1-top2 @ gen=911 : 11.433054 (top1=696 top2=568) rank_used=0 chosen=696 marge_decisionnelle=11.433054
info:   marge top1-top2 @ gen=912 : 8.216497 (top1=22865 top2=12409) rank_used=0 chosen=22865 marge_decisionnelle=8.216497
info:   marge top1-top2 @ gen=913 : 9.203431 (top1=37485 top2=147516) rank_used=0 chosen=37485 marge_decisionnelle=9.203431
info:   marge top1-top2 @ gen=914 : 10.932674 (top1=1017 top2=236761) rank_used=0 chosen=1017 marge_decisionnelle=10.932674
info:   marge top1-top2 @ gen=915 : 11.591105 (top1=108 top2=236743) rank_used=0 chosen=108 marge_decisionnelle=11.591105
info:   marge top1-top2 @ gen=916 : 9.768187 (top1=4967 top2=236770) rank_used=0 chosen=4967 marge_decisionnelle=9.768187
info:   marge top1-top2 @ gen=917 : 9.815616 (top1=107058 top2=15307) rank_used=0 chosen=107058 marge_decisionnelle=9.815616
info:   marge top1-top2 @ gen=918 : 12.595223 (top1=2112 top2=239615) rank_used=0 chosen=2112 marge_decisionnelle=12.595223
info:   marge top1-top2 @ gen=919 : 9.033599 (top1=118583 top2=8285) rank_used=0 chosen=118583 marge_decisionnelle=9.033599
info:   marge top1-top2 @ gen=920 : 13.835876 (top1=513 top2=48559) rank_used=0 chosen=513 marge_decisionnelle=13.835876
info:   marge top1-top2 @ gen=921 : 12.753508 (top1=236789 top2=236858) rank_used=0 chosen=236789 marge_decisionnelle=12.753508
info:   marge top1-top2 @ gen=922 : 12.516494 (top1=62462 top2=82839) rank_used=0 chosen=62462 marge_decisionnelle=12.516494
info:   marge top1-top2 @ gen=923 : 12.156228 (top1=1009 top2=568) rank_used=0 chosen=1009 marge_decisionnelle=12.156228
info:   marge top1-top2 @ gen=924 : 11.171570 (top1=3037 top2=2253) rank_used=0 chosen=3037 marge_decisionnelle=11.171570
info:   marge top1-top2 @ gen=925 : 10.669414 (top1=9939 top2=64836) rank_used=0 chosen=9939 marge_decisionnelle=10.669414
info:   marge top1-top2 @ gen=926 : 12.115658 (top1=2947 top2=28539) rank_used=0 chosen=2947 marge_decisionnelle=12.115658
info:   marge top1-top2 @ gen=927 : 9.410804 (top1=55844 top2=180348) rank_used=0 chosen=55844 marge_decisionnelle=9.410804
info:   marge top1-top2 @ gen=928 : 11.676607 (top1=674 top2=759) rank_used=0 chosen=674 marge_decisionnelle=11.676607
info:   marge top1-top2 @ gen=929 : 10.521875 (top1=28421 top2=97811) rank_used=0 chosen=28421 marge_decisionnelle=10.521875
info:   marge top1-top2 @ gen=930 : 10.333485 (top1=569 top2=513) rank_used=0 chosen=569 marge_decisionnelle=10.333485
info:   marge top1-top2 @ gen=931 : 9.562984 (top1=10040 top2=13031) rank_used=0 chosen=10040 marge_decisionnelle=9.562984
info:   marge top1-top2 @ gen=932 : 14.558942 (top1=513 top2=1167) rank_used=0 chosen=513 marge_decisionnelle=14.558942
info:   marge top1-top2 @ gen=933 : 10.963070 (top1=236789 top2=236858) rank_used=0 chosen=236789 marge_decisionnelle=10.963070
info:   marge top1-top2 @ gen=934 : 11.843412 (top1=602 top2=5095) rank_used=0 chosen=602 marge_decisionnelle=11.843412
info:   marge top1-top2 @ gen=935 : 11.913052 (top1=56667 top2=38325) rank_used=0 chosen=56667 marge_decisionnelle=11.913052
info:   marge top1-top2 @ gen=936 : 12.228285 (top1=568 top2=513) rank_used=0 chosen=568 marge_decisionnelle=12.228285
info:   marge top1-top2 @ gen=937 : 10.649792 (top1=182283 top2=3521) rank_used=0 chosen=182283 marge_decisionnelle=10.649792
info:   marge top1-top2 @ gen=938 : 10.504737 (top1=723 top2=602) rank_used=0 chosen=723 marge_decisionnelle=10.504737
info:   marge top1-top2 @ gen=939 : 11.488168 (top1=92474 top2=128282) rank_used=0 chosen=92474 marge_decisionnelle=11.488168
info:   marge top1-top2 @ gen=940 : 14.748674 (top1=236768 top2=237214) rank_used=0 chosen=236768 marge_decisionnelle=14.748674
info:   marge top1-top2 @ gen=941 : 10.971985 (top1=1608 top2=3229) rank_used=0 chosen=1608 marge_decisionnelle=10.971985
info:   marge top1-top2 @ gen=942 : 11.675741 (top1=723 top2=602) rank_used=0 chosen=723 marge_decisionnelle=11.675741
info:   marge top1-top2 @ gen=943 : 10.803401 (top1=9062 top2=30020) rank_used=0 chosen=9062 marge_decisionnelle=10.803401
info:   marge top1-top2 @ gen=944 : 10.610399 (top1=125091 top2=207771) rank_used=0 chosen=125091 marge_decisionnelle=10.610399
info:   marge top1-top2 @ gen=945 : 10.786488 (top1=569 top2=513) rank_used=0 chosen=569 marge_decisionnelle=10.786488
info:   marge top1-top2 @ gen=946 : 10.234945 (top1=60588 top2=4171) rank_used=0 chosen=60588 marge_decisionnelle=10.234945
info:   marge top1-top2 @ gen=947 : 12.377158 (top1=3349 top2=2637) rank_used=0 chosen=3349 marge_decisionnelle=12.377158
info:   marge top1-top2 @ gen=948 : 11.653703 (top1=569 top2=513) rank_used=0 chosen=569 marge_decisionnelle=11.653703
info:   marge top1-top2 @ gen=949 : 10.113853 (top1=12727 top2=5277) rank_used=0 chosen=12727 marge_decisionnelle=10.113853
info:   marge top1-top2 @ gen=950 : 9.191340 (top1=1190 top2=498) rank_used=0 chosen=1190 marge_decisionnelle=9.191340
info:   marge top1-top2 @ gen=951 : 11.233923 (top1=193336 top2=14293) rank_used=0 chosen=193336 marge_decisionnelle=11.233923
info:   marge top1-top2 @ gen=952 : 10.792063 (top1=236761 top2=568) rank_used=0 chosen=236761 marge_decisionnelle=10.792063
info:   marge top1-top2 @ gen=953 : 10.464897 (top1=16107 top2=1429) rank_used=0 chosen=16107 marge_decisionnelle=10.464897
info:   marge top1-top2 @ gen=954 : 10.591191 (top1=20995 top2=185817) rank_used=0 chosen=20995 marge_decisionnelle=10.591191
info:   marge top1-top2 @ gen=955 : 8.892256 (top1=569 top2=513) rank_used=0 chosen=569 marge_decisionnelle=8.892256
info:   marge top1-top2 @ gen=956 : 8.744070 (top1=150741 top2=25805) rank_used=0 chosen=150741 marge_decisionnelle=8.744070
info:   marge top1-top2 @ gen=957 : 13.014528 (top1=1640 top2=13776) rank_used=0 chosen=1640 marge_decisionnelle=13.014528
info:   marge top1-top2 @ gen=958 : 9.767359 (top1=3381 top2=153747) rank_used=0 chosen=3381 marge_decisionnelle=9.767359
info:   marge top1-top2 @ gen=959 : 9.780765 (top1=4154 top2=28256) rank_used=0 chosen=4154 marge_decisionnelle=9.780765
info:   marge top1-top2 @ gen=960 : 9.916112 (top1=23371 top2=33761) rank_used=0 chosen=23371 marge_decisionnelle=9.916112
info:   marge top1-top2 @ gen=961 : 7.455638 (top1=2417 top2=3658) rank_used=0 chosen=2417 marge_decisionnelle=7.455638
info:   marge top1-top2 @ gen=962 : 14.307877 (top1=513 top2=1167) rank_used=0 chosen=513 marge_decisionnelle=14.307877
info:   marge top1-top2 @ gen=963 : 11.701118 (top1=236789 top2=236858) rank_used=0 chosen=236789 marge_decisionnelle=11.701118
info:   marge top1-top2 @ gen=964 : 11.838895 (top1=2253 top2=602) rank_used=0 chosen=2253 marge_decisionnelle=11.838895
info:   marge top1-top2 @ gen=965 : 9.668432 (top1=20412 top2=23376) rank_used=0 chosen=20412 marge_decisionnelle=9.668432
info:   marge top1-top2 @ gen=966 : 10.169853 (top1=56556 top2=144600) rank_used=0 chosen=56556 marge_decisionnelle=10.169853
info:   marge top1-top2 @ gen=967 : 10.562601 (top1=236764 top2=568) rank_used=0 chosen=236764 marge_decisionnelle=10.562601
info:   marge top1-top2 @ gen=968 : 10.925022 (top1=674 top2=519) rank_used=0 chosen=674 marge_decisionnelle=10.925022
info:   marge top1-top2 @ gen=969 : 11.309866 (top1=56667 top2=38325) rank_used=0 chosen=56667 marge_decisionnelle=11.309866
info:   marge top1-top2 @ gen=970 : 12.358950 (top1=770 top2=6240) rank_used=0 chosen=770 marge_decisionnelle=12.358950
info:   marge top1-top2 @ gen=971 : 9.944803 (top1=636 top2=1248) rank_used=0 chosen=636 marge_decisionnelle=9.944803
info:   marge top1-top2 @ gen=972 : 8.791183 (top1=4702 top2=31995) rank_used=0 chosen=4702 marge_decisionnelle=8.791183
info:   marge top1-top2 @ gen=973 : 8.751532 (top1=500 top2=1150) rank_used=0 chosen=500 marge_decisionnelle=8.751532
info:   marge top1-top2 @ gen=974 : 10.733902 (top1=929 top2=690) rank_used=0 chosen=929 marge_decisionnelle=10.733902
info:   marge top1-top2 @ gen=975 : 13.560789 (top1=1270 top2=556) rank_used=0 chosen=1270 marge_decisionnelle=13.560789
info:   marge top1-top2 @ gen=976 : 11.661467 (top1=3037 top2=723) rank_used=0 chosen=3037 marge_decisionnelle=11.661467
info:   marge top1-top2 @ gen=977 : 11.249498 (top1=623 top2=2789) rank_used=0 chosen=623 marge_decisionnelle=11.249498
info:   marge top1-top2 @ gen=978 : 10.522700 (top1=15307 top2=13596) rank_used=0 chosen=15307 marge_decisionnelle=10.522700
info:   marge top1-top2 @ gen=979 : 6.790298 (top1=8328 top2=258883) rank_used=0 chosen=8328 marge_decisionnelle=8.126675
info:   marge top1-top2 @ gen=980 : 14.838633 (top1=236775 top2=236789) rank_used=0 chosen=236775 marge_decisionnelle=14.838633
info:   marge top1-top2 @ gen=981 : 8.867811 (top1=39924 top2=119811) rank_used=0 chosen=39924 marge_decisionnelle=8.867811
info:   marge top1-top2 @ gen=982 : 12.206331 (top1=2947 top2=28539) rank_used=0 chosen=2947 marge_decisionnelle=12.206331
info:   marge top1-top2 @ gen=983 : 10.472755 (top1=636 top2=1248) rank_used=0 chosen=636 marge_decisionnelle=10.472755
info:   marge top1-top2 @ gen=984 : 13.555079 (top1=2972 top2=96513) rank_used=0 chosen=2972 marge_decisionnelle=13.555079
info:   marge top1-top2 @ gen=985 : 8.415611 (top1=2811 top2=3518) rank_used=0 chosen=2811 marge_decisionnelle=8.415611
info:   marge top1-top2 @ gen=986 : 13.902535 (top1=3229 top2=16107) rank_used=0 chosen=3229 marge_decisionnelle=13.902535
info:   marge top1-top2 @ gen=987 : 10.642682 (top1=13969 top2=50157) rank_used=0 chosen=13969 marge_decisionnelle=10.642682
info:   marge top1-top2 @ gen=988 : 12.389933 (top1=1008 top2=570) rank_used=0 chosen=1008 marge_decisionnelle=12.389933
info:   marge top1-top2 @ gen=989 : 7.686289 (top1=1608 top2=40300) rank_used=0 chosen=1608 marge_decisionnelle=7.686289
info:   marge top1-top2 @ gen=990 : 5.995268 (top1=40300 top2=146955) rank_used=0 chosen=40300 marge_decisionnelle=5.995268
info:   marge top1-top2 @ gen=991 : 10.332451 (top1=569 top2=1747) rank_used=0 chosen=569 marge_decisionnelle=10.332451
info:   marge top1-top2 @ gen=992 : 10.676558 (top1=759 top2=537) rank_used=0 chosen=759 marge_decisionnelle=10.676558
info:   marge top1-top2 @ gen=993 : 8.872273 (top1=22939 top2=81872) rank_used=0 chosen=22939 marge_decisionnelle=8.872273
info:   marge top1-top2 @ gen=994 : 11.475176 (top1=236761 top2=568) rank_used=0 chosen=236761 marge_decisionnelle=11.475176
info:   marge top1-top2 @ gen=995 : 8.671297 (top1=27301 top2=50822) rank_used=0 chosen=27301 marge_decisionnelle=8.671297
info:   marge top1-top2 @ gen=996 : 8.217667 (top1=129120 top2=4313) rank_used=0 chosen=129120 marge_decisionnelle=8.217667
info:   ... step 1024 (996 générés)
info:   marge top1-top2 @ gen=997 : 8.939496 (top1=15075 top2=26230) rank_used=0 chosen=15075 marge_decisionnelle=8.939496
info:   marge top1-top2 @ gen=998 : 10.140028 (top1=569 top2=513) rank_used=0 chosen=569 marge_decisionnelle=10.140028
info:   marge top1-top2 @ gen=999 : 9.322967 (top1=91920 top2=187135) rank_used=0 chosen=91920 marge_decisionnelle=9.322967
info:   marge top1-top2 @ gen=1000 : 10.161126 (top1=40661 top2=94888) rank_used=0 chosen=40661 marge_decisionnelle=10.161126
info:   marge top1-top2 @ gen=1001 : 7.920603 (top1=68962 top2=27228) rank_used=0 chosen=68962 marge_decisionnelle=7.920603
info:   marge top1-top2 @ gen=1002 : 12.212787 (top1=759 top2=674) rank_used=0 chosen=759 marge_decisionnelle=12.212787
info:   marge top1-top2 @ gen=1003 : 10.313448 (top1=83876 top2=112190) rank_used=0 chosen=83876 marge_decisionnelle=10.313448
info:   marge top1-top2 @ gen=1004 : 14.267939 (top1=569 top2=513) rank_used=0 chosen=569 marge_decisionnelle=14.267939
info:   marge top1-top2 @ gen=1005 : 5.878353 (top1=3313 top2=45409) rank_used=0 chosen=3313 marge_decisionnelle=5.878353
info:   marge top1-top2 @ gen=1006 : 10.438440 (top1=46778 top2=1221) rank_used=0 chosen=46778 marge_decisionnelle=10.438440
info:   marge top1-top2 @ gen=1007 : 12.408547 (top1=9966 top2=33334) rank_used=0 chosen=9966 marge_decisionnelle=12.408547
info:   marge top1-top2 @ gen=1008 : 13.063417 (top1=696 top2=113526) rank_used=0 chosen=696 marge_decisionnelle=13.063417
info:   marge top1-top2 @ gen=1009 : 10.340342 (top1=80334 top2=9841) rank_used=0 chosen=80334 marge_decisionnelle=10.340342
info:   marge top1-top2 @ gen=1010 : 13.039003 (top1=3229 top2=8753) rank_used=0 chosen=3229 marge_decisionnelle=13.039003
info:   marge top1-top2 @ gen=1011 : 12.167471 (top1=56667 top2=94647) rank_used=0 chosen=56667 marge_decisionnelle=12.167471
info:   marge top1-top2 @ gen=1012 : 9.077427 (top1=569 top2=513) rank_used=0 chosen=569 marge_decisionnelle=9.077427
info:   marge top1-top2 @ gen=1013 : 10.616100 (top1=131976 top2=132020) rank_used=0 chosen=131976 marge_decisionnelle=10.616100
info:   marge top1-top2 @ gen=1014 : 14.903377 (top1=853 top2=569) rank_used=0 chosen=853 marge_decisionnelle=14.903377
info:   marge top1-top2 @ gen=1015 : 8.179643 (top1=138905 top2=23505) rank_used=0 chosen=138905 marge_decisionnelle=8.179643
info:   marge top1-top2 @ gen=1016 : 12.300160 (top1=569 top2=513) rank_used=0 chosen=569 marge_decisionnelle=12.300160
info:   marge top1-top2 @ gen=1017 : 7.024001 (top1=50711 top2=31120) rank_used=0 chosen=50711 marge_decisionnelle=7.024001
info:   marge top1-top2 @ gen=1018 : 7.008568 (top1=24562 top2=203434) rank_used=0 chosen=24562 marge_decisionnelle=7.008568
info:   marge top1-top2 @ gen=1019 : 10.109132 (top1=108417 top2=6888) rank_used=0 chosen=108417 marge_decisionnelle=10.109132
info:   marge top1-top2 @ gen=1020 : 8.608835 (top1=703 top2=785) rank_used=0 chosen=703 marge_decisionnelle=8.608835
info:   marge top1-top2 @ gen=1021 : 9.899286 (top1=236761 top2=9047) rank_used=0 chosen=236761 marge_decisionnelle=9.899286
info:   marge top1-top2 @ gen=1022 : 4.273163 (top1=954 top2=1454) rank_used=0 chosen=954 marge_decisionnelle=4.273163
info:   marge top1-top2 @ gen=1023 : 10.612799 (top1=45518 top2=3480) rank_used=0 chosen=45518 marge_decisionnelle=10.612799
info:   marge top1-top2 @ gen=1024 : 11.965736 (top1=236813 top2=825) rank_used=0 chosen=236813 marge_decisionnelle=11.965736
info:   marge top1-top2 @ gen=1025 : 9.028868 (top1=107 top2=106) rank_used=0 chosen=107 marge_decisionnelle=9.028868
info:   marge top1-top2 @ gen=1026 : 3.796766 (top1=101 top2=100) rank_used=0 chosen=101 marge_decisionnelle=3.796766
info:   marge top1-top2 @ gen=1027 : 8.472776 (top1=129930 top2=61684) rank_used=0 chosen=129930 marge_decisionnelle=8.472776
info:   marge top1-top2 @ gen=1028 : 11.421043 (top1=3037 top2=5723) rank_used=0 chosen=3037 marge_decisionnelle=11.421043
info:   marge top1-top2 @ gen=1029 : 9.889193 (top1=2049 top2=28620) rank_used=0 chosen=2049 marge_decisionnelle=9.889193
info:   marge top1-top2 @ gen=1030 : 7.124430 (top1=4052 top2=13592) rank_used=0 chosen=4052 marge_decisionnelle=7.124430
info:   marge top1-top2 @ gen=1031 : 12.218112 (top1=569 top2=696) rank_used=0 chosen=569 marge_decisionnelle=12.218112
info:   marge top1-top2 @ gen=1032 : 11.610082 (top1=759 top2=537) rank_used=0 chosen=759 marge_decisionnelle=11.610082
info:   marge top1-top2 @ gen=1033 : 10.241279 (top1=107058 top2=15307) rank_used=0 chosen=107058 marge_decisionnelle=10.241279
info:   marge top1-top2 @ gen=1034 : 12.275883 (top1=2112 top2=162039) rank_used=0 chosen=2112 marge_decisionnelle=12.275883
info:   marge top1-top2 @ gen=1035 : 8.264568 (top1=118583 top2=8285) rank_used=0 chosen=118583 marge_decisionnelle=8.264568
info:   marge top1-top2 @ gen=1036 : 13.399576 (top1=513 top2=568) rank_used=0 chosen=513 marge_decisionnelle=13.399576
info:   marge top1-top2 @ gen=1037 : 13.114893 (top1=236789 top2=236858) rank_used=0 chosen=236789 marge_decisionnelle=13.114893
info:   marge top1-top2 @ gen=1038 : 12.608002 (top1=62462 top2=71963) rank_used=0 chosen=62462 marge_decisionnelle=12.608002
info:   marge top1-top2 @ gen=1039 : 11.909298 (top1=696 top2=568) rank_used=0 chosen=696 marge_decisionnelle=11.909298
info:   marge top1-top2 @ gen=1040 : 8.293175 (top1=22865 top2=12409) rank_used=0 chosen=22865 marge_decisionnelle=8.293175
info:   marge top1-top2 @ gen=1041 : 9.024186 (top1=37485 top2=147516) rank_used=0 chosen=37485 marge_decisionnelle=9.024186
info:   marge top1-top2 @ gen=1042 : 11.146700 (top1=1017 top2=236761) rank_used=0 chosen=1017 marge_decisionnelle=11.146700
info:   marge top1-top2 @ gen=1043 : 12.303148 (top1=108 top2=236743) rank_used=0 chosen=108 marge_decisionnelle=12.303148
info:   marge top1-top2 @ gen=1044 : 10.455402 (top1=4967 top2=236770) rank_used=0 chosen=4967 marge_decisionnelle=10.455402
info:   marge top1-top2 @ gen=1045 : 9.732018 (top1=107058 top2=15307) rank_used=0 chosen=107058 marge_decisionnelle=9.732018
info:   marge top1-top2 @ gen=1046 : 12.638704 (top1=2112 top2=239615) rank_used=0 chosen=2112 marge_decisionnelle=12.638704
info:   marge top1-top2 @ gen=1047 : 9.577832 (top1=118583 top2=8285) rank_used=0 chosen=118583 marge_decisionnelle=9.577832
info:   marge top1-top2 @ gen=1048 : 13.407450 (top1=513 top2=48559) rank_used=0 chosen=513 marge_decisionnelle=13.407450
info:   marge top1-top2 @ gen=1049 : 12.377310 (top1=236789 top2=236858) rank_used=0 chosen=236789 marge_decisionnelle=12.377310
info:   marge top1-top2 @ gen=1050 : 12.752491 (top1=62462 top2=82839) rank_used=0 chosen=62462 marge_decisionnelle=12.752491
info:   marge top1-top2 @ gen=1051 : 11.932157 (top1=1009 top2=568) rank_used=0 chosen=1009 marge_decisionnelle=11.932157
info:   marge top1-top2 @ gen=1052 : 11.313989 (top1=3037 top2=2253) rank_used=0 chosen=3037 marge_decisionnelle=11.313989
info:   marge top1-top2 @ gen=1053 : 10.419338 (top1=9939 top2=64836) rank_used=0 chosen=9939 marge_decisionnelle=10.419338
info:   marge top1-top2 @ gen=1054 : 12.293945 (top1=2947 top2=28539) rank_used=0 chosen=2947 marge_decisionnelle=12.293945
info:   marge top1-top2 @ gen=1055 : 9.741884 (top1=55844 top2=180348) rank_used=0 chosen=55844 marge_decisionnelle=9.741884
info:   marge top1-top2 @ gen=1056 : 11.664881 (top1=674 top2=759) rank_used=0 chosen=674 marge_decisionnelle=11.664881
info:   marge top1-top2 @ gen=1057 : 10.568970 (top1=28421 top2=97811) rank_used=0 chosen=28421 marge_decisionnelle=10.568970
info:   marge top1-top2 @ gen=1058 : 10.570562 (top1=569 top2=513) rank_used=0 chosen=569 marge_decisionnelle=10.570562
info:   marge top1-top2 @ gen=1059 : 9.701524 (top1=10040 top2=13031) rank_used=0 chosen=10040 marge_decisionnelle=9.701524
info:   marge top1-top2 @ gen=1060 : 14.423210 (top1=513 top2=1167) rank_used=0 chosen=513 marge_decisionnelle=14.423210
info:   marge top1-top2 @ gen=1061 : 13.000131 (top1=236789 top2=236858) rank_used=0 chosen=236789 marge_decisionnelle=13.000131
info:   marge top1-top2 @ gen=1062 : 12.296675 (top1=602 top2=5095) rank_used=0 chosen=602 marge_decisionnelle=12.296675
info:   marge top1-top2 @ gen=1063 : 11.877574 (top1=56667 top2=38325) rank_used=0 chosen=56667 marge_decisionnelle=11.877574
info:   marge top1-top2 @ gen=1064 : 12.413575 (top1=568 top2=513) rank_used=0 chosen=568 marge_decisionnelle=12.413575
info:   marge top1-top2 @ gen=1065 : 10.624161 (top1=182283 top2=3521) rank_used=0 chosen=182283 marge_decisionnelle=10.624161
info:   marge top1-top2 @ gen=1066 : 10.681417 (top1=723 top2=602) rank_used=0 chosen=723 marge_decisionnelle=10.681417
info:   marge top1-top2 @ gen=1067 : 11.501007 (top1=92474 top2=128282) rank_used=0 chosen=92474 marge_decisionnelle=11.501007
info:   marge top1-top2 @ gen=1068 : 14.448817 (top1=236768 top2=237214) rank_used=0 chosen=236768 marge_decisionnelle=14.448817
info:   marge top1-top2 @ gen=1069 : 11.253902 (top1=1608 top2=3229) rank_used=0 chosen=1608 marge_decisionnelle=11.253902
info:   marge top1-top2 @ gen=1070 : 11.697636 (top1=723 top2=602) rank_used=0 chosen=723 marge_decisionnelle=11.697636
info:   marge top1-top2 @ gen=1071 : 10.571074 (top1=9062 top2=30020) rank_used=0 chosen=9062 marge_decisionnelle=10.571074
info:   marge top1-top2 @ gen=1072 : 10.595813 (top1=125091 top2=207771) rank_used=0 chosen=125091 marge_decisionnelle=10.595813
info:   marge top1-top2 @ gen=1073 : 11.091705 (top1=569 top2=513) rank_used=0 chosen=569 marge_decisionnelle=11.091705
info:   marge top1-top2 @ gen=1074 : 10.258727 (top1=60588 top2=4171) rank_used=0 chosen=60588 marge_decisionnelle=10.258727
info:   marge top1-top2 @ gen=1075 : 12.488073 (top1=3349 top2=2637) rank_used=0 chosen=3349 marge_decisionnelle=12.488073
info:   marge top1-top2 @ gen=1076 : 12.057838 (top1=569 top2=513) rank_used=0 chosen=569 marge_decisionnelle=12.057838
info:   marge top1-top2 @ gen=1077 : 12.125463 (top1=12727 top2=51635) rank_used=0 chosen=12727 marge_decisionnelle=12.125463
info:   marge top1-top2 @ gen=1078 : 9.870770 (top1=1190 top2=498) rank_used=0 chosen=1190 marge_decisionnelle=9.870770
info:   marge top1-top2 @ gen=1079 : 10.602242 (top1=193336 top2=14293) rank_used=0 chosen=193336 marge_decisionnelle=10.602242
info:   marge top1-top2 @ gen=1080 : 10.847729 (top1=236761 top2=568) rank_used=0 chosen=236761 marge_decisionnelle=10.847729
info:   marge top1-top2 @ gen=1081 : 10.334763 (top1=16107 top2=1429) rank_used=0 chosen=16107 marge_decisionnelle=10.334763
info:   marge top1-top2 @ gen=1082 : 10.580316 (top1=20995 top2=185817) rank_used=0 chosen=20995 marge_decisionnelle=10.580316
info:   marge top1-top2 @ gen=1083 : 8.931387 (top1=569 top2=513) rank_used=0 chosen=569 marge_decisionnelle=8.931387
info:   marge top1-top2 @ gen=1084 : 9.112878 (top1=150741 top2=25805) rank_used=0 chosen=150741 marge_decisionnelle=9.112878
info:   marge top1-top2 @ gen=1085 : 13.076058 (top1=1640 top2=13776) rank_used=0 chosen=1640 marge_decisionnelle=13.076058
info:   marge top1-top2 @ gen=1086 : 9.946040 (top1=3381 top2=153747) rank_used=0 chosen=3381 marge_decisionnelle=9.946040
info:   marge top1-top2 @ gen=1087 : 9.785911 (top1=4154 top2=28256) rank_used=0 chosen=4154 marge_decisionnelle=9.785911
info:   marge top1-top2 @ gen=1088 : 9.740758 (top1=23371 top2=33761) rank_used=0 chosen=23371 marge_decisionnelle=9.740758
info:   marge top1-top2 @ gen=1089 : 7.630714 (top1=2417 top2=3658) rank_used=0 chosen=2417 marge_decisionnelle=7.630714
info:   marge top1-top2 @ gen=1090 : 14.152712 (top1=513 top2=1167) rank_used=0 chosen=513 marge_decisionnelle=14.152712
info:   marge top1-top2 @ gen=1091 : 11.817430 (top1=236789 top2=236858) rank_used=0 chosen=236789 marge_decisionnelle=11.817430
info:   marge top1-top2 @ gen=1092 : 11.453486 (top1=2253 top2=602) rank_used=0 chosen=2253 marge_decisionnelle=11.453486
info:   marge top1-top2 @ gen=1093 : 9.486156 (top1=20412 top2=23376) rank_used=0 chosen=20412 marge_decisionnelle=9.486156
info:   marge top1-top2 @ gen=1094 : 10.667210 (top1=56556 top2=144600) rank_used=0 chosen=56556 marge_decisionnelle=10.667210
info:   marge top1-top2 @ gen=1095 : 11.401213 (top1=236764 top2=568) rank_used=0 chosen=236764 marge_decisionnelle=11.401213
info:   marge top1-top2 @ gen=1096 : 10.953833 (top1=674 top2=519) rank_used=0 chosen=674 marge_decisionnelle=10.953833
info:   marge top1-top2 @ gen=1097 : 11.734774 (top1=56667 top2=38325) rank_used=0 chosen=56667 marge_decisionnelle=11.734774
info:   marge top1-top2 @ gen=1098 : 12.526979 (top1=770 top2=6240) rank_used=0 chosen=770 marge_decisionnelle=12.526979
info:   marge top1-top2 @ gen=1099 : 10.028292 (top1=636 top2=1248) rank_used=0 chosen=636 marge_decisionnelle=10.028292
info:   marge top1-top2 @ gen=1100 : 8.901130 (top1=4702 top2=31995) rank_used=0 chosen=4702 marge_decisionnelle=8.901130
info:   marge top1-top2 @ gen=1101 : 8.383816 (top1=500 top2=12220) rank_used=0 chosen=500 marge_decisionnelle=8.383816
info:   marge top1-top2 @ gen=1102 : 10.678545 (top1=929 top2=690) rank_used=0 chosen=929 marge_decisionnelle=10.678545
info:   marge top1-top2 @ gen=1103 : 13.526191 (top1=1270 top2=556) rank_used=0 chosen=1270 marge_decisionnelle=13.526191
info:   marge top1-top2 @ gen=1104 : 11.618849 (top1=3037 top2=723) rank_used=0 chosen=3037 marge_decisionnelle=11.618849
info:   marge top1-top2 @ gen=1105 : 11.205101 (top1=623 top2=2789) rank_used=0 chosen=623 marge_decisionnelle=11.205101
info:   marge top1-top2 @ gen=1106 : 10.949674 (top1=15307 top2=13596) rank_used=0 chosen=15307 marge_decisionnelle=10.949674
info:   marge top1-top2 @ gen=1107 : 6.977309 (top1=8328 top2=258883) rank_used=0 chosen=8328 marge_decisionnelle=7.158770
info:   marge top1-top2 @ gen=1108 : 14.685480 (top1=236775 top2=236789) rank_used=0 chosen=236775 marge_decisionnelle=14.685480
info:   marge top1-top2 @ gen=1109 : 8.959285 (top1=39924 top2=119811) rank_used=0 chosen=39924 marge_decisionnelle=8.959285
info:   marge top1-top2 @ gen=1110 : 12.451198 (top1=2947 top2=28539) rank_used=0 chosen=2947 marge_decisionnelle=12.451198
info:   marge top1-top2 @ gen=1111 : 10.371604 (top1=636 top2=1248) rank_used=0 chosen=636 marge_decisionnelle=10.371604
info:   marge top1-top2 @ gen=1112 : 13.394287 (top1=2972 top2=120761) rank_used=0 chosen=2972 marge_decisionnelle=13.394287
info:   marge top1-top2 @ gen=1113 : 8.526037 (top1=2811 top2=3518) rank_used=0 chosen=2811 marge_decisionnelle=8.526037
info:   marge top1-top2 @ gen=1114 : 14.060561 (top1=3229 top2=16107) rank_used=0 chosen=3229 marge_decisionnelle=14.060561
info:   marge top1-top2 @ gen=1115 : 10.685967 (top1=13969 top2=50157) rank_used=0 chosen=13969 marge_decisionnelle=10.685967
info:   marge top1-top2 @ gen=1116 : 12.766066 (top1=1008 top2=570) rank_used=0 chosen=1008 marge_decisionnelle=12.766066
info:   marge top1-top2 @ gen=1117 : 7.750116 (top1=1608 top2=40300) rank_used=0 chosen=1608 marge_decisionnelle=7.750116
info:   marge top1-top2 @ gen=1118 : 6.482555 (top1=40300 top2=146955) rank_used=0 chosen=40300 marge_decisionnelle=6.482555
info:   marge top1-top2 @ gen=1119 : 10.830530 (top1=569 top2=1747) rank_used=0 chosen=569 marge_decisionnelle=10.830530
info:   marge top1-top2 @ gen=1120 : 10.868082 (top1=759 top2=537) rank_used=0 chosen=759 marge_decisionnelle=10.868082
info:   marge top1-top2 @ gen=1121 : 8.850769 (top1=22939 top2=81872) rank_used=0 chosen=22939 marge_decisionnelle=8.850769
info:   marge top1-top2 @ gen=1122 : 11.596735 (top1=236761 top2=568) rank_used=0 chosen=236761 marge_decisionnelle=11.596735
info:   marge top1-top2 @ gen=1123 : 8.587662 (top1=27301 top2=50822) rank_used=0 chosen=27301 marge_decisionnelle=8.587662
info:   marge top1-top2 @ gen=1124 : 8.126732 (top1=129120 top2=4313) rank_used=0 chosen=129120 marge_decisionnelle=8.126732
info:   marge top1-top2 @ gen=1125 : 8.764199 (top1=15075 top2=26230) rank_used=0 chosen=15075 marge_decisionnelle=8.764199
info:   marge top1-top2 @ gen=1126 : 10.129681 (top1=569 top2=513) rank_used=0 chosen=569 marge_decisionnelle=10.129681
info:   marge top1-top2 @ gen=1127 : 9.152511 (top1=91920 top2=187135) rank_used=0 chosen=91920 marge_decisionnelle=9.152511
info:   marge top1-top2 @ gen=1128 : 10.448863 (top1=40661 top2=94888) rank_used=0 chosen=40661 marge_decisionnelle=10.448863
info:   marge top1-top2 @ gen=1129 : 8.281576 (top1=68962 top2=27228) rank_used=0 chosen=68962 marge_decisionnelle=8.281576
info:   marge top1-top2 @ gen=1130 : 12.023481 (top1=759 top2=674) rank_used=0 chosen=759 marge_decisionnelle=12.023481
info:   marge top1-top2 @ gen=1131 : 10.294582 (top1=83876 top2=86446) rank_used=0 chosen=83876 marge_decisionnelle=10.294582
info:   marge top1-top2 @ gen=1132 : 13.768553 (top1=569 top2=513) rank_used=0 chosen=569 marge_decisionnelle=13.768553
info:   marge top1-top2 @ gen=1133 : 9.483959 (top1=3313 top2=150741) rank_used=0 chosen=3313 marge_decisionnelle=9.483959
info:   marge top1-top2 @ gen=1134 : 10.829308 (top1=46778 top2=16066) rank_used=0 chosen=46778 marge_decisionnelle=10.829308
info:   marge top1-top2 @ gen=1135 : 12.681516 (top1=9966 top2=33334) rank_used=0 chosen=9966 marge_decisionnelle=12.681516
info:   marge top1-top2 @ gen=1136 : 13.161202 (top1=696 top2=113526) rank_used=0 chosen=696 marge_decisionnelle=13.161202
info:   marge top1-top2 @ gen=1137 : 10.496384 (top1=80334 top2=9841) rank_used=0 chosen=80334 marge_decisionnelle=10.496384
info:   marge top1-top2 @ gen=1138 : 12.990069 (top1=3229 top2=8753) rank_used=0 chosen=3229 marge_decisionnelle=12.990069
info:   marge top1-top2 @ gen=1139 : 11.833786 (top1=56667 top2=94647) rank_used=0 chosen=56667 marge_decisionnelle=11.833786
info:   marge top1-top2 @ gen=1140 : 9.083626 (top1=569 top2=513) rank_used=0 chosen=569 marge_decisionnelle=9.083626
info:   marge top1-top2 @ gen=1141 : 10.639059 (top1=131976 top2=132020) rank_used=0 chosen=131976 marge_decisionnelle=10.639059
info:   marge top1-top2 @ gen=1142 : 15.193564 (top1=853 top2=569) rank_used=0 chosen=853 marge_decisionnelle=15.193564
info:   marge top1-top2 @ gen=1143 : 8.123690 (top1=138905 top2=23505) rank_used=0 chosen=138905 marge_decisionnelle=8.123690
info:   marge top1-top2 @ gen=1144 : 12.063461 (top1=569 top2=513) rank_used=0 chosen=569 marge_decisionnelle=12.063461
info:   marge top1-top2 @ gen=1145 : 7.153348 (top1=50711 top2=31120) rank_used=0 chosen=50711 marge_decisionnelle=7.153348
info:   marge top1-top2 @ gen=1146 : 7.033920 (top1=24562 top2=203434) rank_used=0 chosen=24562 marge_decisionnelle=7.033920
info:   marge top1-top2 @ gen=1147 : 9.963679 (top1=108417 top2=6888) rank_used=0 chosen=108417 marge_decisionnelle=9.963679
info:   marge top1-top2 @ gen=1148 : 8.541348 (top1=703 top2=785) rank_used=0 chosen=703 marge_decisionnelle=8.541348
info:   marge top1-top2 @ gen=1149 : 10.516077 (top1=236761 top2=9047) rank_used=0 chosen=236761 marge_decisionnelle=10.516077
info:   marge top1-top2 @ gen=1150 : 4.905350 (top1=954 top2=1454) rank_used=0 chosen=954 marge_decisionnelle=4.905350
info:   marge top1-top2 @ gen=1151 : 10.625982 (top1=45518 top2=3480) rank_used=0 chosen=45518 marge_decisionnelle=10.625982
info:   marge top1-top2 @ gen=1152 : 11.747751 (top1=236813 top2=825) rank_used=0 chosen=236813 marge_decisionnelle=11.747751
info:   marge top1-top2 @ gen=1153 : 9.659872 (top1=107 top2=106) rank_used=0 chosen=107 marge_decisionnelle=9.659872
info:   marge top1-top2 @ gen=1154 : 4.306765 (top1=101 top2=100) rank_used=0 chosen=101 marge_decisionnelle=4.306765
info:   marge top1-top2 @ gen=1155 : 8.528756 (top1=129930 top2=61684) rank_used=0 chosen=129930 marge_decisionnelle=8.528756
info:   marge top1-top2 @ gen=1156 : 11.104140 (top1=3037 top2=5723) rank_used=0 chosen=3037 marge_decisionnelle=11.104140
info:   marge top1-top2 @ gen=1157 : 9.868460 (top1=2049 top2=28620) rank_used=0 chosen=2049 marge_decisionnelle=9.868460
info:   marge top1-top2 @ gen=1158 : 7.808987 (top1=4052 top2=2309) rank_used=0 chosen=4052 marge_decisionnelle=7.808987
info:   marge top1-top2 @ gen=1159 : 12.489546 (top1=569 top2=1747) rank_used=0 chosen=569 marge_decisionnelle=12.489546
info:   marge top1-top2 @ gen=1160 : 11.680107 (top1=759 top2=537) rank_used=0 chosen=759 marge_decisionnelle=11.680107
info:   marge top1-top2 @ gen=1161 : 10.154660 (top1=107058 top2=15307) rank_used=0 chosen=107058 marge_decisionnelle=10.154660
info:   marge top1-top2 @ gen=1162 : 12.165302 (top1=2112 top2=162039) rank_used=0 chosen=2112 marge_decisionnelle=12.165302
info:   marge top1-top2 @ gen=1163 : 8.515579 (top1=118583 top2=8285) rank_used=0 chosen=118583 marge_decisionnelle=8.515579
info:   marge top1-top2 @ gen=1164 : 13.425692 (top1=513 top2=1167) rank_used=0 chosen=513 marge_decisionnelle=13.425692
info:   marge top1-top2 @ gen=1165 : 12.952652 (top1=236789 top2=236858) rank_used=0 chosen=236789 marge_decisionnelle=12.952652
info:   marge top1-top2 @ gen=1166 : 12.694503 (top1=62462 top2=82839) rank_used=0 chosen=62462 marge_decisionnelle=12.694503
info:   marge top1-top2 @ gen=1167 : 12.629017 (top1=696 top2=568) rank_used=0 chosen=696 marge_decisionnelle=12.629017
info:   marge top1-top2 @ gen=1168 : 8.203826 (top1=22865 top2=12409) rank_used=0 chosen=22865 marge_decisionnelle=8.203826
info:   marge top1-top2 @ gen=1169 : 9.147263 (top1=37485 top2=147516) rank_used=0 chosen=37485 marge_decisionnelle=9.147263
info:   marge top1-top2 @ gen=1170 : 11.358172 (top1=1017 top2=236761) rank_used=0 chosen=1017 marge_decisionnelle=11.358172
info:   marge top1-top2 @ gen=1171 : 12.523629 (top1=108 top2=236743) rank_used=0 chosen=108 marge_decisionnelle=12.523629
info:   marge top1-top2 @ gen=1172 : 10.905567 (top1=4967 top2=236770) rank_used=0 chosen=4967 marge_decisionnelle=10.905567
info:   marge top1-top2 @ gen=1173 : 9.592168 (top1=107058 top2=15307) rank_used=0 chosen=107058 marge_decisionnelle=9.592168
info:   marge top1-top2 @ gen=1174 : 12.779467 (top1=2112 top2=239615) rank_used=0 chosen=2112 marge_decisionnelle=12.779467
info:   marge top1-top2 @ gen=1175 : 8.466281 (top1=118583 top2=8285) rank_used=0 chosen=118583 marge_decisionnelle=8.466281
info:   marge top1-top2 @ gen=1176 : 13.416575 (top1=513 top2=1167) rank_used=0 chosen=513 marge_decisionnelle=13.416575
info:   marge top1-top2 @ gen=1177 : 13.542196 (top1=236789 top2=236858) rank_used=0 chosen=236789 marge_decisionnelle=13.542196
info:   marge top1-top2 @ gen=1178 : 12.655483 (top1=62462 top2=82839) rank_used=0 chosen=62462 marge_decisionnelle=12.655483
info:   marge top1-top2 @ gen=1179 : 12.402429 (top1=1009 top2=568) rank_used=0 chosen=1009 marge_decisionnelle=12.402429
info:   marge top1-top2 @ gen=1180 : 11.585593 (top1=3037 top2=2253) rank_used=0 chosen=3037 marge_decisionnelle=11.585593
info:   marge top1-top2 @ gen=1181 : 10.751784 (top1=9939 top2=64836) rank_used=0 chosen=9939 marge_decisionnelle=10.751784
info:   marge top1-top2 @ gen=1182 : 12.218279 (top1=2947 top2=28539) rank_used=0 chosen=2947 marge_decisionnelle=12.218279
info:   marge top1-top2 @ gen=1183 : 9.940337 (top1=55844 top2=180348) rank_used=0 chosen=55844 marge_decisionnelle=9.940337
info:   marge top1-top2 @ gen=1184 : 11.935047 (top1=674 top2=759) rank_used=0 chosen=674 marge_decisionnelle=11.935047
info:   marge top1-top2 @ gen=1185 : 10.583032 (top1=28421 top2=97811) rank_used=0 chosen=28421 marge_decisionnelle=10.583032
info:   marge top1-top2 @ gen=1186 : 11.062723 (top1=569 top2=513) rank_used=0 chosen=569 marge_decisionnelle=11.062723
info:   marge top1-top2 @ gen=1187 : 9.743442 (top1=10040 top2=13031) rank_used=0 chosen=10040 marge_decisionnelle=9.743442
info:   marge top1-top2 @ gen=1188 : 14.390903 (top1=513 top2=1167) rank_used=0 chosen=513 marge_decisionnelle=14.390903
info:   marge top1-top2 @ gen=1189 : 10.985960 (top1=236789 top2=236858) rank_used=0 chosen=236789 marge_decisionnelle=10.985960
info:   marge top1-top2 @ gen=1190 : 11.901981 (top1=602 top2=5095) rank_used=0 chosen=602 marge_decisionnelle=11.901981
info:   marge top1-top2 @ gen=1191 : 11.434479 (top1=56667 top2=94647) rank_used=0 chosen=56667 marge_decisionnelle=11.434479
info:   marge top1-top2 @ gen=1192 : 13.571999 (top1=568 top2=513) rank_used=0 chosen=568 marge_decisionnelle=13.571999
info:   marge top1-top2 @ gen=1193 : 10.534473 (top1=182283 top2=3521) rank_used=0 chosen=182283 marge_decisionnelle=10.534473
info:   marge top1-top2 @ gen=1194 : 10.800411 (top1=723 top2=602) rank_used=0 chosen=723 marge_decisionnelle=10.800411
info:   marge top1-top2 @ gen=1195 : 11.504721 (top1=92474 top2=128282) rank_used=0 chosen=92474 marge_decisionnelle=11.504721
info:   marge top1-top2 @ gen=1196 : 14.397973 (top1=236768 top2=237214) rank_used=0 chosen=236768 marge_decisionnelle=14.397973
info:   marge top1-top2 @ gen=1197 : 11.598115 (top1=1608 top2=3229) rank_used=0 chosen=1608 marge_decisionnelle=11.598115
info:   marge top1-top2 @ gen=1198 : 11.606174 (top1=723 top2=5095) rank_used=0 chosen=723 marge_decisionnelle=11.606174
info:   marge top1-top2 @ gen=1199 : 10.430256 (top1=9062 top2=30020) rank_used=0 chosen=9062 marge_decisionnelle=10.430256
info:   marge top1-top2 @ gen=1200 : 10.651224 (top1=125091 top2=207771) rank_used=0 chosen=125091 marge_decisionnelle=10.651224
info:   marge top1-top2 @ gen=1201 : 11.345776 (top1=569 top2=513) rank_used=0 chosen=569 marge_decisionnelle=11.345776
info:   marge top1-top2 @ gen=1202 : 10.109654 (top1=60588 top2=4171) rank_used=0 chosen=60588 marge_decisionnelle=10.109654
info:   marge top1-top2 @ gen=1203 : 12.410326 (top1=3349 top2=2637) rank_used=0 chosen=3349 marge_decisionnelle=12.410326
info:   marge top1-top2 @ gen=1204 : 12.170964 (top1=569 top2=513) rank_used=0 chosen=569 marge_decisionnelle=12.170964
info:   marge top1-top2 @ gen=1205 : 12.685593 (top1=12727 top2=51635) rank_used=0 chosen=12727 marge_decisionnelle=12.685593
info:   marge top1-top2 @ gen=1206 : 9.964556 (top1=1190 top2=498) rank_used=0 chosen=1190 marge_decisionnelle=9.964556
info:   marge top1-top2 @ gen=1207 : 10.497079 (top1=193336 top2=14293) rank_used=0 chosen=193336 marge_decisionnelle=10.497079
info:   marge top1-top2 @ gen=1208 : 10.797873 (top1=236761 top2=568) rank_used=0 chosen=236761 marge_decisionnelle=10.797873
info:   marge top1-top2 @ gen=1209 : 10.593512 (top1=16107 top2=1429) rank_used=0 chosen=16107 marge_decisionnelle=10.593512
info:   marge top1-top2 @ gen=1210 : 10.778059 (top1=20995 top2=185817) rank_used=0 chosen=20995 marge_decisionnelle=10.778059
info:   marge top1-top2 @ gen=1211 : 9.092220 (top1=569 top2=513) rank_used=0 chosen=569 marge_decisionnelle=9.092220
info:   marge top1-top2 @ gen=1212 : 9.163724 (top1=150741 top2=25805) rank_used=0 chosen=150741 marge_decisionnelle=9.163724
info:   marge top1-top2 @ gen=1213 : 13.151031 (top1=1640 top2=674) rank_used=0 chosen=1640 marge_decisionnelle=13.151031
info:   marge top1-top2 @ gen=1214 : 9.868831 (top1=3381 top2=153747) rank_used=0 chosen=3381 marge_decisionnelle=9.868831
info:   marge top1-top2 @ gen=1215 : 9.889738 (top1=4154 top2=28256) rank_used=0 chosen=4154 marge_decisionnelle=9.889738
info:   marge top1-top2 @ gen=1216 : 9.803368 (top1=23371 top2=33761) rank_used=0 chosen=23371 marge_decisionnelle=9.803368
info:   marge top1-top2 @ gen=1217 : 7.799116 (top1=2417 top2=3658) rank_used=0 chosen=2417 marge_decisionnelle=7.799116
info:   marge top1-top2 @ gen=1218 : 14.191570 (top1=513 top2=1167) rank_used=0 chosen=513 marge_decisionnelle=14.191570
info:   marge top1-top2 @ gen=1219 : 11.652447 (top1=236789 top2=236858) rank_used=0 chosen=236789 marge_decisionnelle=11.652447
info:   marge top1-top2 @ gen=1220 : 11.589273 (top1=2253 top2=602) rank_used=0 chosen=2253 marge_decisionnelle=11.589273
info:   marge top1-top2 @ gen=1221 : 9.621754 (top1=20412 top2=23376) rank_used=0 chosen=20412 marge_decisionnelle=9.621754
info:   marge top1-top2 @ gen=1222 : 10.563759 (top1=56556 top2=80214) rank_used=0 chosen=56556 marge_decisionnelle=10.563759
info:   marge top1-top2 @ gen=1223 : 11.566525 (top1=236764 top2=568) rank_used=0 chosen=236764 marge_decisionnelle=11.566525
info:   marge top1-top2 @ gen=1224 : 11.299116 (top1=674 top2=519) rank_used=0 chosen=674 marge_decisionnelle=11.299116
info:   marge top1-top2 @ gen=1225 : 11.884447 (top1=56667 top2=38325) rank_used=0 chosen=56667 marge_decisionnelle=11.884447
info:   marge top1-top2 @ gen=1226 : 12.675629 (top1=770 top2=6240) rank_used=0 chosen=770 marge_decisionnelle=12.675629
info:   marge top1-top2 @ gen=1227 : 9.971576 (top1=636 top2=1248) rank_used=0 chosen=636 marge_decisionnelle=9.971576
info:   marge top1-top2 @ gen=1228 : 9.009271 (top1=4702 top2=31995) rank_used=0 chosen=4702 marge_decisionnelle=9.009271
info:   marge top1-top2 @ gen=1229 : 8.792210 (top1=500 top2=1150) rank_used=0 chosen=500 marge_decisionnelle=8.792210
info:   marge top1-top2 @ gen=1230 : 10.560797 (top1=929 top2=690) rank_used=0 chosen=929 marge_decisionnelle=10.560797
info:   marge top1-top2 @ gen=1231 : 13.591683 (top1=1270 top2=556) rank_used=0 chosen=1270 marge_decisionnelle=13.591683
info:   marge top1-top2 @ gen=1232 : 11.709205 (top1=3037 top2=723) rank_used=0 chosen=3037 marge_decisionnelle=11.709205
info:   marge top1-top2 @ gen=1233 : 11.802497 (top1=623 top2=2789) rank_used=0 chosen=623 marge_decisionnelle=11.802497
info:   marge top1-top2 @ gen=1234 : 11.151123 (top1=15307 top2=13596) rank_used=0 chosen=15307 marge_decisionnelle=11.151123
info:   marge top1-top2 @ gen=1235 : 8.248543 (top1=8328 top2=30049) rank_used=0 chosen=8328 marge_decisionnelle=8.248543
info:   marge top1-top2 @ gen=1236 : 14.618023 (top1=236775 top2=236789) rank_used=0 chosen=236775 marge_decisionnelle=14.618023
info:   marge top1-top2 @ gen=1237 : 8.879889 (top1=39924 top2=119811) rank_used=0 chosen=39924 marge_decisionnelle=8.879889
info:   marge top1-top2 @ gen=1238 : 12.473830 (top1=2947 top2=28539) rank_used=0 chosen=2947 marge_decisionnelle=12.473830
info:   marge top1-top2 @ gen=1239 : 10.291412 (top1=636 top2=1248) rank_used=0 chosen=636 marge_decisionnelle=10.291412
info:   marge top1-top2 @ gen=1240 : 13.252091 (top1=2972 top2=120761) rank_used=0 chosen=2972 marge_decisionnelle=13.252091
info:   marge top1-top2 @ gen=1241 : 8.860771 (top1=2811 top2=3518) rank_used=0 chosen=2811 marge_decisionnelle=8.860771
info:   marge top1-top2 @ gen=1242 : 13.916389 (top1=3229 top2=16107) rank_used=0 chosen=3229 marge_decisionnelle=13.916389
info:   marge top1-top2 @ gen=1243 : 10.701490 (top1=13969 top2=50157) rank_used=0 chosen=13969 marge_decisionnelle=10.701490
info:   marge top1-top2 @ gen=1244 : 12.949086 (top1=1008 top2=570) rank_used=0 chosen=1008 marge_decisionnelle=12.949086
info:   marge top1-top2 @ gen=1245 : 8.665203 (top1=1608 top2=40300) rank_used=0 chosen=1608 marge_decisionnelle=8.665203
info:   marge top1-top2 @ gen=1246 : 6.268919 (top1=40300 top2=146955) rank_used=0 chosen=40300 marge_decisionnelle=6.268919
info:   marge top1-top2 @ gen=1247 : 11.515609 (top1=569 top2=1747) rank_used=0 chosen=569 marge_decisionnelle=11.515609
info:   marge top1-top2 @ gen=1248 : 11.013382 (top1=759 top2=537) rank_used=0 chosen=759 marge_decisionnelle=11.013382
info:   marge top1-top2 @ gen=1249 : 8.915506 (top1=22939 top2=81872) rank_used=0 chosen=22939 marge_decisionnelle=8.915506
info:   marge top1-top2 @ gen=1250 : 11.534605 (top1=236761 top2=568) rank_used=0 chosen=236761 marge_decisionnelle=11.534605
info:   marge top1-top2 @ gen=1251 : 8.489985 (top1=27301 top2=50822) rank_used=0 chosen=27301 marge_decisionnelle=8.489985
info:   marge top1-top2 @ gen=1252 : 7.874498 (top1=129120 top2=4313) rank_used=0 chosen=129120 marge_decisionnelle=7.874498
info:   ... step 1280 (1252 générés)
info:   marge top1-top2 @ gen=1253 : 8.496664 (top1=15075 top2=26230) rank_used=0 chosen=15075 marge_decisionnelle=8.496664
info:   marge top1-top2 @ gen=1254 : 10.305605 (top1=569 top2=513) rank_used=0 chosen=569 marge_decisionnelle=10.305605
info:   marge top1-top2 @ gen=1255 : 8.967974 (top1=91920 top2=187135) rank_used=0 chosen=91920 marge_decisionnelle=8.967974
info:   marge top1-top2 @ gen=1256 : 10.764294 (top1=40661 top2=94888) rank_used=0 chosen=40661 marge_decisionnelle=10.764294
info:   marge top1-top2 @ gen=1257 : 8.376183 (top1=68962 top2=27228) rank_used=0 chosen=68962 marge_decisionnelle=8.376183
info:   marge top1-top2 @ gen=1258 : 12.295161 (top1=759 top2=674) rank_used=0 chosen=759 marge_decisionnelle=12.295161
info:   marge top1-top2 @ gen=1259 : 10.324554 (top1=83876 top2=86446) rank_used=0 chosen=83876 marge_decisionnelle=10.324554
info:   marge top1-top2 @ gen=1260 : 14.030212 (top1=569 top2=513) rank_used=0 chosen=569 marge_decisionnelle=14.030212
info:   marge top1-top2 @ gen=1261 : 9.646745 (top1=3313 top2=150741) rank_used=0 chosen=3313 marge_decisionnelle=9.646745
info:   marge top1-top2 @ gen=1262 : 10.736776 (top1=46778 top2=16066) rank_used=0 chosen=46778 marge_decisionnelle=10.736776
info:   marge top1-top2 @ gen=1263 : 12.791501 (top1=9966 top2=33334) rank_used=0 chosen=9966 marge_decisionnelle=12.791501
info:   marge top1-top2 @ gen=1264 : 13.257291 (top1=696 top2=113526) rank_used=0 chosen=696 marge_decisionnelle=13.257291
info:   marge top1-top2 @ gen=1265 : 10.641179 (top1=80334 top2=9841) rank_used=0 chosen=80334 marge_decisionnelle=10.641179
info:   marge top1-top2 @ gen=1266 : 13.076469 (top1=3229 top2=6397) rank_used=0 chosen=3229 marge_decisionnelle=13.076469
info:   marge top1-top2 @ gen=1267 : 11.693616 (top1=56667 top2=94647) rank_used=0 chosen=56667 marge_decisionnelle=11.693616
info:   marge top1-top2 @ gen=1268 : 9.057926 (top1=569 top2=513) rank_used=0 chosen=569 marge_decisionnelle=9.057926
info:   marge top1-top2 @ gen=1269 : 10.440551 (top1=131976 top2=56391) rank_used=0 chosen=131976 marge_decisionnelle=10.440551
info:   marge top1-top2 @ gen=1270 : 15.326574 (top1=853 top2=569) rank_used=0 chosen=853 marge_decisionnelle=15.326574
info:   marge top1-top2 @ gen=1271 : 8.024307 (top1=138905 top2=23505) rank_used=0 chosen=138905 marge_decisionnelle=8.024307
info:   marge top1-top2 @ gen=1272 : 12.258435 (top1=569 top2=513) rank_used=0 chosen=569 marge_decisionnelle=12.258435
info:   marge top1-top2 @ gen=1273 : 7.257516 (top1=50711 top2=31120) rank_used=0 chosen=50711 marge_decisionnelle=7.257516
info:   marge top1-top2 @ gen=1274 : 6.940285 (top1=24562 top2=203434) rank_used=0 chosen=24562 marge_decisionnelle=6.940285
info:   marge top1-top2 @ gen=1275 : 9.913036 (top1=108417 top2=6888) rank_used=0 chosen=108417 marge_decisionnelle=9.913036
info:   marge top1-top2 @ gen=1276 : 8.285465 (top1=703 top2=785) rank_used=0 chosen=703 marge_decisionnelle=8.285465
info:   marge top1-top2 @ gen=1277 : 10.926302 (top1=236761 top2=9047) rank_used=0 chosen=236761 marge_decisionnelle=10.926302
info:   marge top1-top2 @ gen=1278 : 4.990574 (top1=954 top2=1454) rank_used=0 chosen=954 marge_decisionnelle=4.990574
info:   marge top1-top2 @ gen=1279 : 10.724978 (top1=45518 top2=3480) rank_used=0 chosen=45518 marge_decisionnelle=10.724978
info:   marge top1-top2 @ gen=1280 : 11.792616 (top1=236813 top2=825) rank_used=0 chosen=236813 marge_decisionnelle=11.792616
info:   marge top1-top2 @ gen=1281 : 9.714285 (top1=107 top2=106) rank_used=0 chosen=107 marge_decisionnelle=9.714285
info:   marge top1-top2 @ gen=1282 : 4.527477 (top1=101 top2=100) rank_used=0 chosen=101 marge_decisionnelle=4.527477
info:   marge top1-top2 @ gen=1283 : 8.447587 (top1=129930 top2=61684) rank_used=0 chosen=129930 marge_decisionnelle=8.447587
info:   marge top1-top2 @ gen=1284 : 10.898390 (top1=3037 top2=5723) rank_used=0 chosen=3037 marge_decisionnelle=10.898390
info:   marge top1-top2 @ gen=1285 : 10.014393 (top1=2049 top2=28620) rank_used=0 chosen=2049 marge_decisionnelle=10.014393
info:   marge top1-top2 @ gen=1286 : 8.289406 (top1=4052 top2=2309) rank_used=0 chosen=4052 marge_decisionnelle=8.289406
info:   marge top1-top2 @ gen=1287 : 12.671391 (top1=569 top2=1747) rank_used=0 chosen=569 marge_decisionnelle=12.671391
info:   marge top1-top2 @ gen=1288 : 11.865509 (top1=759 top2=537) rank_used=0 chosen=759 marge_decisionnelle=11.865509
info:   marge top1-top2 @ gen=1289 : 10.158792 (top1=107058 top2=15307) rank_used=0 chosen=107058 marge_decisionnelle=10.158792
info:   marge top1-top2 @ gen=1290 : 12.130342 (top1=2112 top2=162039) rank_used=0 chosen=2112 marge_decisionnelle=12.130342
info:   marge top1-top2 @ gen=1291 : 8.199131 (top1=118583 top2=8285) rank_used=0 chosen=118583 marge_decisionnelle=8.199131
info:   marge top1-top2 @ gen=1292 : 13.587807 (top1=513 top2=1167) rank_used=0 chosen=513 marge_decisionnelle=13.587807
info:   marge top1-top2 @ gen=1293 : 12.910450 (top1=236789 top2=236858) rank_used=0 chosen=236789 marge_decisionnelle=12.910450
info:   marge top1-top2 @ gen=1294 : 12.686026 (top1=62462 top2=82839) rank_used=0 chosen=62462 marge_decisionnelle=12.686026
info:   marge top1-top2 @ gen=1295 : 12.683846 (top1=696 top2=909) rank_used=0 chosen=696 marge_decisionnelle=12.683846
info:   marge top1-top2 @ gen=1296 : 8.213328 (top1=22865 top2=12409) rank_used=0 chosen=22865 marge_decisionnelle=8.213328
info:   marge top1-top2 @ gen=1297 : 9.312899 (top1=37485 top2=147516) rank_used=0 chosen=37485 marge_decisionnelle=9.312899
info:   marge top1-top2 @ gen=1298 : 11.321805 (top1=1017 top2=236761) rank_used=0 chosen=1017 marge_decisionnelle=11.321805
info:   marge top1-top2 @ gen=1299 : 12.650102 (top1=108 top2=236743) rank_used=0 chosen=108 marge_decisionnelle=12.650102
info:   marge top1-top2 @ gen=1300 : 11.382738 (top1=4967 top2=236770) rank_used=0 chosen=4967 marge_decisionnelle=11.382738
info:   marge top1-top2 @ gen=1301 : 9.548832 (top1=107058 top2=15307) rank_used=0 chosen=107058 marge_decisionnelle=9.548832
info:   marge top1-top2 @ gen=1302 : 12.766448 (top1=2112 top2=239615) rank_used=0 chosen=2112 marge_decisionnelle=12.766448
info:   marge top1-top2 @ gen=1303 : 8.619961 (top1=118583 top2=8285) rank_used=0 chosen=118583 marge_decisionnelle=8.619961
info:   marge top1-top2 @ gen=1304 : 13.419961 (top1=513 top2=1167) rank_used=0 chosen=513 marge_decisionnelle=13.419961
info:   marge top1-top2 @ gen=1305 : 14.062159 (top1=236789 top2=236858) rank_used=0 chosen=236789 marge_decisionnelle=14.062159
info:   marge top1-top2 @ gen=1306 : 12.470966 (top1=62462 top2=82839) rank_used=0 chosen=62462 marge_decisionnelle=12.470966
info:   marge top1-top2 @ gen=1307 : 12.289292 (top1=1009 top2=568) rank_used=0 chosen=1009 marge_decisionnelle=12.289292
info:   marge top1-top2 @ gen=1308 : 11.532320 (top1=3037 top2=7325) rank_used=0 chosen=3037 marge_decisionnelle=11.532320
info:   marge top1-top2 @ gen=1309 : 10.897368 (top1=9939 top2=64836) rank_used=0 chosen=9939 marge_decisionnelle=10.897368
info:   marge top1-top2 @ gen=1310 : 12.194277 (top1=2947 top2=28539) rank_used=0 chosen=2947 marge_decisionnelle=12.194277
info:   marge top1-top2 @ gen=1311 : 10.084314 (top1=55844 top2=180348) rank_used=0 chosen=55844 marge_decisionnelle=10.084314
info:   marge top1-top2 @ gen=1312 : 11.950034 (top1=674 top2=759) rank_used=0 chosen=674 marge_decisionnelle=11.950034
info:   marge top1-top2 @ gen=1313 : 10.436558 (top1=28421 top2=97811) rank_used=0 chosen=28421 marge_decisionnelle=10.436558
info:   marge top1-top2 @ gen=1314 : 11.260046 (top1=569 top2=513) rank_used=0 chosen=569 marge_decisionnelle=11.260046
info:   marge top1-top2 @ gen=1315 : 9.770606 (top1=10040 top2=13031) rank_used=0 chosen=10040 marge_decisionnelle=9.770606
info:   marge top1-top2 @ gen=1316 : 14.426466 (top1=513 top2=1167) rank_used=0 chosen=513 marge_decisionnelle=14.426466
info:   marge top1-top2 @ gen=1317 : 12.541382 (top1=236789 top2=236858) rank_used=0 chosen=236789 marge_decisionnelle=12.541382
info:   marge top1-top2 @ gen=1318 : 12.414919 (top1=602 top2=5095) rank_used=0 chosen=602 marge_decisionnelle=12.414919
info:   marge top1-top2 @ gen=1319 : 10.924197 (top1=56667 top2=94647) rank_used=0 chosen=56667 marge_decisionnelle=10.924197
info:   marge top1-top2 @ gen=1320 : 14.023636 (top1=568 top2=513) rank_used=0 chosen=568 marge_decisionnelle=14.023636
info:   marge top1-top2 @ gen=1321 : 10.361668 (top1=182283 top2=3521) rank_used=0 chosen=182283 marge_decisionnelle=10.361668
info:   marge top1-top2 @ gen=1322 : 10.837131 (top1=723 top2=602) rank_used=0 chosen=723 marge_decisionnelle=10.837131
info:   marge top1-top2 @ gen=1323 : 11.512606 (top1=92474 top2=128282) rank_used=0 chosen=92474 marge_decisionnelle=11.512606
info:   marge top1-top2 @ gen=1324 : 14.169301 (top1=236768 top2=237214) rank_used=0 chosen=236768 marge_decisionnelle=14.169301
info:   marge top1-top2 @ gen=1325 : 11.660160 (top1=1608 top2=3229) rank_used=0 chosen=1608 marge_decisionnelle=11.660160
info:   marge top1-top2 @ gen=1326 : 11.482452 (top1=723 top2=5095) rank_used=0 chosen=723 marge_decisionnelle=11.482452
info:   marge top1-top2 @ gen=1327 : 10.571424 (top1=9062 top2=30020) rank_used=0 chosen=9062 marge_decisionnelle=10.571424
info:   marge top1-top2 @ gen=1328 : 10.716424 (top1=125091 top2=207771) rank_used=0 chosen=125091 marge_decisionnelle=10.716424
info:   marge top1-top2 @ gen=1329 : 11.480843 (top1=569 top2=513) rank_used=0 chosen=569 marge_decisionnelle=11.480843
info:   marge top1-top2 @ gen=1330 : 10.334152 (top1=60588 top2=4171) rank_used=0 chosen=60588 marge_decisionnelle=10.334152
info:   marge top1-top2 @ gen=1331 : 12.469744 (top1=3349 top2=2637) rank_used=0 chosen=3349 marge_decisionnelle=12.469744
info:   marge top1-top2 @ gen=1332 : 11.903780 (top1=569 top2=513) rank_used=0 chosen=569 marge_decisionnelle=11.903780
info:   marge top1-top2 @ gen=1333 : 12.677455 (top1=12727 top2=19498) rank_used=0 chosen=12727 marge_decisionnelle=12.677455
info:   marge top1-top2 @ gen=1334 : 9.893360 (top1=1190 top2=498) rank_used=0 chosen=1190 marge_decisionnelle=9.893360
info:   marge top1-top2 @ gen=1335 : 10.206165 (top1=193336 top2=14293) rank_used=0 chosen=193336 marge_decisionnelle=10.206165
info:   marge top1-top2 @ gen=1336 : 10.786562 (top1=236761 top2=568) rank_used=0 chosen=236761 marge_decisionnelle=10.786562
info:   marge top1-top2 @ gen=1337 : 10.773418 (top1=16107 top2=1429) rank_used=0 chosen=16107 marge_decisionnelle=10.773418
info:   marge top1-top2 @ gen=1338 : 10.850087 (top1=20995 top2=185817) rank_used=0 chosen=20995 marge_decisionnelle=10.850087
info:   marge top1-top2 @ gen=1339 : 9.202543 (top1=569 top2=513) rank_used=0 chosen=569 marge_decisionnelle=9.202543
info:   marge top1-top2 @ gen=1340 : 9.329731 (top1=150741 top2=25805) rank_used=0 chosen=150741 marge_decisionnelle=9.329731
info:   marge top1-top2 @ gen=1341 : 13.122587 (top1=1640 top2=853) rank_used=0 chosen=1640 marge_decisionnelle=13.122587
info:   marge top1-top2 @ gen=1342 : 9.506422 (top1=3381 top2=153747) rank_used=0 chosen=3381 marge_decisionnelle=9.506422
info:   marge top1-top2 @ gen=1343 : 9.963389 (top1=4154 top2=28256) rank_used=0 chosen=4154 marge_decisionnelle=9.963389
info:   marge top1-top2 @ gen=1344 : 9.805929 (top1=23371 top2=33761) rank_used=0 chosen=23371 marge_decisionnelle=9.805929
info:   marge top1-top2 @ gen=1345 : 7.837220 (top1=2417 top2=3658) rank_used=0 chosen=2417 marge_decisionnelle=7.837220
info:   marge top1-top2 @ gen=1346 : 14.182905 (top1=513 top2=1167) rank_used=0 chosen=513 marge_decisionnelle=14.182905
info:   marge top1-top2 @ gen=1347 : 11.946889 (top1=236789 top2=236858) rank_used=0 chosen=236789 marge_decisionnelle=11.946889
info:   marge top1-top2 @ gen=1348 : 11.271689 (top1=2253 top2=602) rank_used=0 chosen=2253 marge_decisionnelle=11.271689
info:   marge top1-top2 @ gen=1349 : 9.853520 (top1=20412 top2=23376) rank_used=0 chosen=20412 marge_decisionnelle=9.853520
info:   marge top1-top2 @ gen=1350 : 10.703942 (top1=56556 top2=80214) rank_used=0 chosen=56556 marge_decisionnelle=10.703942
info:   marge top1-top2 @ gen=1351 : 11.664167 (top1=236764 top2=568) rank_used=0 chosen=236764 marge_decisionnelle=11.664167
info:   marge top1-top2 @ gen=1352 : 11.669724 (top1=674 top2=519) rank_used=0 chosen=674 marge_decisionnelle=11.669724
info:   marge top1-top2 @ gen=1353 : 12.016379 (top1=56667 top2=38325) rank_used=0 chosen=56667 marge_decisionnelle=12.016379
info:   marge top1-top2 @ gen=1354 : 12.755121 (top1=770 top2=6240) rank_used=0 chosen=770 marge_decisionnelle=12.755121
info:   marge top1-top2 @ gen=1355 : 9.999586 (top1=636 top2=1248) rank_used=0 chosen=636 marge_decisionnelle=9.999586
info:   marge top1-top2 @ gen=1356 : 9.043486 (top1=4702 top2=31995) rank_used=0 chosen=4702 marge_decisionnelle=9.043486
info:   marge top1-top2 @ gen=1357 : 8.700247 (top1=500 top2=1150) rank_used=0 chosen=500 marge_decisionnelle=8.700247
info:   marge top1-top2 @ gen=1358 : 10.591455 (top1=929 top2=690) rank_used=0 chosen=929 marge_decisionnelle=10.591455
info:   marge top1-top2 @ gen=1359 : 13.698401 (top1=1270 top2=556) rank_used=0 chosen=1270 marge_decisionnelle=13.698401
info:   marge top1-top2 @ gen=1360 : 11.793789 (top1=3037 top2=237009) rank_used=0 chosen=3037 marge_decisionnelle=11.793789
info:   marge top1-top2 @ gen=1361 : 11.993779 (top1=623 top2=2789) rank_used=0 chosen=623 marge_decisionnelle=11.993779
info:   marge top1-top2 @ gen=1362 : 11.292641 (top1=15307 top2=13596) rank_used=0 chosen=15307 marge_decisionnelle=11.292641
info:   marge top1-top2 @ gen=1363 : 7.304209 (top1=8328 top2=30049) rank_used=0 chosen=8328 marge_decisionnelle=7.304209
info:   marge top1-top2 @ gen=1364 : 14.592720 (top1=236775 top2=236789) rank_used=0 chosen=236775 marge_decisionnelle=14.592720
info:   marge top1-top2 @ gen=1365 : 8.845419 (top1=39924 top2=119811) rank_used=0 chosen=39924 marge_decisionnelle=8.845419
info:   marge top1-top2 @ gen=1366 : 12.470828 (top1=2947 top2=28539) rank_used=0 chosen=2947 marge_decisionnelle=12.470828
info:   marge top1-top2 @ gen=1367 : 10.307686 (top1=636 top2=1248) rank_used=0 chosen=636 marge_decisionnelle=10.307686
info:   marge top1-top2 @ gen=1368 : 13.116117 (top1=2972 top2=120761) rank_used=0 chosen=2972 marge_decisionnelle=13.116117
info:   marge top1-top2 @ gen=1369 : 8.756109 (top1=2811 top2=3518) rank_used=0 chosen=2811 marge_decisionnelle=8.756109
info:   marge top1-top2 @ gen=1370 : 14.107904 (top1=3229 top2=16107) rank_used=0 chosen=3229 marge_decisionnelle=14.107904
info:   marge top1-top2 @ gen=1371 : 10.597706 (top1=13969 top2=50157) rank_used=0 chosen=13969 marge_decisionnelle=10.597706
info:   marge top1-top2 @ gen=1372 : 12.882581 (top1=1008 top2=570) rank_used=0 chosen=1008 marge_decisionnelle=12.882581
info:   marge top1-top2 @ gen=1373 : 8.768421 (top1=1608 top2=40300) rank_used=0 chosen=1608 marge_decisionnelle=8.768421
info:   marge top1-top2 @ gen=1374 : 6.339876 (top1=40300 top2=146955) rank_used=0 chosen=40300 marge_decisionnelle=6.339876
info:   marge top1-top2 @ gen=1375 : 11.806767 (top1=569 top2=1747) rank_used=0 chosen=569 marge_decisionnelle=11.806767
info:   marge top1-top2 @ gen=1376 : 11.194757 (top1=759 top2=537) rank_used=0 chosen=759 marge_decisionnelle=11.194757
info:   marge top1-top2 @ gen=1377 : 8.914057 (top1=22939 top2=81872) rank_used=0 chosen=22939 marge_decisionnelle=8.914057
info:   marge top1-top2 @ gen=1378 : 11.675716 (top1=236761 top2=568) rank_used=0 chosen=236761 marge_decisionnelle=11.675716
info:   marge top1-top2 @ gen=1379 : 8.463446 (top1=27301 top2=50822) rank_used=0 chosen=27301 marge_decisionnelle=8.463446
info:   marge top1-top2 @ gen=1380 : 7.759535 (top1=129120 top2=4313) rank_used=0 chosen=129120 marge_decisionnelle=7.759535
info:   marge top1-top2 @ gen=1381 : 8.496855 (top1=15075 top2=26230) rank_used=0 chosen=15075 marge_decisionnelle=8.496855
info:   marge top1-top2 @ gen=1382 : 10.349129 (top1=569 top2=513) rank_used=0 chosen=569 marge_decisionnelle=10.349129
info:   marge top1-top2 @ gen=1383 : 8.929703 (top1=91920 top2=187135) rank_used=0 chosen=91920 marge_decisionnelle=8.929703
info:   marge top1-top2 @ gen=1384 : 10.910506 (top1=40661 top2=94888) rank_used=0 chosen=40661 marge_decisionnelle=10.910506
info:   marge top1-top2 @ gen=1385 : 7.890669 (top1=68962 top2=27228) rank_used=0 chosen=68962 marge_decisionnelle=7.890669
info:   marge top1-top2 @ gen=1386 : 12.283082 (top1=759 top2=674) rank_used=0 chosen=759 marge_decisionnelle=12.283082
info:   marge top1-top2 @ gen=1387 : 10.440600 (top1=83876 top2=86446) rank_used=0 chosen=83876 marge_decisionnelle=10.440600
info:   marge top1-top2 @ gen=1388 : 13.863984 (top1=569 top2=513) rank_used=0 chosen=569 marge_decisionnelle=13.863984
info:   marge top1-top2 @ gen=1389 : 9.617193 (top1=3313 top2=150741) rank_used=0 chosen=3313 marge_decisionnelle=9.617193
info:   marge top1-top2 @ gen=1390 : 10.588895 (top1=46778 top2=16066) rank_used=0 chosen=46778 marge_decisionnelle=10.588895
info:   marge top1-top2 @ gen=1391 : 12.800184 (top1=9966 top2=33334) rank_used=0 chosen=9966 marge_decisionnelle=12.800184
info:   marge top1-top2 @ gen=1392 : 13.153228 (top1=696 top2=113526) rank_used=0 chosen=696 marge_decisionnelle=13.153228
info:   marge top1-top2 @ gen=1393 : 10.502452 (top1=80334 top2=9841) rank_used=0 chosen=80334 marge_decisionnelle=10.502452
info:   marge top1-top2 @ gen=1394 : 12.893540 (top1=3229 top2=6397) rank_used=0 chosen=3229 marge_decisionnelle=12.893540
info:   marge top1-top2 @ gen=1395 : 11.726964 (top1=56667 top2=94647) rank_used=0 chosen=56667 marge_decisionnelle=11.726964
info:   marge top1-top2 @ gen=1396 : 9.089552 (top1=569 top2=513) rank_used=0 chosen=569 marge_decisionnelle=9.089552
info:   marge top1-top2 @ gen=1397 : 10.475206 (top1=131976 top2=56391) rank_used=0 chosen=131976 marge_decisionnelle=10.475206
info:   marge top1-top2 @ gen=1398 : 15.228616 (top1=853 top2=569) rank_used=0 chosen=853 marge_decisionnelle=15.228616
info:   marge top1-top2 @ gen=1399 : 8.021793 (top1=138905 top2=23505) rank_used=0 chosen=138905 marge_decisionnelle=8.021793
info:   marge top1-top2 @ gen=1400 : 12.443265 (top1=569 top2=513) rank_used=0 chosen=569 marge_decisionnelle=12.443265
info:   marge top1-top2 @ gen=1401 : 7.112071 (top1=50711 top2=31120) rank_used=0 chosen=50711 marge_decisionnelle=7.112071
info:   marge top1-top2 @ gen=1402 : 7.072941 (top1=24562 top2=203434) rank_used=0 chosen=24562 marge_decisionnelle=7.072941
info:   marge top1-top2 @ gen=1403 : 9.894683 (top1=108417 top2=6888) rank_used=0 chosen=108417 marge_decisionnelle=9.894683
info:   marge top1-top2 @ gen=1404 : 8.176006 (top1=703 top2=785) rank_used=0 chosen=703 marge_decisionnelle=8.176006
info:   marge top1-top2 @ gen=1405 : 11.230814 (top1=236761 top2=568) rank_used=0 chosen=236761 marge_decisionnelle=11.230814
info:   marge top1-top2 @ gen=1406 : 5.087423 (top1=954 top2=1454) rank_used=0 chosen=954 marge_decisionnelle=5.087423
info:   marge top1-top2 @ gen=1407 : 10.597061 (top1=45518 top2=3480) rank_used=0 chosen=45518 marge_decisionnelle=10.597061
info:   marge top1-top2 @ gen=1408 : 11.621361 (top1=236813 top2=236842) rank_used=0 chosen=236813 marge_decisionnelle=11.621361
info:   marge top1-top2 @ gen=1409 : 9.834574 (top1=107 top2=106) rank_used=0 chosen=107 marge_decisionnelle=9.834574
info:   marge top1-top2 @ gen=1410 : 4.734388 (top1=101 top2=100) rank_used=0 chosen=101 marge_decisionnelle=4.734388
info:   marge top1-top2 @ gen=1411 : 8.386340 (top1=129930 top2=61684) rank_used=0 chosen=129930 marge_decisionnelle=8.386340
info:   marge top1-top2 @ gen=1412 : 10.887467 (top1=3037 top2=5723) rank_used=0 chosen=3037 marge_decisionnelle=10.887467
info:   marge top1-top2 @ gen=1413 : 10.226407 (top1=2049 top2=28620) rank_used=0 chosen=2049 marge_decisionnelle=10.226407
info:   marge top1-top2 @ gen=1414 : 7.572228 (top1=4052 top2=2309) rank_used=0 chosen=4052 marge_decisionnelle=7.572228
info:   marge top1-top2 @ gen=1415 : 12.866333 (top1=569 top2=1747) rank_used=0 chosen=569 marge_decisionnelle=12.866333
info:   marge top1-top2 @ gen=1416 : 11.973521 (top1=759 top2=537) rank_used=0 chosen=759 marge_decisionnelle=11.973521
info:   marge top1-top2 @ gen=1417 : 10.151155 (top1=107058 top2=15307) rank_used=0 chosen=107058 marge_decisionnelle=10.151155
info:   marge top1-top2 @ gen=1418 : 12.389014 (top1=2112 top2=239615) rank_used=0 chosen=2112 marge_decisionnelle=12.389014
info:   marge top1-top2 @ gen=1419 : 8.383513 (top1=118583 top2=8285) rank_used=0 chosen=118583 marge_decisionnelle=8.383513
info:   marge top1-top2 @ gen=1420 : 13.605524 (top1=513 top2=1167) rank_used=0 chosen=513 marge_decisionnelle=13.605524
info:   marge top1-top2 @ gen=1421 : 12.809513 (top1=236789 top2=236858) rank_used=0 chosen=236789 marge_decisionnelle=12.809513
info:   marge top1-top2 @ gen=1422 : 12.647801 (top1=62462 top2=82839) rank_used=0 chosen=62462 marge_decisionnelle=12.647801
info:   marge top1-top2 @ gen=1423 : 12.649221 (top1=696 top2=909) rank_used=0 chosen=696 marge_decisionnelle=12.649221
info:   marge top1-top2 @ gen=1424 : 8.115747 (top1=22865 top2=12409) rank_used=0 chosen=22865 marge_decisionnelle=8.115747
info:   marge top1-top2 @ gen=1425 : 9.289364 (top1=37485 top2=147516) rank_used=0 chosen=37485 marge_decisionnelle=9.289364
info:   marge top1-top2 @ gen=1426 : 11.315643 (top1=1017 top2=236779) rank_used=0 chosen=1017 marge_decisionnelle=11.315643
info:   marge top1-top2 @ gen=1427 : 12.768615 (top1=108 top2=236743) rank_used=0 chosen=108 marge_decisionnelle=12.768615
info:   marge top1-top2 @ gen=1428 : 11.331388 (top1=4967 top2=236770) rank_used=0 chosen=4967 marge_decisionnelle=11.331388
info:   marge top1-top2 @ gen=1429 : 9.370919 (top1=107058 top2=15307) rank_used=0 chosen=107058 marge_decisionnelle=9.370919
info:   marge top1-top2 @ gen=1430 : 12.605031 (top1=2112 top2=239615) rank_used=0 chosen=2112 marge_decisionnelle=12.605031
info:   marge top1-top2 @ gen=1431 : 8.680510 (top1=118583 top2=8285) rank_used=0 chosen=118583 marge_decisionnelle=8.680510
info:   marge top1-top2 @ gen=1432 : 13.597374 (top1=513 top2=1167) rank_used=0 chosen=513 marge_decisionnelle=13.597374
info:   marge top1-top2 @ gen=1433 : 12.612204 (top1=236789 top2=756) rank_used=0 chosen=236789 marge_decisionnelle=12.612204
info:   marge top1-top2 @ gen=1434 : 12.798736 (top1=62462 top2=82839) rank_used=0 chosen=62462 marge_decisionnelle=12.798736
info:   marge top1-top2 @ gen=1435 : 12.334880 (top1=1009 top2=568) rank_used=0 chosen=1009 marge_decisionnelle=12.334880
info:   marge top1-top2 @ gen=1436 : 11.461197 (top1=3037 top2=7325) rank_used=0 chosen=3037 marge_decisionnelle=11.461197
info:   marge top1-top2 @ gen=1437 : 11.142639 (top1=9939 top2=64836) rank_used=0 chosen=9939 marge_decisionnelle=11.142639
info:   marge top1-top2 @ gen=1438 : 12.104854 (top1=2947 top2=28539) rank_used=0 chosen=2947 marge_decisionnelle=12.104854
info:   marge top1-top2 @ gen=1439 : 10.171183 (top1=55844 top2=180348) rank_used=0 chosen=55844 marge_decisionnelle=10.171183
info:   marge top1-top2 @ gen=1440 : 12.015805 (top1=674 top2=759) rank_used=0 chosen=674 marge_decisionnelle=12.015805
info:   marge top1-top2 @ gen=1441 : 10.434757 (top1=28421 top2=97811) rank_used=0 chosen=28421 marge_decisionnelle=10.434757
info:   marge top1-top2 @ gen=1442 : 11.512079 (top1=569 top2=513) rank_used=0 chosen=569 marge_decisionnelle=11.512079
info:   marge top1-top2 @ gen=1443 : 9.932634 (top1=10040 top2=13031) rank_used=0 chosen=10040 marge_decisionnelle=9.932634
info:   marge top1-top2 @ gen=1444 : 14.504866 (top1=513 top2=1167) rank_used=0 chosen=513 marge_decisionnelle=14.504866
info:   marge top1-top2 @ gen=1445 : 12.357424 (top1=236789 top2=236858) rank_used=0 chosen=236789 marge_decisionnelle=12.357424
info:   marge top1-top2 @ gen=1446 : 12.417744 (top1=602 top2=5095) rank_used=0 chosen=602 marge_decisionnelle=12.417744
info:   marge top1-top2 @ gen=1447 : 11.409920 (top1=56667 top2=94647) rank_used=0 chosen=56667 marge_decisionnelle=11.409920
info:   marge top1-top2 @ gen=1448 : 13.939594 (top1=568 top2=9298) rank_used=0 chosen=568 marge_decisionnelle=13.939594
info:   marge top1-top2 @ gen=1449 : 10.318951 (top1=182283 top2=3521) rank_used=0 chosen=182283 marge_decisionnelle=10.318951
info:   marge top1-top2 @ gen=1450 : 10.967043 (top1=723 top2=602) rank_used=0 chosen=723 marge_decisionnelle=10.967043
info:   marge top1-top2 @ gen=1451 : 11.482545 (top1=92474 top2=128282) rank_used=0 chosen=92474 marge_decisionnelle=11.482545
info:   marge top1-top2 @ gen=1452 : 14.256167 (top1=236768 top2=237214) rank_used=0 chosen=236768 marge_decisionnelle=14.256167
info:   marge top1-top2 @ gen=1453 : 11.820925 (top1=1608 top2=3229) rank_used=0 chosen=1608 marge_decisionnelle=11.820925
info:   marge top1-top2 @ gen=1454 : 11.328798 (top1=723 top2=5095) rank_used=0 chosen=723 marge_decisionnelle=11.328798
info:   marge top1-top2 @ gen=1455 : 10.556808 (top1=9062 top2=30020) rank_used=0 chosen=9062 marge_decisionnelle=10.556808
info:   marge top1-top2 @ gen=1456 : 10.665679 (top1=125091 top2=207771) rank_used=0 chosen=125091 marge_decisionnelle=10.665679
info:   marge top1-top2 @ gen=1457 : 11.461369 (top1=569 top2=513) rank_used=0 chosen=569 marge_decisionnelle=11.461369
info:   marge top1-top2 @ gen=1458 : 10.263824 (top1=60588 top2=4171) rank_used=0 chosen=60588 marge_decisionnelle=10.263824
info:   marge top1-top2 @ gen=1459 : 12.468412 (top1=3349 top2=2637) rank_used=0 chosen=3349 marge_decisionnelle=12.468412
info:   marge top1-top2 @ gen=1460 : 12.132707 (top1=569 top2=513) rank_used=0 chosen=569 marge_decisionnelle=12.132707
info:   marge top1-top2 @ gen=1461 : 12.735399 (top1=12727 top2=19498) rank_used=0 chosen=12727 marge_decisionnelle=12.735399
info:   marge top1-top2 @ gen=1462 : 9.871572 (top1=1190 top2=498) rank_used=0 chosen=1190 marge_decisionnelle=9.871572
info:   marge top1-top2 @ gen=1463 : 10.241623 (top1=193336 top2=14293) rank_used=0 chosen=193336 marge_decisionnelle=10.241623
info:   marge top1-top2 @ gen=1464 : 10.673538 (top1=236761 top2=568) rank_used=0 chosen=236761 marge_decisionnelle=10.673538
info:   marge top1-top2 @ gen=1465 : 10.827361 (top1=16107 top2=1429) rank_used=0 chosen=16107 marge_decisionnelle=10.827361
info:   marge top1-top2 @ gen=1466 : 10.818404 (top1=20995 top2=185817) rank_used=0 chosen=20995 marge_decisionnelle=10.818404
info:   marge top1-top2 @ gen=1467 : 9.124815 (top1=569 top2=513) rank_used=0 chosen=569 marge_decisionnelle=9.124815
info:   marge top1-top2 @ gen=1468 : 9.162350 (top1=150741 top2=25805) rank_used=0 chosen=150741 marge_decisionnelle=9.162350
info:   marge top1-top2 @ gen=1469 : 13.252264 (top1=1640 top2=674) rank_used=0 chosen=1640 marge_decisionnelle=13.252264
info:   marge top1-top2 @ gen=1470 : 9.799388 (top1=3381 top2=153747) rank_used=0 chosen=3381 marge_decisionnelle=9.799388
info:   marge top1-top2 @ gen=1471 : 9.794164 (top1=4154 top2=28256) rank_used=0 chosen=4154 marge_decisionnelle=9.794164
info:   marge top1-top2 @ gen=1472 : 9.863470 (top1=23371 top2=33761) rank_used=0 chosen=23371 marge_decisionnelle=9.863470
info:   marge top1-top2 @ gen=1473 : 8.022141 (top1=2417 top2=3658) rank_used=0 chosen=2417 marge_decisionnelle=8.022141
info:   marge top1-top2 @ gen=1474 : 14.128569 (top1=513 top2=1167) rank_used=0 chosen=513 marge_decisionnelle=14.128569
info:   marge top1-top2 @ gen=1475 : 12.225278 (top1=236789 top2=236858) rank_used=0 chosen=236789 marge_decisionnelle=12.225278
info:   marge top1-top2 @ gen=1476 : 11.015535 (top1=2253 top2=602) rank_used=0 chosen=2253 marge_decisionnelle=11.015535
info:   marge top1-top2 @ gen=1477 : 9.755670 (top1=20412 top2=23376) rank_used=0 chosen=20412 marge_decisionnelle=9.755670
info:   marge top1-top2 @ gen=1478 : 10.602626 (top1=56556 top2=80214) rank_used=0 chosen=56556 marge_decisionnelle=10.602626
info:   marge top1-top2 @ gen=1479 : 11.556675 (top1=236764 top2=568) rank_used=0 chosen=236764 marge_decisionnelle=11.556675
info:   marge top1-top2 @ gen=1480 : 11.619324 (top1=674 top2=519) rank_used=0 chosen=674 marge_decisionnelle=11.619324
info:   marge top1-top2 @ gen=1481 : 11.907232 (top1=56667 top2=38325) rank_used=0 chosen=56667 marge_decisionnelle=11.907232
info:   marge top1-top2 @ gen=1482 : 12.349649 (top1=770 top2=636) rank_used=0 chosen=770 marge_decisionnelle=12.349649
info:   marge top1-top2 @ gen=1483 : 10.112381 (top1=636 top2=1248) rank_used=0 chosen=636 marge_decisionnelle=10.112381
info:   marge top1-top2 @ gen=1484 : 9.040690 (top1=4702 top2=31995) rank_used=0 chosen=4702 marge_decisionnelle=9.040690
info:   marge top1-top2 @ gen=1485 : 8.585035 (top1=500 top2=12220) rank_used=0 chosen=500 marge_decisionnelle=8.585035
info:   marge top1-top2 @ gen=1486 : 10.502094 (top1=929 top2=690) rank_used=0 chosen=929 marge_decisionnelle=10.502094
info:   marge top1-top2 @ gen=1487 : 13.514866 (top1=1270 top2=556) rank_used=0 chosen=1270 marge_decisionnelle=13.514866
info:   marge top1-top2 @ gen=1488 : 11.739298 (top1=3037 top2=723) rank_used=0 chosen=3037 marge_decisionnelle=11.739298
info:   marge top1-top2 @ gen=1489 : 12.240905 (top1=623 top2=2789) rank_used=0 chosen=623 marge_decisionnelle=12.240905
info:   marge top1-top2 @ gen=1490 : 11.549788 (top1=15307 top2=13596) rank_used=0 chosen=15307 marge_decisionnelle=11.549788
info:   marge top1-top2 @ gen=1491 : 7.079969 (top1=8328 top2=30049) rank_used=0 chosen=8328 marge_decisionnelle=7.079969
info:   marge top1-top2 @ gen=1492 : 14.619264 (top1=236775 top2=236789) rank_used=0 chosen=236775 marge_decisionnelle=14.619264
info:   marge top1-top2 @ gen=1493 : 8.739299 (top1=39924 top2=119811) rank_used=0 chosen=39924 marge_decisionnelle=8.739299
info:   marge top1-top2 @ gen=1494 : 12.493893 (top1=2947 top2=28539) rank_used=0 chosen=2947 marge_decisionnelle=12.493893
info:   marge top1-top2 @ gen=1495 : 10.202277 (top1=636 top2=1248) rank_used=0 chosen=636 marge_decisionnelle=10.202277
info:   marge top1-top2 @ gen=1496 : 13.173577 (top1=2972 top2=120761) rank_used=0 chosen=2972 marge_decisionnelle=13.173577
info:   marge top1-top2 @ gen=1497 : 8.659971 (top1=2811 top2=3518) rank_used=0 chosen=2811 marge_decisionnelle=8.659971
info:   marge top1-top2 @ gen=1498 : 14.094079 (top1=3229 top2=16107) rank_used=0 chosen=3229 marge_decisionnelle=14.094079
info:   marge top1-top2 @ gen=1499 : 10.462749 (top1=13969 top2=50157) rank_used=0 chosen=13969 marge_decisionnelle=10.462749
info:   marge top1-top2 @ gen=1500 : 13.130812 (top1=1008 top2=570) rank_used=0 chosen=1008 marge_decisionnelle=13.130812
info:   marge top1-top2 @ gen=1501 : 9.000013 (top1=1608 top2=40300) rank_used=0 chosen=1608 marge_decisionnelle=9.000013
info:   marge top1-top2 @ gen=1502 : 6.191868 (top1=40300 top2=146955) rank_used=0 chosen=40300 marge_decisionnelle=6.191868
info:   marge top1-top2 @ gen=1503 : 11.930678 (top1=569 top2=1747) rank_used=0 chosen=569 marge_decisionnelle=11.930678
info:   marge top1-top2 @ gen=1504 : 11.038235 (top1=759 top2=537) rank_used=0 chosen=759 marge_decisionnelle=11.038235
info:   marge top1-top2 @ gen=1505 : 8.488094 (top1=22939 top2=81872) rank_used=0 chosen=22939 marge_decisionnelle=8.488094
info:   marge top1-top2 @ gen=1506 : 11.552670 (top1=236761 top2=568) rank_used=0 chosen=236761 marge_decisionnelle=11.552670
info:   marge top1-top2 @ gen=1507 : 8.378025 (top1=27301 top2=50822) rank_used=0 chosen=27301 marge_decisionnelle=8.378025
info:   marge top1-top2 @ gen=1508 : 7.653503 (top1=129120 top2=4313) rank_used=0 chosen=129120 marge_decisionnelle=7.653503
info:   ... step 1536 (1508 générés)
info:   marge top1-top2 @ gen=1509 : 8.508945 (top1=15075 top2=26230) rank_used=0 chosen=15075 marge_decisionnelle=8.508945
info:   marge top1-top2 @ gen=1510 : 10.435345 (top1=569 top2=513) rank_used=0 chosen=569 marge_decisionnelle=10.435345
info:   marge top1-top2 @ gen=1511 : 8.821394 (top1=91920 top2=187135) rank_used=0 chosen=91920 marge_decisionnelle=8.821394
info:   marge top1-top2 @ gen=1512 : 10.811323 (top1=40661 top2=94888) rank_used=0 chosen=40661 marge_decisionnelle=10.811323
info:   marge top1-top2 @ gen=1513 : 7.709982 (top1=68962 top2=27228) rank_used=0 chosen=68962 marge_decisionnelle=7.709982
info:   marge top1-top2 @ gen=1514 : 12.251207 (top1=759 top2=674) rank_used=0 chosen=759 marge_decisionnelle=12.251207
info:   marge top1-top2 @ gen=1515 : 10.640234 (top1=83876 top2=86446) rank_used=0 chosen=83876 marge_decisionnelle=10.640234
info:   marge top1-top2 @ gen=1516 : 13.926961 (top1=569 top2=513) rank_used=0 chosen=569 marge_decisionnelle=13.926961
info:   marge top1-top2 @ gen=1517 : 9.632794 (top1=3313 top2=150741) rank_used=0 chosen=3313 marge_decisionnelle=9.632794
info:   marge top1-top2 @ gen=1518 : 10.487362 (top1=46778 top2=16066) rank_used=0 chosen=46778 marge_decisionnelle=10.487362
info:   marge top1-top2 @ gen=1519 : 12.960255 (top1=9966 top2=33334) rank_used=0 chosen=9966 marge_decisionnelle=12.960255
info:   marge top1-top2 @ gen=1520 : 13.203053 (top1=696 top2=113526) rank_used=0 chosen=696 marge_decisionnelle=13.203053
info:   marge top1-top2 @ gen=1521 : 10.492373 (top1=80334 top2=9841) rank_used=0 chosen=80334 marge_decisionnelle=10.492373
info:   marge top1-top2 @ gen=1522 : 12.702321 (top1=3229 top2=6397) rank_used=0 chosen=3229 marge_decisionnelle=12.702321
info:   marge top1-top2 @ gen=1523 : 11.572345 (top1=56667 top2=94647) rank_used=0 chosen=56667 marge_decisionnelle=11.572345
info:   marge top1-top2 @ gen=1524 : 8.890087 (top1=569 top2=513) rank_used=0 chosen=569 marge_decisionnelle=8.890087
info:   marge top1-top2 @ gen=1525 : 10.412122 (top1=131976 top2=56391) rank_used=0 chosen=131976 marge_decisionnelle=10.412122
info:   marge top1-top2 @ gen=1526 : 15.323277 (top1=853 top2=569) rank_used=0 chosen=853 marge_decisionnelle=15.323277
info:   marge top1-top2 @ gen=1527 : 7.937126 (top1=138905 top2=23505) rank_used=0 chosen=138905 marge_decisionnelle=7.937126
info:   marge top1-top2 @ gen=1528 : 12.479041 (top1=569 top2=513) rank_used=0 chosen=569 marge_decisionnelle=12.479041
info:   marge top1-top2 @ gen=1529 : 7.220978 (top1=50711 top2=31120) rank_used=0 chosen=50711 marge_decisionnelle=7.220978
info:   marge top1-top2 @ gen=1530 : 6.994028 (top1=24562 top2=203434) rank_used=0 chosen=24562 marge_decisionnelle=6.994028
info:   marge top1-top2 @ gen=1531 : 9.860802 (top1=108417 top2=6888) rank_used=0 chosen=108417 marge_decisionnelle=9.860802
info:   marge top1-top2 @ gen=1532 : 8.371143 (top1=703 top2=785) rank_used=0 chosen=703 marge_decisionnelle=8.371143
info:   marge top1-top2 @ gen=1533 : 11.159842 (top1=236761 top2=568) rank_used=0 chosen=236761 marge_decisionnelle=11.159842
info:   marge top1-top2 @ gen=1534 : 5.155027 (top1=954 top2=1454) rank_used=0 chosen=954 marge_decisionnelle=5.155027
info:   marge top1-top2 @ gen=1535 : 10.681374 (top1=45518 top2=3480) rank_used=0 chosen=45518 marge_decisionnelle=10.681374
info:   marge top1-top2 @ gen=1536 : 11.724916 (top1=236813 top2=236842) rank_used=0 chosen=236813 marge_decisionnelle=11.724916
info:   marge top1-top2 @ gen=1537 : 9.886944 (top1=107 top2=106) rank_used=0 chosen=107 marge_decisionnelle=9.886944
info:   marge top1-top2 @ gen=1538 : 4.636820 (top1=101 top2=100) rank_used=0 chosen=101 marge_decisionnelle=4.636820
info:   marge top1-top2 @ gen=1539 : 8.604058 (top1=129930 top2=61684) rank_used=0 chosen=129930 marge_decisionnelle=8.604058
info:   marge top1-top2 @ gen=1540 : 11.093149 (top1=3037 top2=5723) rank_used=0 chosen=3037 marge_decisionnelle=11.093149
info:   marge top1-top2 @ gen=1541 : 10.231064 (top1=2049 top2=28620) rank_used=0 chosen=2049 marge_decisionnelle=10.231064
info:   marge top1-top2 @ gen=1542 : 8.415336 (top1=4052 top2=2309) rank_used=0 chosen=4052 marge_decisionnelle=8.415336
info:   marge top1-top2 @ gen=1543 : 12.932375 (top1=569 top2=1747) rank_used=0 chosen=569 marge_decisionnelle=12.932375
info:   marge top1-top2 @ gen=1544 : 11.852300 (top1=759 top2=537) rank_used=0 chosen=759 marge_decisionnelle=11.852300
info:   marge top1-top2 @ gen=1545 : 10.123630 (top1=107058 top2=15307) rank_used=0 chosen=107058 marge_decisionnelle=10.123630
info:   marge top1-top2 @ gen=1546 : 12.034185 (top1=2112 top2=162039) rank_used=0 chosen=2112 marge_decisionnelle=12.034185
info:   marge top1-top2 @ gen=1547 : 8.529642 (top1=118583 top2=8285) rank_used=0 chosen=118583 marge_decisionnelle=8.529642
info:   marge top1-top2 @ gen=1548 : 13.428722 (top1=513 top2=1167) rank_used=0 chosen=513 marge_decisionnelle=13.428722
info:   marge top1-top2 @ gen=1549 : 12.913447 (top1=236789 top2=236858) rank_used=0 chosen=236789 marge_decisionnelle=12.913447
info:   marge top1-top2 @ gen=1550 : 12.674970 (top1=62462 top2=82839) rank_used=0 chosen=62462 marge_decisionnelle=12.674970
info:   marge top1-top2 @ gen=1551 : 12.265343 (top1=696 top2=909) rank_used=0 chosen=696 marge_decisionnelle=12.265343
info:   marge top1-top2 @ gen=1552 : 8.052776 (top1=22865 top2=12409) rank_used=0 chosen=22865 marge_decisionnelle=8.052776
info:   marge top1-top2 @ gen=1553 : 9.598918 (top1=37485 top2=147516) rank_used=0 chosen=37485 marge_decisionnelle=9.598918
info:   marge top1-top2 @ gen=1554 : 11.257990 (top1=1017 top2=236779) rank_used=0 chosen=1017 marge_decisionnelle=11.257990
info:   marge top1-top2 @ gen=1555 : 12.690292 (top1=108 top2=236743) rank_used=0 chosen=108 marge_decisionnelle=12.690292
info:   marge top1-top2 @ gen=1556 : 11.352987 (top1=4967 top2=236770) rank_used=0 chosen=4967 marge_decisionnelle=11.352987
info:   marge top1-top2 @ gen=1557 : 9.299500 (top1=107058 top2=15307) rank_used=0 chosen=107058 marge_decisionnelle=9.299500
info:   marge top1-top2 @ gen=1558 : 12.559524 (top1=2112 top2=239615) rank_used=0 chosen=2112 marge_decisionnelle=12.559524
info:   marge top1-top2 @ gen=1559 : 8.277921 (top1=118583 top2=8285) rank_used=0 chosen=118583 marge_decisionnelle=8.277921
info:   marge top1-top2 @ gen=1560 : 13.383597 (top1=513 top2=1167) rank_used=0 chosen=513 marge_decisionnelle=13.383597
info:   marge top1-top2 @ gen=1561 : 13.732762 (top1=236789 top2=236858) rank_used=0 chosen=236789 marge_decisionnelle=13.732762
info:   marge top1-top2 @ gen=1562 : 12.610647 (top1=62462 top2=82839) rank_used=0 chosen=62462 marge_decisionnelle=12.610647
info:   marge top1-top2 @ gen=1563 : 12.339481 (top1=1009 top2=568) rank_used=0 chosen=1009 marge_decisionnelle=12.339481
info:   marge top1-top2 @ gen=1564 : 11.671205 (top1=3037 top2=7325) rank_used=0 chosen=3037 marge_decisionnelle=11.671205
info:   marge top1-top2 @ gen=1565 : 10.849893 (top1=9939 top2=64836) rank_used=0 chosen=9939 marge_decisionnelle=10.849893
info:   marge top1-top2 @ gen=1566 : 12.139590 (top1=2947 top2=28539) rank_used=0 chosen=2947 marge_decisionnelle=12.139590
info:   marge top1-top2 @ gen=1567 : 10.418611 (top1=55844 top2=180348) rank_used=0 chosen=55844 marge_decisionnelle=10.418611
info:   marge top1-top2 @ gen=1568 : 12.055747 (top1=674 top2=759) rank_used=0 chosen=674 marge_decisionnelle=12.055747
info:   marge top1-top2 @ gen=1569 : 10.348245 (top1=28421 top2=97811) rank_used=0 chosen=28421 marge_decisionnelle=10.348245
info:   marge top1-top2 @ gen=1570 : 11.448227 (top1=569 top2=513) rank_used=0 chosen=569 marge_decisionnelle=11.448227
info:   marge top1-top2 @ gen=1571 : 9.828298 (top1=10040 top2=13031) rank_used=0 chosen=10040 marge_decisionnelle=9.828298
info:   marge top1-top2 @ gen=1572 : 14.349834 (top1=513 top2=236655) rank_used=0 chosen=513 marge_decisionnelle=14.349834
info:   marge top1-top2 @ gen=1573 : 12.416980 (top1=236789 top2=236858) rank_used=0 chosen=236789 marge_decisionnelle=12.416980
info:   marge top1-top2 @ gen=1574 : 12.247689 (top1=602 top2=5095) rank_used=0 chosen=602 marge_decisionnelle=12.247689
info:   marge top1-top2 @ gen=1575 : 11.484036 (top1=56667 top2=94647) rank_used=0 chosen=56667 marge_decisionnelle=11.484036
info:   marge top1-top2 @ gen=1576 : 13.607686 (top1=568 top2=9298) rank_used=0 chosen=568 marge_decisionnelle=13.607686
info:   marge top1-top2 @ gen=1577 : 10.454024 (top1=182283 top2=3521) rank_used=0 chosen=182283 marge_decisionnelle=10.454024
info:   marge top1-top2 @ gen=1578 : 11.077076 (top1=723 top2=602) rank_used=0 chosen=723 marge_decisionnelle=11.077076
info:   marge top1-top2 @ gen=1579 : 11.494542 (top1=92474 top2=128282) rank_used=0 chosen=92474 marge_decisionnelle=11.494542
info:   marge top1-top2 @ gen=1580 : 13.943012 (top1=236768 top2=237214) rank_used=0 chosen=236768 marge_decisionnelle=13.943012
info:   marge top1-top2 @ gen=1581 : 11.979279 (top1=1608 top2=3229) rank_used=0 chosen=1608 marge_decisionnelle=11.979279
info:   marge top1-top2 @ gen=1582 : 11.372804 (top1=723 top2=5095) rank_used=0 chosen=723 marge_decisionnelle=11.372804
info:   marge top1-top2 @ gen=1583 : 10.619988 (top1=9062 top2=30020) rank_used=0 chosen=9062 marge_decisionnelle=10.619988
info:   marge top1-top2 @ gen=1584 : 10.622864 (top1=125091 top2=207771) rank_used=0 chosen=125091 marge_decisionnelle=10.622864
info:   marge top1-top2 @ gen=1585 : 11.348660 (top1=569 top2=513) rank_used=0 chosen=569 marge_decisionnelle=11.348660
info:   marge top1-top2 @ gen=1586 : 10.467440 (top1=60588 top2=4171) rank_used=0 chosen=60588 marge_decisionnelle=10.467440
info:   marge top1-top2 @ gen=1587 : 12.499048 (top1=3349 top2=2637) rank_used=0 chosen=3349 marge_decisionnelle=12.499048
info:   marge top1-top2 @ gen=1588 : 11.996952 (top1=569 top2=513) rank_used=0 chosen=569 marge_decisionnelle=11.996952
info:   marge top1-top2 @ gen=1589 : 12.641049 (top1=12727 top2=19498) rank_used=0 chosen=12727 marge_decisionnelle=12.641049
info:   marge top1-top2 @ gen=1590 : 10.088630 (top1=1190 top2=498) rank_used=0 chosen=1190 marge_decisionnelle=10.088630
info:   marge top1-top2 @ gen=1591 : 10.133696 (top1=193336 top2=14293) rank_used=0 chosen=193336 marge_decisionnelle=10.133696
info:   marge top1-top2 @ gen=1592 : 10.661341 (top1=236761 top2=568) rank_used=0 chosen=236761 marge_decisionnelle=10.661341
info:   marge top1-top2 @ gen=1593 : 11.131990 (top1=16107 top2=1429) rank_used=0 chosen=16107 marge_decisionnelle=11.131990
info:   marge top1-top2 @ gen=1594 : 11.017370 (top1=20995 top2=185817) rank_used=0 chosen=20995 marge_decisionnelle=11.017370
info:   marge top1-top2 @ gen=1595 : 9.193651 (top1=569 top2=513) rank_used=0 chosen=569 marge_decisionnelle=9.193651
info:   marge top1-top2 @ gen=1596 : 9.512752 (top1=150741 top2=25805) rank_used=0 chosen=150741 marge_decisionnelle=9.512752
info:   marge top1-top2 @ gen=1597 : 13.197186 (top1=1640 top2=674) rank_used=0 chosen=1640 marge_decisionnelle=13.197186
info:   marge top1-top2 @ gen=1598 : 9.780735 (top1=3381 top2=153747) rank_used=0 chosen=3381 marge_decisionnelle=9.780735
info:   marge top1-top2 @ gen=1599 : 10.062896 (top1=4154 top2=28256) rank_used=0 chosen=4154 marge_decisionnelle=10.062896
info:   marge top1-top2 @ gen=1600 : 9.932655 (top1=23371 top2=33761) rank_used=0 chosen=23371 marge_decisionnelle=9.932655
info:   marge top1-top2 @ gen=1601 : 8.208668 (top1=2417 top2=3658) rank_used=0 chosen=2417 marge_decisionnelle=8.208668
info:   marge top1-top2 @ gen=1602 : 13.944558 (top1=513 top2=1167) rank_used=0 chosen=513 marge_decisionnelle=13.944558
info:   marge top1-top2 @ gen=1603 : 12.538065 (top1=236789 top2=236858) rank_used=0 chosen=236789 marge_decisionnelle=12.538065
info:   marge top1-top2 @ gen=1604 : 11.002534 (top1=2253 top2=602) rank_used=0 chosen=2253 marge_decisionnelle=11.002534
info:   marge top1-top2 @ gen=1605 : 9.715699 (top1=20412 top2=23376) rank_used=0 chosen=20412 marge_decisionnelle=9.715699
info:   marge top1-top2 @ gen=1606 : 10.602483 (top1=56556 top2=80214) rank_used=0 chosen=56556 marge_decisionnelle=10.602483
info:   marge top1-top2 @ gen=1607 : 11.845383 (top1=236764 top2=568) rank_used=0 chosen=236764 marge_decisionnelle=11.845383
info:   marge top1-top2 @ gen=1608 : 11.920307 (top1=674 top2=519) rank_used=0 chosen=674 marge_decisionnelle=11.920307
info:   marge top1-top2 @ gen=1609 : 11.796728 (top1=56667 top2=38325) rank_used=0 chosen=56667 marge_decisionnelle=11.796728
info:   marge top1-top2 @ gen=1610 : 12.385131 (top1=770 top2=636) rank_used=0 chosen=770 marge_decisionnelle=12.385131
info:   marge top1-top2 @ gen=1611 : 10.125551 (top1=636 top2=1248) rank_used=0 chosen=636 marge_decisionnelle=10.125551
info:   marge top1-top2 @ gen=1612 : 8.938149 (top1=4702 top2=31995) rank_used=0 chosen=4702 marge_decisionnelle=8.938149
info:   marge top1-top2 @ gen=1613 : 8.595388 (top1=500 top2=12220) rank_used=0 chosen=500 marge_decisionnelle=8.595388
info:   marge top1-top2 @ gen=1614 : 10.468583 (top1=929 top2=690) rank_used=0 chosen=929 marge_decisionnelle=10.468583
info:   marge top1-top2 @ gen=1615 : 13.399852 (top1=1270 top2=556) rank_used=0 chosen=1270 marge_decisionnelle=13.399852
info:   marge top1-top2 @ gen=1616 : 11.577053 (top1=3037 top2=723) rank_used=0 chosen=3037 marge_decisionnelle=11.577053
info:   marge top1-top2 @ gen=1617 : 12.050946 (top1=623 top2=2789) rank_used=0 chosen=623 marge_decisionnelle=12.050946
info:   marge top1-top2 @ gen=1618 : 11.563650 (top1=15307 top2=13596) rank_used=0 chosen=15307 marge_decisionnelle=11.563650
info:   marge top1-top2 @ gen=1619 : 7.268180 (top1=8328 top2=30049) rank_used=0 chosen=8328 marge_decisionnelle=7.268180
info:   marge top1-top2 @ gen=1620 : 14.640394 (top1=236775 top2=236789) rank_used=0 chosen=236775 marge_decisionnelle=14.640394
info:   marge top1-top2 @ gen=1621 : 8.648269 (top1=39924 top2=119811) rank_used=0 chosen=39924 marge_decisionnelle=8.648269
info:   marge top1-top2 @ gen=1622 : 12.452653 (top1=2947 top2=28539) rank_used=0 chosen=2947 marge_decisionnelle=12.452653
info:   marge top1-top2 @ gen=1623 : 10.215399 (top1=636 top2=1248) rank_used=0 chosen=636 marge_decisionnelle=10.215399
info:   marge top1-top2 @ gen=1624 : 13.160286 (top1=2972 top2=120761) rank_used=0 chosen=2972 marge_decisionnelle=13.160286
info:   marge top1-top2 @ gen=1625 : 8.726021 (top1=2811 top2=3518) rank_used=0 chosen=2811 marge_decisionnelle=8.726021
info:   marge top1-top2 @ gen=1626 : 14.084722 (top1=3229 top2=16107) rank_used=0 chosen=3229 marge_decisionnelle=14.084722
info:   marge top1-top2 @ gen=1627 : 10.595877 (top1=13969 top2=50157) rank_used=0 chosen=13969 marge_decisionnelle=10.595877
info:   marge top1-top2 @ gen=1628 : 13.055447 (top1=1008 top2=570) rank_used=0 chosen=1008 marge_decisionnelle=13.055447
info:   marge top1-top2 @ gen=1629 : 9.237789 (top1=1608 top2=40300) rank_used=0 chosen=1608 marge_decisionnelle=9.237789
info:   marge top1-top2 @ gen=1630 : 6.186689 (top1=40300 top2=146955) rank_used=0 chosen=40300 marge_decisionnelle=6.186689
info:   marge top1-top2 @ gen=1631 : 11.972542 (top1=569 top2=1747) rank_used=0 chosen=569 marge_decisionnelle=11.972542
info:   marge top1-top2 @ gen=1632 : 11.052481 (top1=759 top2=537) rank_used=0 chosen=759 marge_decisionnelle=11.052481
info:   marge top1-top2 @ gen=1633 : 8.561401 (top1=22939 top2=81872) rank_used=0 chosen=22939 marge_decisionnelle=8.561401
info:   marge top1-top2 @ gen=1634 : 11.575684 (top1=236761 top2=568) rank_used=0 chosen=236761 marge_decisionnelle=11.575684
info:   marge top1-top2 @ gen=1635 : 8.367128 (top1=27301 top2=50822) rank_used=0 chosen=27301 marge_decisionnelle=8.367128
info:   marge top1-top2 @ gen=1636 : 7.563751 (top1=129120 top2=4313) rank_used=0 chosen=129120 marge_decisionnelle=7.563751
info:   marge top1-top2 @ gen=1637 : 8.548908 (top1=15075 top2=26230) rank_used=0 chosen=15075 marge_decisionnelle=8.548908
info:   marge top1-top2 @ gen=1638 : 10.276526 (top1=569 top2=513) rank_used=0 chosen=569 marge_decisionnelle=10.276526
info:   marge top1-top2 @ gen=1639 : 8.856042 (top1=91920 top2=187135) rank_used=0 chosen=91920 marge_decisionnelle=8.856042
info:   marge top1-top2 @ gen=1640 : 10.918193 (top1=40661 top2=94888) rank_used=0 chosen=40661 marge_decisionnelle=10.918193
info:   marge top1-top2 @ gen=1641 : 7.748762 (top1=68962 top2=27228) rank_used=0 chosen=68962 marge_decisionnelle=7.748762
info:   marge top1-top2 @ gen=1642 : 12.153681 (top1=759 top2=674) rank_used=0 chosen=759 marge_decisionnelle=12.153681
info:   marge top1-top2 @ gen=1643 : 10.401407 (top1=83876 top2=86446) rank_used=0 chosen=83876 marge_decisionnelle=10.401407
info:   marge top1-top2 @ gen=1644 : 13.663273 (top1=569 top2=513) rank_used=0 chosen=569 marge_decisionnelle=13.663273
info:   marge top1-top2 @ gen=1645 : 9.469904 (top1=3313 top2=150741) rank_used=0 chosen=3313 marge_decisionnelle=9.469904
info:   marge top1-top2 @ gen=1646 : 10.507813 (top1=46778 top2=16066) rank_used=0 chosen=46778 marge_decisionnelle=10.507813
info:   marge top1-top2 @ gen=1647 : 12.998063 (top1=9966 top2=33334) rank_used=0 chosen=9966 marge_decisionnelle=12.998063
info:   marge top1-top2 @ gen=1648 : 13.331211 (top1=696 top2=113526) rank_used=0 chosen=696 marge_decisionnelle=13.331211
info:   marge top1-top2 @ gen=1649 : 10.472455 (top1=80334 top2=9841) rank_used=0 chosen=80334 marge_decisionnelle=10.472455
info:   marge top1-top2 @ gen=1650 : 12.741713 (top1=3229 top2=6397) rank_used=0 chosen=3229 marge_decisionnelle=12.741713
info:   marge top1-top2 @ gen=1651 : 11.620525 (top1=56667 top2=94647) rank_used=0 chosen=56667 marge_decisionnelle=11.620525
info:   marge top1-top2 @ gen=1652 : 9.087624 (top1=569 top2=513) rank_used=0 chosen=569 marge_decisionnelle=9.087624
info:   marge top1-top2 @ gen=1653 : 10.279998 (top1=131976 top2=56391) rank_used=0 chosen=131976 marge_decisionnelle=10.279998
info:   marge top1-top2 @ gen=1654 : 15.389435 (top1=853 top2=569) rank_used=0 chosen=853 marge_decisionnelle=15.389435
info:   marge top1-top2 @ gen=1655 : 7.910766 (top1=138905 top2=23505) rank_used=0 chosen=138905 marge_decisionnelle=7.910766
info:   marge top1-top2 @ gen=1656 : 12.504206 (top1=569 top2=513) rank_used=0 chosen=569 marge_decisionnelle=12.504206
info:   marge top1-top2 @ gen=1657 : 7.343296 (top1=50711 top2=31120) rank_used=0 chosen=50711 marge_decisionnelle=7.343296
info:   marge top1-top2 @ gen=1658 : 6.988541 (top1=24562 top2=203434) rank_used=0 chosen=24562 marge_decisionnelle=6.988541
info:   marge top1-top2 @ gen=1659 : 9.814096 (top1=108417 top2=6888) rank_used=0 chosen=108417 marge_decisionnelle=9.814096
info:   marge top1-top2 @ gen=1660 : 8.264299 (top1=703 top2=785) rank_used=0 chosen=703 marge_decisionnelle=8.264299
info:   marge top1-top2 @ gen=1661 : 11.375500 (top1=236761 top2=568) rank_used=0 chosen=236761 marge_decisionnelle=11.375500
info:   marge top1-top2 @ gen=1662 : 5.064669 (top1=954 top2=1454) rank_used=0 chosen=954 marge_decisionnelle=5.064669
info:   marge top1-top2 @ gen=1663 : 10.512791 (top1=45518 top2=3480) rank_used=0 chosen=45518 marge_decisionnelle=10.512791
info:   marge top1-top2 @ gen=1664 : 11.332289 (top1=236813 top2=236842) rank_used=0 chosen=236813 marge_decisionnelle=11.332289
info:   marge top1-top2 @ gen=1665 : 10.157902 (top1=107 top2=106) rank_used=0 chosen=107 marge_decisionnelle=10.157902
info:   marge top1-top2 @ gen=1666 : 4.957874 (top1=101 top2=100) rank_used=0 chosen=101 marge_decisionnelle=4.957874
info:   marge top1-top2 @ gen=1667 : 8.742566 (top1=129930 top2=61684) rank_used=0 chosen=129930 marge_decisionnelle=8.742566
info:   marge top1-top2 @ gen=1668 : 10.941785 (top1=3037 top2=5723) rank_used=0 chosen=3037 marge_decisionnelle=10.941785
info:   marge top1-top2 @ gen=1669 : 10.389398 (top1=2049 top2=28620) rank_used=0 chosen=2049 marge_decisionnelle=10.389398
info:   marge top1-top2 @ gen=1670 : 7.141834 (top1=4052 top2=2309) rank_used=0 chosen=4052 marge_decisionnelle=7.141834
info:   marge top1-top2 @ gen=1671 : 13.302317 (top1=569 top2=1747) rank_used=0 chosen=569 marge_decisionnelle=13.302317
info:   marge top1-top2 @ gen=1672 : 11.940663 (top1=759 top2=537) rank_used=0 chosen=759 marge_decisionnelle=11.940663
info:   marge top1-top2 @ gen=1673 : 10.222322 (top1=107058 top2=15307) rank_used=0 chosen=107058 marge_decisionnelle=10.222322
info:   marge top1-top2 @ gen=1674 : 12.139145 (top1=2112 top2=162039) rank_used=0 chosen=2112 marge_decisionnelle=12.139145
info:   marge top1-top2 @ gen=1675 : 8.526711 (top1=118583 top2=8285) rank_used=0 chosen=118583 marge_decisionnelle=8.526711
info:   marge top1-top2 @ gen=1676 : 13.478566 (top1=513 top2=1167) rank_used=0 chosen=513 marge_decisionnelle=13.478566
info:   marge top1-top2 @ gen=1677 : 14.290150 (top1=236789 top2=236858) rank_used=0 chosen=236789 marge_decisionnelle=14.290150
info:   marge top1-top2 @ gen=1678 : 12.507124 (top1=62462 top2=82839) rank_used=0 chosen=62462 marge_decisionnelle=12.507124
info:   marge top1-top2 @ gen=1679 : 12.323343 (top1=696 top2=909) rank_used=0 chosen=696 marge_decisionnelle=12.323343
info:   marge top1-top2 @ gen=1680 : 8.008885 (top1=22865 top2=12409) rank_used=0 chosen=22865 marge_decisionnelle=8.008885
info:   marge top1-top2 @ gen=1681 : 9.662148 (top1=37485 top2=147516) rank_used=0 chosen=37485 marge_decisionnelle=9.662148
info:   marge top1-top2 @ gen=1682 : 11.377112 (top1=1017 top2=236779) rank_used=0 chosen=1017 marge_decisionnelle=11.377112
info:   marge top1-top2 @ gen=1683 : 12.967853 (top1=108 top2=236743) rank_used=0 chosen=108 marge_decisionnelle=12.967853
info:   marge top1-top2 @ gen=1684 : 12.045823 (top1=4967 top2=236770) rank_used=0 chosen=4967 marge_decisionnelle=12.045823
info:   marge top1-top2 @ gen=1685 : 9.332892 (top1=107058 top2=15307) rank_used=0 chosen=107058 marge_decisionnelle=9.332892
info:   marge top1-top2 @ gen=1686 : 12.466714 (top1=2112 top2=239615) rank_used=0 chosen=2112 marge_decisionnelle=12.466714
info:   marge top1-top2 @ gen=1687 : 8.386799 (top1=118583 top2=8285) rank_used=0 chosen=118583 marge_decisionnelle=8.386799
info:   marge top1-top2 @ gen=1688 : 13.410927 (top1=513 top2=1167) rank_used=0 chosen=513 marge_decisionnelle=13.410927
info:   marge top1-top2 @ gen=1689 : 11.724384 (top1=236789 top2=756) rank_used=0 chosen=236789 marge_decisionnelle=11.724384
info:   marge top1-top2 @ gen=1690 : 12.580114 (top1=62462 top2=82839) rank_used=0 chosen=62462 marge_decisionnelle=12.580114
info:   marge top1-top2 @ gen=1691 : 12.563940 (top1=1009 top2=568) rank_used=0 chosen=1009 marge_decisionnelle=12.563940
info:   marge top1-top2 @ gen=1692 : 11.652968 (top1=3037 top2=2253) rank_used=0 chosen=3037 marge_decisionnelle=11.652968
info:   marge top1-top2 @ gen=1693 : 11.040649 (top1=9939 top2=64836) rank_used=0 chosen=9939 marge_decisionnelle=11.040649
info:   marge top1-top2 @ gen=1694 : 12.134854 (top1=2947 top2=28539) rank_used=0 chosen=2947 marge_decisionnelle=12.134854
info:   marge top1-top2 @ gen=1695 : 10.524035 (top1=55844 top2=180348) rank_used=0 chosen=55844 marge_decisionnelle=10.524035
info:   marge top1-top2 @ gen=1696 : 12.164415 (top1=674 top2=759) rank_used=0 chosen=674 marge_decisionnelle=12.164415
info:   marge top1-top2 @ gen=1697 : 10.455262 (top1=28421 top2=97811) rank_used=0 chosen=28421 marge_decisionnelle=10.455262
info:   marge top1-top2 @ gen=1698 : 11.338844 (top1=569 top2=513) rank_used=0 chosen=569 marge_decisionnelle=11.338844
info:   marge top1-top2 @ gen=1699 : 9.519653 (top1=10040 top2=13031) rank_used=0 chosen=10040 marge_decisionnelle=9.519653
info:   marge top1-top2 @ gen=1700 : 14.345089 (top1=513 top2=1167) rank_used=0 chosen=513 marge_decisionnelle=14.345089
info:   marge top1-top2 @ gen=1701 : 11.962330 (top1=236789 top2=236858) rank_used=0 chosen=236789 marge_decisionnelle=11.962330
info:   marge top1-top2 @ gen=1702 : 12.141229 (top1=602 top2=5095) rank_used=0 chosen=602 marge_decisionnelle=12.141229
info:   marge top1-top2 @ gen=1703 : 11.376595 (top1=56667 top2=94647) rank_used=0 chosen=56667 marge_decisionnelle=11.376595
info:   marge top1-top2 @ gen=1704 : 13.113161 (top1=568 top2=9298) rank_used=0 chosen=568 marge_decisionnelle=13.113161
info:   marge top1-top2 @ gen=1705 : 10.427122 (top1=182283 top2=3521) rank_used=0 chosen=182283 marge_decisionnelle=10.427122
info:   marge top1-top2 @ gen=1706 : 11.094364 (top1=723 top2=602) rank_used=0 chosen=723 marge_decisionnelle=11.094364
info:   marge top1-top2 @ gen=1707 : 11.636588 (top1=92474 top2=128282) rank_used=0 chosen=92474 marge_decisionnelle=11.636588
info:   marge top1-top2 @ gen=1708 : 14.215798 (top1=236768 top2=237214) rank_used=0 chosen=236768 marge_decisionnelle=14.215798
info:   marge top1-top2 @ gen=1709 : 11.973576 (top1=1608 top2=3229) rank_used=0 chosen=1608 marge_decisionnelle=11.973576
info:   marge top1-top2 @ gen=1710 : 11.343065 (top1=723 top2=5095) rank_used=0 chosen=723 marge_decisionnelle=11.343065
info:   marge top1-top2 @ gen=1711 : 10.647039 (top1=9062 top2=30020) rank_used=0 chosen=9062 marge_decisionnelle=10.647039
info:   marge top1-top2 @ gen=1712 : 10.640370 (top1=125091 top2=207771) rank_used=0 chosen=125091 marge_decisionnelle=10.640370
info:   marge top1-top2 @ gen=1713 : 11.383692 (top1=569 top2=513) rank_used=0 chosen=569 marge_decisionnelle=11.383692
info:   marge top1-top2 @ gen=1714 : 10.412703 (top1=60588 top2=4171) rank_used=0 chosen=60588 marge_decisionnelle=10.412703
info:   marge top1-top2 @ gen=1715 : 12.528881 (top1=3349 top2=2637) rank_used=0 chosen=3349 marge_decisionnelle=12.528881
info:   marge top1-top2 @ gen=1716 : 11.956059 (top1=569 top2=513) rank_used=0 chosen=569 marge_decisionnelle=11.956059
info:   marge top1-top2 @ gen=1717 : 12.549892 (top1=12727 top2=1531) rank_used=0 chosen=12727 marge_decisionnelle=12.549892
info:   marge top1-top2 @ gen=1718 : 9.886780 (top1=1190 top2=498) rank_used=0 chosen=1190 marge_decisionnelle=9.886780
info:   marge top1-top2 @ gen=1719 : 10.217746 (top1=193336 top2=14293) rank_used=0 chosen=193336 marge_decisionnelle=10.217746
info:   marge top1-top2 @ gen=1720 : 10.767567 (top1=236761 top2=568) rank_used=0 chosen=236761 marge_decisionnelle=10.767567
info:   marge top1-top2 @ gen=1721 : 11.275982 (top1=16107 top2=36928) rank_used=0 chosen=16107 marge_decisionnelle=11.275982
info:   marge top1-top2 @ gen=1722 : 11.126551 (top1=20995 top2=185817) rank_used=0 chosen=20995 marge_decisionnelle=11.126551
info:   marge top1-top2 @ gen=1723 : 9.123989 (top1=569 top2=513) rank_used=0 chosen=569 marge_decisionnelle=9.123989
info:   marge top1-top2 @ gen=1724 : 9.348699 (top1=150741 top2=114646) rank_used=0 chosen=150741 marge_decisionnelle=9.348699
info:   marge top1-top2 @ gen=1725 : 13.152614 (top1=1640 top2=853) rank_used=0 chosen=1640 marge_decisionnelle=13.152614
info:   marge top1-top2 @ gen=1726 : 9.703733 (top1=3381 top2=153747) rank_used=0 chosen=3381 marge_decisionnelle=9.703733
info:   marge top1-top2 @ gen=1727 : 9.997551 (top1=4154 top2=28256) rank_used=0 chosen=4154 marge_decisionnelle=9.997551
info:   marge top1-top2 @ gen=1728 : 9.913056 (top1=23371 top2=33761) rank_used=0 chosen=23371 marge_decisionnelle=9.913056
info:   marge top1-top2 @ gen=1729 : 8.441434 (top1=2417 top2=3658) rank_used=0 chosen=2417 marge_decisionnelle=8.441434
info:   marge top1-top2 @ gen=1730 : 13.879821 (top1=513 top2=1167) rank_used=0 chosen=513 marge_decisionnelle=13.879821
info:   marge top1-top2 @ gen=1731 : 11.476593 (top1=236789 top2=236858) rank_used=0 chosen=236789 marge_decisionnelle=11.476593
info:   marge top1-top2 @ gen=1732 : 11.054506 (top1=2253 top2=602) rank_used=0 chosen=2253 marge_decisionnelle=11.054506
info:   marge top1-top2 @ gen=1733 : 9.712230 (top1=20412 top2=23376) rank_used=0 chosen=20412 marge_decisionnelle=9.712230
info:   marge top1-top2 @ gen=1734 : 10.338621 (top1=56556 top2=80214) rank_used=0 chosen=56556 marge_decisionnelle=10.338621
info:   marge top1-top2 @ gen=1735 : 11.812906 (top1=236764 top2=568) rank_used=0 chosen=236764 marge_decisionnelle=11.812906
info:   marge top1-top2 @ gen=1736 : 11.911955 (top1=674 top2=519) rank_used=0 chosen=674 marge_decisionnelle=11.911955
info:   marge top1-top2 @ gen=1737 : 11.652078 (top1=56667 top2=9173) rank_used=0 chosen=56667 marge_decisionnelle=11.652078
info:   marge top1-top2 @ gen=1738 : 11.864907 (top1=770 top2=636) rank_used=0 chosen=770 marge_decisionnelle=11.864907
info:   marge top1-top2 @ gen=1739 : 10.159041 (top1=636 top2=1248) rank_used=0 chosen=636 marge_decisionnelle=10.159041
info:   marge top1-top2 @ gen=1740 : 8.820494 (top1=4702 top2=31995) rank_used=0 chosen=4702 marge_decisionnelle=8.820494
info:   marge top1-top2 @ gen=1741 : 8.876963 (top1=500 top2=1150) rank_used=0 chosen=500 marge_decisionnelle=8.876963
info:   marge top1-top2 @ gen=1742 : 10.461223 (top1=929 top2=690) rank_used=0 chosen=929 marge_decisionnelle=10.461223
info:   marge top1-top2 @ gen=1743 : 13.496023 (top1=1270 top2=556) rank_used=0 chosen=1270 marge_decisionnelle=13.496023
info:   marge top1-top2 @ gen=1744 : 11.689274 (top1=3037 top2=723) rank_used=0 chosen=3037 marge_decisionnelle=11.689274
info:   marge top1-top2 @ gen=1745 : 12.458304 (top1=623 top2=2789) rank_used=0 chosen=623 marge_decisionnelle=12.458304
info:   marge top1-top2 @ gen=1746 : 11.668290 (top1=15307 top2=13596) rank_used=0 chosen=15307 marge_decisionnelle=11.668290
info:   marge top1-top2 @ gen=1747 : 6.668743 (top1=8328 top2=30049) rank_used=0 chosen=8328 marge_decisionnelle=6.668743
info:   marge top1-top2 @ gen=1748 : 14.652527 (top1=236775 top2=236789) rank_used=0 chosen=236775 marge_decisionnelle=14.652527
info:   marge top1-top2 @ gen=1749 : 8.538782 (top1=39924 top2=119811) rank_used=0 chosen=39924 marge_decisionnelle=8.538782
info:   marge top1-top2 @ gen=1750 : 12.570311 (top1=2947 top2=28539) rank_used=0 chosen=2947 marge_decisionnelle=12.570311
info:   marge top1-top2 @ gen=1751 : 10.256113 (top1=636 top2=1248) rank_used=0 chosen=636 marge_decisionnelle=10.256113
info:   marge top1-top2 @ gen=1752 : 13.244534 (top1=2972 top2=120761) rank_used=0 chosen=2972 marge_decisionnelle=13.244534
info:   marge top1-top2 @ gen=1753 : 8.572594 (top1=2811 top2=3518) rank_used=0 chosen=2811 marge_decisionnelle=8.572594
info:   marge top1-top2 @ gen=1754 : 14.255878 (top1=3229 top2=16107) rank_used=0 chosen=3229 marge_decisionnelle=14.255878
info:   marge top1-top2 @ gen=1755 : 10.651313 (top1=13969 top2=50157) rank_used=0 chosen=13969 marge_decisionnelle=10.651313
info:   marge top1-top2 @ gen=1756 : 12.909044 (top1=1008 top2=570) rank_used=0 chosen=1008 marge_decisionnelle=12.909044
info:   marge top1-top2 @ gen=1757 : 9.248886 (top1=1608 top2=40300) rank_used=0 chosen=1608 marge_decisionnelle=9.248886
info:   marge top1-top2 @ gen=1758 : 6.173472 (top1=40300 top2=146955) rank_used=0 chosen=40300 marge_decisionnelle=6.173472
info:   marge top1-top2 @ gen=1759 : 11.996701 (top1=569 top2=1747) rank_used=0 chosen=569 marge_decisionnelle=11.996701
info:   marge top1-top2 @ gen=1760 : 11.053801 (top1=759 top2=537) rank_used=0 chosen=759 marge_decisionnelle=11.053801
info:   marge top1-top2 @ gen=1761 : 8.527611 (top1=22939 top2=81872) rank_used=0 chosen=22939 marge_decisionnelle=8.527611
info:   marge top1-top2 @ gen=1762 : 11.694698 (top1=236761 top2=568) rank_used=0 chosen=236761 marge_decisionnelle=11.694698
info:   marge top1-top2 @ gen=1763 : 8.390497 (top1=27301 top2=50822) rank_used=0 chosen=27301 marge_decisionnelle=8.390497
info:   marge top1-top2 @ gen=1764 : 7.398394 (top1=129120 top2=4313) rank_used=0 chosen=129120 marge_decisionnelle=7.398394
info:   ... step 1792 (1764 générés)
info:   marge top1-top2 @ gen=1765 : 8.459072 (top1=15075 top2=26230) rank_used=0 chosen=15075 marge_decisionnelle=8.459072
info:   marge top1-top2 @ gen=1766 : 10.208351 (top1=569 top2=513) rank_used=0 chosen=569 marge_decisionnelle=10.208351
info:   marge top1-top2 @ gen=1767 : 8.883392 (top1=91920 top2=187135) rank_used=0 chosen=91920 marge_decisionnelle=8.883392
info:   marge top1-top2 @ gen=1768 : 10.908456 (top1=40661 top2=94888) rank_used=0 chosen=40661 marge_decisionnelle=10.908456
info:   marge top1-top2 @ gen=1769 : 7.681154 (top1=68962 top2=27228) rank_used=0 chosen=68962 marge_decisionnelle=7.681154
info:   marge top1-top2 @ gen=1770 : 12.176364 (top1=759 top2=674) rank_used=0 chosen=759 marge_decisionnelle=12.176364
info:   marge top1-top2 @ gen=1771 : 10.210175 (top1=83876 top2=86446) rank_used=0 chosen=83876 marge_decisionnelle=10.210175
info:   marge top1-top2 @ gen=1772 : 13.560200 (top1=569 top2=513) rank_used=0 chosen=569 marge_decisionnelle=13.560200
info:   marge top1-top2 @ gen=1773 : 9.892697 (top1=3313 top2=150741) rank_used=0 chosen=3313 marge_decisionnelle=9.892697
info:   marge top1-top2 @ gen=1774 : 10.582577 (top1=46778 top2=16066) rank_used=0 chosen=46778 marge_decisionnelle=10.582577
info:   marge top1-top2 @ gen=1775 : 12.930160 (top1=9966 top2=33334) rank_used=0 chosen=9966 marge_decisionnelle=12.930160
info:   marge top1-top2 @ gen=1776 : 13.384996 (top1=696 top2=113526) rank_used=0 chosen=696 marge_decisionnelle=13.384996
info:   marge top1-top2 @ gen=1777 : 10.580260 (top1=80334 top2=9841) rank_used=0 chosen=80334 marge_decisionnelle=10.580260
info:   marge top1-top2 @ gen=1778 : 12.533594 (top1=3229 top2=6397) rank_used=0 chosen=3229 marge_decisionnelle=12.533594
info:   marge top1-top2 @ gen=1779 : 11.732780 (top1=56667 top2=94647) rank_used=0 chosen=56667 marge_decisionnelle=11.732780
info:   marge top1-top2 @ gen=1780 : 9.189581 (top1=569 top2=513) rank_used=0 chosen=569 marge_decisionnelle=9.189581
info:   marge top1-top2 @ gen=1781 : 10.229427 (top1=131976 top2=56391) rank_used=0 chosen=131976 marge_decisionnelle=10.229427
info:   marge top1-top2 @ gen=1782 : 15.479821 (top1=853 top2=569) rank_used=0 chosen=853 marge_decisionnelle=15.479821
info:   marge top1-top2 @ gen=1783 : 7.840119 (top1=138905 top2=23505) rank_used=0 chosen=138905 marge_decisionnelle=7.840119
info:   marge top1-top2 @ gen=1784 : 12.502334 (top1=569 top2=513) rank_used=0 chosen=569 marge_decisionnelle=12.502334
info:   marge top1-top2 @ gen=1785 : 7.733660 (top1=50711 top2=31120) rank_used=0 chosen=50711 marge_decisionnelle=7.733660
info:   marge top1-top2 @ gen=1786 : 6.926352 (top1=24562 top2=203434) rank_used=0 chosen=24562 marge_decisionnelle=6.926352
info:   marge top1-top2 @ gen=1787 : 9.747862 (top1=108417 top2=6888) rank_used=0 chosen=108417 marge_decisionnelle=9.747862
info:   marge top1-top2 @ gen=1788 : 8.150332 (top1=703 top2=785) rank_used=0 chosen=703 marge_decisionnelle=8.150332
info:   marge top1-top2 @ gen=1789 : 11.410673 (top1=236761 top2=568) rank_used=0 chosen=236761 marge_decisionnelle=11.410673
info:   marge top1-top2 @ gen=1790 : 5.097996 (top1=954 top2=1454) rank_used=0 chosen=954 marge_decisionnelle=5.097996
info:   marge top1-top2 @ gen=1791 : 10.607470 (top1=45518 top2=3480) rank_used=0 chosen=45518 marge_decisionnelle=10.607470
info:   marge top1-top2 @ gen=1792 : 11.252039 (top1=236813 top2=236842) rank_used=0 chosen=236813 marge_decisionnelle=11.252039
info:   marge top1-top2 @ gen=1793 : 10.187969 (top1=107 top2=106) rank_used=0 chosen=107 marge_decisionnelle=10.187969
info:   marge top1-top2 @ gen=1794 : 4.948895 (top1=101 top2=100) rank_used=0 chosen=101 marge_decisionnelle=4.948895
info:   marge top1-top2 @ gen=1795 : 8.886839 (top1=129930 top2=61684) rank_used=0 chosen=129930 marge_decisionnelle=8.886839
info:   marge top1-top2 @ gen=1796 : 10.960457 (top1=3037 top2=5723) rank_used=0 chosen=3037 marge_decisionnelle=10.960457
info:   marge top1-top2 @ gen=1797 : 10.504396 (top1=2049 top2=28620) rank_used=0 chosen=2049 marge_decisionnelle=10.504396
info:   marge top1-top2 @ gen=1798 : 7.822138 (top1=4052 top2=2309) rank_used=0 chosen=4052 marge_decisionnelle=7.822138
info:   marge top1-top2 @ gen=1799 : 13.383438 (top1=569 top2=1747) rank_used=0 chosen=569 marge_decisionnelle=13.383438
info:   marge top1-top2 @ gen=1800 : 11.874991 (top1=759 top2=537) rank_used=0 chosen=759 marge_decisionnelle=11.874991
info:   marge top1-top2 @ gen=1801 : 10.189044 (top1=107058 top2=15307) rank_used=0 chosen=107058 marge_decisionnelle=10.189044
info:   marge top1-top2 @ gen=1802 : 12.107982 (top1=2112 top2=162039) rank_used=0 chosen=2112 marge_decisionnelle=12.107982
info:   marge top1-top2 @ gen=1803 : 8.440252 (top1=118583 top2=8285) rank_used=0 chosen=118583 marge_decisionnelle=8.440252
info:   marge top1-top2 @ gen=1804 : 13.483856 (top1=513 top2=1167) rank_used=0 chosen=513 marge_decisionnelle=13.483856
info:   marge top1-top2 @ gen=1805 : 12.130466 (top1=236789 top2=236858) rank_used=0 chosen=236789 marge_decisionnelle=12.130466
info:   marge top1-top2 @ gen=1806 : 12.525757 (top1=62462 top2=82839) rank_used=0 chosen=62462 marge_decisionnelle=12.525757
info:   marge top1-top2 @ gen=1807 : 12.315475 (top1=696 top2=909) rank_used=0 chosen=696 marge_decisionnelle=12.315475
info:   marge top1-top2 @ gen=1808 : 8.129404 (top1=22865 top2=12409) rank_used=0 chosen=22865 marge_decisionnelle=8.129404
info:   marge top1-top2 @ gen=1809 : 9.646198 (top1=37485 top2=147516) rank_used=0 chosen=37485 marge_decisionnelle=9.646198
info:   marge top1-top2 @ gen=1810 : 11.421810 (top1=1017 top2=236761) rank_used=0 chosen=1017 marge_decisionnelle=11.421810
info:   marge top1-top2 @ gen=1811 : 12.990907 (top1=108 top2=236743) rank_used=0 chosen=108 marge_decisionnelle=12.990907
info:   marge top1-top2 @ gen=1812 : 12.105926 (top1=4967 top2=236770) rank_used=0 chosen=4967 marge_decisionnelle=12.105926
info:   marge top1-top2 @ gen=1813 : 9.323868 (top1=107058 top2=15307) rank_used=0 chosen=107058 marge_decisionnelle=9.323868
info:   marge top1-top2 @ gen=1814 : 12.703474 (top1=2112 top2=239615) rank_used=0 chosen=2112 marge_decisionnelle=12.703474
info:   marge top1-top2 @ gen=1815 : 8.309907 (top1=118583 top2=8285) rank_used=0 chosen=118583 marge_decisionnelle=8.309907
info:   marge top1-top2 @ gen=1816 : 13.258954 (top1=513 top2=1167) rank_used=0 chosen=513 marge_decisionnelle=13.258954
info:   marge top1-top2 @ gen=1817 : 13.005422 (top1=236789 top2=236858) rank_used=0 chosen=236789 marge_decisionnelle=13.005422
info:   marge top1-top2 @ gen=1818 : 12.602386 (top1=62462 top2=82839) rank_used=0 chosen=62462 marge_decisionnelle=12.602386
info:   marge top1-top2 @ gen=1819 : 12.618948 (top1=1009 top2=598) rank_used=0 chosen=1009 marge_decisionnelle=12.618948
info:   marge top1-top2 @ gen=1820 : 11.692920 (top1=3037 top2=2253) rank_used=0 chosen=3037 marge_decisionnelle=11.692920
info:   marge top1-top2 @ gen=1821 : 10.887137 (top1=9939 top2=64836) rank_used=0 chosen=9939 marge_decisionnelle=10.887137
info:   marge top1-top2 @ gen=1822 : 12.181002 (top1=2947 top2=28539) rank_used=0 chosen=2947 marge_decisionnelle=12.181002
info:   marge top1-top2 @ gen=1823 : 10.608806 (top1=55844 top2=180348) rank_used=0 chosen=55844 marge_decisionnelle=10.608806
info:   marge top1-top2 @ gen=1824 : 12.283941 (top1=674 top2=759) rank_used=0 chosen=674 marge_decisionnelle=12.283941
info:   marge top1-top2 @ gen=1825 : 10.454987 (top1=28421 top2=97811) rank_used=0 chosen=28421 marge_decisionnelle=10.454987
info:   marge top1-top2 @ gen=1826 : 11.293898 (top1=569 top2=513) rank_used=0 chosen=569 marge_decisionnelle=11.293898
info:   marge top1-top2 @ gen=1827 : 9.450121 (top1=10040 top2=13031) rank_used=0 chosen=10040 marge_decisionnelle=9.450121
info:   marge top1-top2 @ gen=1828 : 14.209361 (top1=513 top2=1167) rank_used=0 chosen=513 marge_decisionnelle=14.209361
info:   marge top1-top2 @ gen=1829 : 12.764272 (top1=236789 top2=236858) rank_used=0 chosen=236789 marge_decisionnelle=12.764272
info:   marge top1-top2 @ gen=1830 : 11.546631 (top1=602 top2=5095) rank_used=0 chosen=602 marge_decisionnelle=11.546631
info:   marge top1-top2 @ gen=1831 : 11.032681 (top1=56667 top2=94647) rank_used=0 chosen=56667 marge_decisionnelle=11.032681
info:   marge top1-top2 @ gen=1832 : 12.776204 (top1=568 top2=9298) rank_used=0 chosen=568 marge_decisionnelle=12.776204
info:   marge top1-top2 @ gen=1833 : 10.574124 (top1=182283 top2=3521) rank_used=0 chosen=182283 marge_decisionnelle=10.574124
info:   marge top1-top2 @ gen=1834 : 10.994160 (top1=723 top2=602) rank_used=0 chosen=723 marge_decisionnelle=10.994160
info:   marge top1-top2 @ gen=1835 : 11.432855 (top1=92474 top2=128282) rank_used=0 chosen=92474 marge_decisionnelle=11.432855
info:   marge top1-top2 @ gen=1836 : 14.324227 (top1=236768 top2=237214) rank_used=0 chosen=236768 marge_decisionnelle=14.324227
info:   marge top1-top2 @ gen=1837 : 11.975634 (top1=1608 top2=3229) rank_used=0 chosen=1608 marge_decisionnelle=11.975634
info:   marge top1-top2 @ gen=1838 : 11.510960 (top1=723 top2=5095) rank_used=0 chosen=723 marge_decisionnelle=11.510960
info:   marge top1-top2 @ gen=1839 : 10.667808 (top1=9062 top2=30020) rank_used=0 chosen=9062 marge_decisionnelle=10.667808
info:   marge top1-top2 @ gen=1840 : 10.785490 (top1=125091 top2=207771) rank_used=0 chosen=125091 marge_decisionnelle=10.785490
info:   marge top1-top2 @ gen=1841 : 11.294521 (top1=569 top2=513) rank_used=0 chosen=569 marge_decisionnelle=11.294521
info:   marge top1-top2 @ gen=1842 : 10.804664 (top1=60588 top2=4171) rank_used=0 chosen=60588 marge_decisionnelle=10.804664
info:   marge top1-top2 @ gen=1843 : 12.401465 (top1=3349 top2=2637) rank_used=0 chosen=3349 marge_decisionnelle=12.401465
info:   marge top1-top2 @ gen=1844 : 11.872375 (top1=569 top2=513) rank_used=0 chosen=569 marge_decisionnelle=11.872375
info:   marge top1-top2 @ gen=1845 : 12.543182 (top1=12727 top2=81411) rank_used=0 chosen=12727 marge_decisionnelle=12.543182
info:   marge top1-top2 @ gen=1846 : 9.949059 (top1=1190 top2=498) rank_used=0 chosen=1190 marge_decisionnelle=9.949059
info:   marge top1-top2 @ gen=1847 : 10.195033 (top1=193336 top2=14293) rank_used=0 chosen=193336 marge_decisionnelle=10.195033
info:   marge top1-top2 @ gen=1848 : 10.648050 (top1=236761 top2=568) rank_used=0 chosen=236761 marge_decisionnelle=10.648050
info:   marge top1-top2 @ gen=1849 : 11.257117 (top1=16107 top2=36928) rank_used=0 chosen=16107 marge_decisionnelle=11.257117
info:   marge top1-top2 @ gen=1850 : 11.127681 (top1=20995 top2=185817) rank_used=0 chosen=20995 marge_decisionnelle=11.127681
info:   marge top1-top2 @ gen=1851 : 9.036547 (top1=569 top2=513) rank_used=0 chosen=569 marge_decisionnelle=9.036547
info:   marge top1-top2 @ gen=1852 : 9.124882 (top1=150741 top2=47924) rank_used=0 chosen=150741 marge_decisionnelle=9.124882
info:   marge top1-top2 @ gen=1853 : 12.815938 (top1=1640 top2=853) rank_used=0 chosen=1640 marge_decisionnelle=12.815938
info:   marge top1-top2 @ gen=1854 : 9.712608 (top1=3381 top2=153747) rank_used=0 chosen=3381 marge_decisionnelle=9.712608
info:   marge top1-top2 @ gen=1855 : 10.059697 (top1=4154 top2=28256) rank_used=0 chosen=4154 marge_decisionnelle=10.059697
info:   marge top1-top2 @ gen=1856 : 9.962708 (top1=23371 top2=33761) rank_used=0 chosen=23371 marge_decisionnelle=9.962708
info:   marge top1-top2 @ gen=1857 : 8.547688 (top1=2417 top2=3658) rank_used=0 chosen=2417 marge_decisionnelle=8.547688
info:   marge top1-top2 @ gen=1858 : 13.880846 (top1=513 top2=1167) rank_used=0 chosen=513 marge_decisionnelle=13.880846
info:   marge top1-top2 @ gen=1859 : 11.804661 (top1=236789 top2=236858) rank_used=0 chosen=236789 marge_decisionnelle=11.804661
info:   marge top1-top2 @ gen=1860 : 11.008706 (top1=2253 top2=602) rank_used=0 chosen=2253 marge_decisionnelle=11.008706
info:   marge top1-top2 @ gen=1861 : 9.625539 (top1=20412 top2=23376) rank_used=0 chosen=20412 marge_decisionnelle=9.625539
info:   marge top1-top2 @ gen=1862 : 10.617083 (top1=56556 top2=80214) rank_used=0 chosen=56556 marge_decisionnelle=10.617083
info:   marge top1-top2 @ gen=1863 : 11.665875 (top1=236764 top2=568) rank_used=0 chosen=236764 marge_decisionnelle=11.665875
info:   marge top1-top2 @ gen=1864 : 11.913620 (top1=674 top2=519) rank_used=0 chosen=674 marge_decisionnelle=11.913620
info:   marge top1-top2 @ gen=1865 : 11.854616 (top1=56667 top2=38325) rank_used=0 chosen=56667 marge_decisionnelle=11.854616
info:   marge top1-top2 @ gen=1866 : 11.842732 (top1=770 top2=636) rank_used=0 chosen=770 marge_decisionnelle=11.842732
info:   marge top1-top2 @ gen=1867 : 10.083456 (top1=636 top2=1248) rank_used=0 chosen=636 marge_decisionnelle=10.083456
info:   marge top1-top2 @ gen=1868 : 8.866619 (top1=4702 top2=31995) rank_used=0 chosen=4702 marge_decisionnelle=8.866619
info:   marge top1-top2 @ gen=1869 : 8.846622 (top1=500 top2=1150) rank_used=0 chosen=500 marge_decisionnelle=8.846622
info:   marge top1-top2 @ gen=1870 : 10.444122 (top1=929 top2=690) rank_used=0 chosen=929 marge_decisionnelle=10.444122
info:   marge top1-top2 @ gen=1871 : 13.311438 (top1=1270 top2=556) rank_used=0 chosen=1270 marge_decisionnelle=13.311438
info:   marge top1-top2 @ gen=1872 : 11.806164 (top1=3037 top2=723) rank_used=0 chosen=3037 marge_decisionnelle=11.806164
info:   marge top1-top2 @ gen=1873 : 12.508757 (top1=623 top2=2789) rank_used=0 chosen=623 marge_decisionnelle=12.508757
info:   marge top1-top2 @ gen=1874 : 11.744543 (top1=15307 top2=13596) rank_used=0 chosen=15307 marge_decisionnelle=11.744543
info:   marge top1-top2 @ gen=1875 : 6.498175 (top1=8328 top2=30049) rank_used=0 chosen=8328 marge_decisionnelle=6.498175
info:   marge top1-top2 @ gen=1876 : 14.630277 (top1=236775 top2=236789) rank_used=0 chosen=236775 marge_decisionnelle=14.630277
info:   marge top1-top2 @ gen=1877 : 8.655012 (top1=39924 top2=119811) rank_used=0 chosen=39924 marge_decisionnelle=8.655012
info:   marge top1-top2 @ gen=1878 : 12.487290 (top1=2947 top2=28539) rank_used=0 chosen=2947 marge_decisionnelle=12.487290
info:   marge top1-top2 @ gen=1879 : 10.066560 (top1=636 top2=1248) rank_used=0 chosen=636 marge_decisionnelle=10.066560
info:   marge top1-top2 @ gen=1880 : 13.318234 (top1=2972 top2=120761) rank_used=0 chosen=2972 marge_decisionnelle=13.318234
info:   marge top1-top2 @ gen=1881 : 8.658142 (top1=2811 top2=3518) rank_used=0 chosen=2811 marge_decisionnelle=8.658142
info:   marge top1-top2 @ gen=1882 : 14.227555 (top1=3229 top2=16107) rank_used=0 chosen=3229 marge_decisionnelle=14.227555
info:   marge top1-top2 @ gen=1883 : 10.673192 (top1=13969 top2=50157) rank_used=0 chosen=13969 marge_decisionnelle=10.673192
info:   marge top1-top2 @ gen=1884 : 12.777846 (top1=1008 top2=570) rank_used=0 chosen=1008 marge_decisionnelle=12.777846
info:   marge top1-top2 @ gen=1885 : 9.795595 (top1=1608 top2=40300) rank_used=0 chosen=1608 marge_decisionnelle=9.795595
info:   marge top1-top2 @ gen=1886 : 6.062326 (top1=40300 top2=146955) rank_used=0 chosen=40300 marge_decisionnelle=6.062326
info:   marge top1-top2 @ gen=1887 : 12.019468 (top1=569 top2=1747) rank_used=0 chosen=569 marge_decisionnelle=12.019468
info:   marge top1-top2 @ gen=1888 : 10.893782 (top1=759 top2=537) rank_used=0 chosen=759 marge_decisionnelle=10.893782
info:   marge top1-top2 @ gen=1889 : 8.061895 (top1=22939 top2=81872) rank_used=0 chosen=22939 marge_decisionnelle=8.061895
info:   marge top1-top2 @ gen=1890 : 11.749197 (top1=236761 top2=568) rank_used=0 chosen=236761 marge_decisionnelle=11.749197
info:   marge top1-top2 @ gen=1891 : 8.531300 (top1=27301 top2=50822) rank_used=0 chosen=27301 marge_decisionnelle=8.531300
info:   marge top1-top2 @ gen=1892 : 7.442345 (top1=129120 top2=4313) rank_used=0 chosen=129120 marge_decisionnelle=7.442345
info:   marge top1-top2 @ gen=1893 : 8.576139 (top1=15075 top2=26230) rank_used=0 chosen=15075 marge_decisionnelle=8.576139
info:   marge top1-top2 @ gen=1894 : 10.151569 (top1=569 top2=513) rank_used=0 chosen=569 marge_decisionnelle=10.151569
info:   marge top1-top2 @ gen=1895 : 8.898412 (top1=91920 top2=187135) rank_used=0 chosen=91920 marge_decisionnelle=8.898412
info:   marge top1-top2 @ gen=1896 : 10.845435 (top1=40661 top2=94888) rank_used=0 chosen=40661 marge_decisionnelle=10.845435
info:   marge top1-top2 @ gen=1897 : 7.606022 (top1=68962 top2=27228) rank_used=0 chosen=68962 marge_decisionnelle=7.606022
info:   marge top1-top2 @ gen=1898 : 12.117577 (top1=759 top2=674) rank_used=0 chosen=759 marge_decisionnelle=12.117577
info:   marge top1-top2 @ gen=1899 : 10.562768 (top1=83876 top2=86446) rank_used=0 chosen=83876 marge_decisionnelle=10.562768
info:   marge top1-top2 @ gen=1900 : 13.818289 (top1=569 top2=513) rank_used=0 chosen=569 marge_decisionnelle=13.818289
info:   marge top1-top2 @ gen=1901 : 9.925920 (top1=3313 top2=150741) rank_used=0 chosen=3313 marge_decisionnelle=9.925920
info:   marge top1-top2 @ gen=1902 : 10.580817 (top1=46778 top2=16066) rank_used=0 chosen=46778 marge_decisionnelle=10.580817
info:   marge top1-top2 @ gen=1903 : 12.927362 (top1=9966 top2=33334) rank_used=0 chosen=9966 marge_decisionnelle=12.927362
info:   marge top1-top2 @ gen=1904 : 13.340076 (top1=696 top2=113526) rank_used=0 chosen=696 marge_decisionnelle=13.340076
info:   marge top1-top2 @ gen=1905 : 10.629740 (top1=80334 top2=27122) rank_used=0 chosen=80334 marge_decisionnelle=10.629740
info:   marge top1-top2 @ gen=1906 : 12.611202 (top1=3229 top2=6397) rank_used=0 chosen=3229 marge_decisionnelle=12.611202
info:   marge top1-top2 @ gen=1907 : 11.676343 (top1=56667 top2=94647) rank_used=0 chosen=56667 marge_decisionnelle=11.676343
info:   marge top1-top2 @ gen=1908 : 8.724579 (top1=569 top2=513) rank_used=0 chosen=569 marge_decisionnelle=8.724579
info:   marge top1-top2 @ gen=1909 : 10.431641 (top1=131976 top2=56391) rank_used=0 chosen=131976 marge_decisionnelle=10.431641
info:   marge top1-top2 @ gen=1910 : 15.534765 (top1=853 top2=569) rank_used=0 chosen=853 marge_decisionnelle=15.534765
info:   marge top1-top2 @ gen=1911 : 7.888375 (top1=138905 top2=23505) rank_used=0 chosen=138905 marge_decisionnelle=7.888375
info:   marge top1-top2 @ gen=1912 : 12.426844 (top1=569 top2=513) rank_used=0 chosen=569 marge_decisionnelle=12.426844
info:   marge top1-top2 @ gen=1913 : 7.317581 (top1=50711 top2=31120) rank_used=0 chosen=50711 marge_decisionnelle=7.317581
info:   marge top1-top2 @ gen=1914 : 6.926157 (top1=24562 top2=203434) rank_used=0 chosen=24562 marge_decisionnelle=6.926157
info:   marge top1-top2 @ gen=1915 : 9.758804 (top1=108417 top2=6888) rank_used=0 chosen=108417 marge_decisionnelle=9.758804
info:   marge top1-top2 @ gen=1916 : 8.250153 (top1=703 top2=785) rank_used=0 chosen=703 marge_decisionnelle=8.250153
info:   marge top1-top2 @ gen=1917 : 11.240170 (top1=236761 top2=568) rank_used=0 chosen=236761 marge_decisionnelle=11.240170
info:   marge top1-top2 @ gen=1918 : 5.144228 (top1=954 top2=1454) rank_used=0 chosen=954 marge_decisionnelle=5.144228
info:   marge top1-top2 @ gen=1919 : 10.551464 (top1=45518 top2=3480) rank_used=0 chosen=45518 marge_decisionnelle=10.551464
info:   marge top1-top2 @ gen=1920 : 11.123192 (top1=236813 top2=236842) rank_used=0 chosen=236813 marge_decisionnelle=11.123192
info:   marge top1-top2 @ gen=1921 : 10.199661 (top1=107 top2=106) rank_used=0 chosen=107 marge_decisionnelle=10.199661
info:   marge top1-top2 @ gen=1922 : 5.039415 (top1=101 top2=100) rank_used=0 chosen=101 marge_decisionnelle=5.039415
info:   marge top1-top2 @ gen=1923 : 8.854685 (top1=129930 top2=61684) rank_used=0 chosen=129930 marge_decisionnelle=8.854685
info:   marge top1-top2 @ gen=1924 : 10.881166 (top1=3037 top2=5723) rank_used=0 chosen=3037 marge_decisionnelle=10.881166
info:   marge top1-top2 @ gen=1925 : 10.508249 (top1=2049 top2=28620) rank_used=0 chosen=2049 marge_decisionnelle=10.508249
info:   marge top1-top2 @ gen=1926 : 7.050245 (top1=4052 top2=2309) rank_used=0 chosen=4052 marge_decisionnelle=7.050245
info:   marge top1-top2 @ gen=1927 : 13.425600 (top1=569 top2=1747) rank_used=0 chosen=569 marge_decisionnelle=13.425600
info:   marge top1-top2 @ gen=1928 : 11.797295 (top1=759 top2=537) rank_used=0 chosen=759 marge_decisionnelle=11.797295
info:   marge top1-top2 @ gen=1929 : 10.335330 (top1=107058 top2=15307) rank_used=0 chosen=107058 marge_decisionnelle=10.335330
info:   marge top1-top2 @ gen=1930 : 12.185786 (top1=2112 top2=162039) rank_used=0 chosen=2112 marge_decisionnelle=12.185786
info:   marge top1-top2 @ gen=1931 : 8.851748 (top1=118583 top2=8285) rank_used=0 chosen=118583 marge_decisionnelle=8.851748
info:   marge top1-top2 @ gen=1932 : 13.601293 (top1=513 top2=1167) rank_used=0 chosen=513 marge_decisionnelle=13.601293
info:   marge top1-top2 @ gen=1933 : 13.697914 (top1=236789 top2=236858) rank_used=0 chosen=236789 marge_decisionnelle=13.697914
info:   marge top1-top2 @ gen=1934 : 12.532235 (top1=62462 top2=82839) rank_used=0 chosen=62462 marge_decisionnelle=12.532235
info:   marge top1-top2 @ gen=1935 : 12.182232 (top1=696 top2=909) rank_used=0 chosen=696 marge_decisionnelle=12.182232
info:   marge top1-top2 @ gen=1936 : 8.044680 (top1=22865 top2=12409) rank_used=0 chosen=22865 marge_decisionnelle=8.044680
info:   marge top1-top2 @ gen=1937 : 9.840909 (top1=37485 top2=147516) rank_used=0 chosen=37485 marge_decisionnelle=9.840909
info:   marge top1-top2 @ gen=1938 : 11.179084 (top1=1017 top2=236761) rank_used=0 chosen=1017 marge_decisionnelle=11.179084
info:   marge top1-top2 @ gen=1939 : 12.968521 (top1=108 top2=236743) rank_used=0 chosen=108 marge_decisionnelle=12.968521
info:   marge top1-top2 @ gen=1940 : 12.334765 (top1=4967 top2=236770) rank_used=0 chosen=4967 marge_decisionnelle=12.334765
info:   marge top1-top2 @ gen=1941 : 9.330199 (top1=107058 top2=15307) rank_used=0 chosen=107058 marge_decisionnelle=9.330199
info:   marge top1-top2 @ gen=1942 : 12.951831 (top1=2112 top2=239615) rank_used=0 chosen=2112 marge_decisionnelle=12.951831
info:   marge top1-top2 @ gen=1943 : 8.279010 (top1=118583 top2=8285) rank_used=0 chosen=118583 marge_decisionnelle=8.279010
info:   marge top1-top2 @ gen=1944 : 13.358009 (top1=513 top2=1167) rank_used=0 chosen=513 marge_decisionnelle=13.358009
info:   marge top1-top2 @ gen=1945 : 12.489368 (top1=236789 top2=236858) rank_used=0 chosen=236789 marge_decisionnelle=12.489368
info:   marge top1-top2 @ gen=1946 : 12.869298 (top1=62462 top2=82839) rank_used=0 chosen=62462 marge_decisionnelle=12.869298
info:   marge top1-top2 @ gen=1947 : 12.761235 (top1=1009 top2=568) rank_used=0 chosen=1009 marge_decisionnelle=12.761235
info:   marge top1-top2 @ gen=1948 : 11.504281 (top1=3037 top2=2253) rank_used=0 chosen=3037 marge_decisionnelle=11.504281
info:   marge top1-top2 @ gen=1949 : 10.790818 (top1=9939 top2=64836) rank_used=0 chosen=9939 marge_decisionnelle=10.790818
info:   marge top1-top2 @ gen=1950 : 12.198315 (top1=2947 top2=28539) rank_used=0 chosen=2947 marge_decisionnelle=12.198315
info:   marge top1-top2 @ gen=1951 : 10.617075 (top1=55844 top2=180348) rank_used=0 chosen=55844 marge_decisionnelle=10.617075
info:   marge top1-top2 @ gen=1952 : 12.271352 (top1=674 top2=759) rank_used=0 chosen=674 marge_decisionnelle=12.271352
info:   marge top1-top2 @ gen=1953 : 10.379503 (top1=28421 top2=97811) rank_used=0 chosen=28421 marge_decisionnelle=10.379503
info:   marge top1-top2 @ gen=1954 : 11.400333 (top1=569 top2=513) rank_used=0 chosen=569 marge_decisionnelle=11.400333
info:   marge top1-top2 @ gen=1955 : 9.532051 (top1=10040 top2=13031) rank_used=0 chosen=10040 marge_decisionnelle=9.532051
info:   marge top1-top2 @ gen=1956 : 14.336453 (top1=513 top2=1167) rank_used=0 chosen=513 marge_decisionnelle=14.336453
info:   marge top1-top2 @ gen=1957 : 11.671734 (top1=236789 top2=236858) rank_used=0 chosen=236789 marge_decisionnelle=11.671734
info:   marge top1-top2 @ gen=1958 : 11.655582 (top1=602 top2=5095) rank_used=0 chosen=602 marge_decisionnelle=11.655582
info:   marge top1-top2 @ gen=1959 : 11.416037 (top1=56667 top2=94647) rank_used=0 chosen=56667 marge_decisionnelle=11.416037
info:   marge top1-top2 @ gen=1960 : 12.508158 (top1=568 top2=9298) rank_used=0 chosen=568 marge_decisionnelle=12.508158
info:   marge top1-top2 @ gen=1961 : 10.656956 (top1=182283 top2=3521) rank_used=0 chosen=182283 marge_decisionnelle=10.656956
info:   marge top1-top2 @ gen=1962 : 11.098488 (top1=723 top2=602) rank_used=0 chosen=723 marge_decisionnelle=11.098488
info:   marge top1-top2 @ gen=1963 : 11.460170 (top1=92474 top2=128282) rank_used=0 chosen=92474 marge_decisionnelle=11.460170
info:   marge top1-top2 @ gen=1964 : 14.156410 (top1=236768 top2=237214) rank_used=0 chosen=236768 marge_decisionnelle=14.156410
info:   marge top1-top2 @ gen=1965 : 11.949687 (top1=1608 top2=3229) rank_used=0 chosen=1608 marge_decisionnelle=11.949687
info:   marge top1-top2 @ gen=1966 : 11.559355 (top1=723 top2=5095) rank_used=0 chosen=723 marge_decisionnelle=11.559355
info:   marge top1-top2 @ gen=1967 : 10.666042 (top1=9062 top2=30020) rank_used=0 chosen=9062 marge_decisionnelle=10.666042
info:   marge top1-top2 @ gen=1968 : 10.798392 (top1=125091 top2=207771) rank_used=0 chosen=125091 marge_decisionnelle=10.798392
info:   marge top1-top2 @ gen=1969 : 11.170456 (top1=569 top2=513) rank_used=0 chosen=569 marge_decisionnelle=11.170456
info:   marge top1-top2 @ gen=1970 : 10.574512 (top1=60588 top2=4171) rank_used=0 chosen=60588 marge_decisionnelle=10.574512
info:   marge top1-top2 @ gen=1971 : 12.436610 (top1=3349 top2=2637) rank_used=0 chosen=3349 marge_decisionnelle=12.436610
info:   marge top1-top2 @ gen=1972 : 11.939536 (top1=569 top2=513) rank_used=0 chosen=569 marge_decisionnelle=11.939536
info:   marge top1-top2 @ gen=1973 : 12.449371 (top1=12727 top2=51635) rank_used=0 chosen=12727 marge_decisionnelle=12.449371
info:   marge top1-top2 @ gen=1974 : 9.969746 (top1=1190 top2=498) rank_used=0 chosen=1190 marge_decisionnelle=9.969746
info:   marge top1-top2 @ gen=1975 : 10.160276 (top1=193336 top2=14293) rank_used=0 chosen=193336 marge_decisionnelle=10.160276
info:   marge top1-top2 @ gen=1976 : 10.786013 (top1=236761 top2=568) rank_used=0 chosen=236761 marge_decisionnelle=10.786013
info:   marge top1-top2 @ gen=1977 : 11.367369 (top1=16107 top2=36928) rank_used=0 chosen=16107 marge_decisionnelle=11.367369
info:   marge top1-top2 @ gen=1978 : 11.080953 (top1=20995 top2=185817) rank_used=0 chosen=20995 marge_decisionnelle=11.080953
info:   marge top1-top2 @ gen=1979 : 9.043697 (top1=569 top2=513) rank_used=0 chosen=569 marge_decisionnelle=9.043697
info:   marge top1-top2 @ gen=1980 : 9.279530 (top1=150741 top2=47924) rank_used=0 chosen=150741 marge_decisionnelle=9.279530
info:   marge top1-top2 @ gen=1981 : 12.978077 (top1=1640 top2=853) rank_used=0 chosen=1640 marge_decisionnelle=12.978077
info:   marge top1-top2 @ gen=1982 : 9.662650 (top1=3381 top2=153747) rank_used=0 chosen=3381 marge_decisionnelle=9.662650
info:   marge top1-top2 @ gen=1983 : 10.157454 (top1=4154 top2=28256) rank_used=0 chosen=4154 marge_decisionnelle=10.157454
info:   marge top1-top2 @ gen=1984 : 9.950815 (top1=23371 top2=33761) rank_used=0 chosen=23371 marge_decisionnelle=9.950815
info:   marge top1-top2 @ gen=1985 : 8.504339 (top1=2417 top2=3658) rank_used=0 chosen=2417 marge_decisionnelle=8.504339
info:   marge top1-top2 @ gen=1986 : 13.804078 (top1=513 top2=1167) rank_used=0 chosen=513 marge_decisionnelle=13.804078
info:   marge top1-top2 @ gen=1987 : 11.231720 (top1=236789 top2=236858) rank_used=0 chosen=236789 marge_decisionnelle=11.231720
info:   marge top1-top2 @ gen=1988 : 11.121052 (top1=2253 top2=602) rank_used=0 chosen=2253 marge_decisionnelle=11.121052
info:   marge top1-top2 @ gen=1989 : 9.774310 (top1=20412 top2=23376) rank_used=0 chosen=20412 marge_decisionnelle=9.774310
info:   marge top1-top2 @ gen=1990 : 10.358928 (top1=56556 top2=80214) rank_used=0 chosen=56556 marge_decisionnelle=10.358928
info:   marge top1-top2 @ gen=1991 : 11.702303 (top1=236764 top2=568) rank_used=0 chosen=236764 marge_decisionnelle=11.702303
info:   marge top1-top2 @ gen=1992 : 11.894885 (top1=674 top2=519) rank_used=0 chosen=674 marge_decisionnelle=11.894885
info:   marge top1-top2 @ gen=1993 : 11.822058 (top1=56667 top2=38325) rank_used=0 chosen=56667 marge_decisionnelle=11.822058
info:   marge top1-top2 @ gen=1994 : 11.848555 (top1=770 top2=636) rank_used=0 chosen=770 marge_decisionnelle=11.848555
info:   marge top1-top2 @ gen=1995 : 10.091745 (top1=636 top2=1248) rank_used=0 chosen=636 marge_decisionnelle=10.091745
info:   marge top1-top2 @ gen=1996 : 8.805756 (top1=4702 top2=31995) rank_used=0 chosen=4702 marge_decisionnelle=8.805756
info:   marge top1-top2 @ gen=1997 : 8.876909 (top1=500 top2=1150) rank_used=0 chosen=500 marge_decisionnelle=8.876909
info:   marge top1-top2 @ gen=1998 : 10.422443 (top1=929 top2=690) rank_used=0 chosen=929 marge_decisionnelle=10.422443
info:   marge top1-top2 @ gen=1999 : 13.283798 (top1=1270 top2=556) rank_used=0 chosen=1270 marge_decisionnelle=13.283798
info:   marge top1-top2 @ gen=2000 : 11.754210 (top1=3037 top2=723) rank_used=0 chosen=3037 marge_decisionnelle=11.754210
info:   marge top1-top2 @ gen=2001 : 12.412396 (top1=623 top2=2789) rank_used=0 chosen=623 marge_decisionnelle=12.412396
info:   marge top1-top2 @ gen=2002 : 11.871306 (top1=15307 top2=13596) rank_used=0 chosen=15307 marge_decisionnelle=11.871306
info:   marge top1-top2 @ gen=2003 : 6.433523 (top1=8328 top2=30049) rank_used=0 chosen=8328 marge_decisionnelle=6.433523
info:   marge top1-top2 @ gen=2004 : 14.553260 (top1=236775 top2=236789) rank_used=0 chosen=236775 marge_decisionnelle=14.553260
info:   marge top1-top2 @ gen=2005 : 8.621424 (top1=39924 top2=119811) rank_used=0 chosen=39924 marge_decisionnelle=8.621424
info:   marge top1-top2 @ gen=2006 : 12.531974 (top1=2947 top2=28539) rank_used=0 chosen=2947 marge_decisionnelle=12.531974
info:   marge top1-top2 @ gen=2007 : 10.088906 (top1=636 top2=1248) rank_used=0 chosen=636 marge_decisionnelle=10.088906
info:   marge top1-top2 @ gen=2008 : 13.389935 (top1=2972 top2=120761) rank_used=0 chosen=2972 marge_decisionnelle=13.389935
info:   marge top1-top2 @ gen=2009 : 8.583628 (top1=2811 top2=3518) rank_used=0 chosen=2811 marge_decisionnelle=8.583628
info:   marge top1-top2 @ gen=2010 : 14.239164 (top1=3229 top2=16107) rank_used=0 chosen=3229 marge_decisionnelle=14.239164
info:   marge top1-top2 @ gen=2011 : 10.754027 (top1=13969 top2=50157) rank_used=0 chosen=13969 marge_decisionnelle=10.754027
info:   marge top1-top2 @ gen=2012 : 12.937573 (top1=1008 top2=570) rank_used=0 chosen=1008 marge_decisionnelle=12.937573
info:   marge top1-top2 @ gen=2013 : 9.944578 (top1=1608 top2=40300) rank_used=0 chosen=1608 marge_decisionnelle=9.944578
info:   marge top1-top2 @ gen=2014 : 5.985289 (top1=40300 top2=146955) rank_used=0 chosen=40300 marge_decisionnelle=5.985289
info:   marge top1-top2 @ gen=2015 : 12.139415 (top1=569 top2=1747) rank_used=0 chosen=569 marge_decisionnelle=12.139415
info:   marge top1-top2 @ gen=2016 : 10.967955 (top1=759 top2=537) rank_used=0 chosen=759 marge_decisionnelle=10.967955
info:   marge top1-top2 @ gen=2017 : 8.245502 (top1=22939 top2=81872) rank_used=0 chosen=22939 marge_decisionnelle=8.245502
info:   marge top1-top2 @ gen=2018 : 11.766857 (top1=236761 top2=568) rank_used=0 chosen=236761 marge_decisionnelle=11.766857
info:   marge top1-top2 @ gen=2019 : 8.515236 (top1=27301 top2=50822) rank_used=0 chosen=27301 marge_decisionnelle=8.515236
info:   marge top1-top2 @ gen=2020 : 7.330269 (top1=129120 top2=4313) rank_used=0 chosen=129120 marge_decisionnelle=7.330269
info:   ... step 2048 (2020 générés)
info:   marge top1-top2 @ gen=2021 : 8.450312 (top1=15075 top2=26230) rank_used=0 chosen=15075 marge_decisionnelle=8.450312
info:   marge top1-top2 @ gen=2022 : 10.129313 (top1=569 top2=513) rank_used=0 chosen=569 marge_decisionnelle=10.129313
info:   marge top1-top2 @ gen=2023 : 8.815019 (top1=91920 top2=187135) rank_used=0 chosen=91920 marge_decisionnelle=8.815019
info:   marge top1-top2 @ gen=2024 : 10.904084 (top1=40661 top2=94888) rank_used=0 chosen=40661 marge_decisionnelle=10.904084
info:   marge top1-top2 @ gen=2025 : 7.487274 (top1=68962 top2=27228) rank_used=0 chosen=68962 marge_decisionnelle=7.487274
info:   marge top1-top2 @ gen=2026 : 12.077724 (top1=759 top2=674) rank_used=0 chosen=759 marge_decisionnelle=12.077724
info:   marge top1-top2 @ gen=2027 : 10.742140 (top1=83876 top2=86446) rank_used=0 chosen=83876 marge_decisionnelle=10.742140
info:   marge top1-top2 @ gen=2028 : 13.962348 (top1=569 top2=513) rank_used=0 chosen=569 marge_decisionnelle=13.962348
info:   marge top1-top2 @ gen=2029 : 9.941433 (top1=3313 top2=150741) rank_used=0 chosen=3313 marge_decisionnelle=9.941433
info:   marge top1-top2 @ gen=2030 : 10.669587 (top1=46778 top2=16066) rank_used=0 chosen=46778 marge_decisionnelle=10.669587
info:   marge top1-top2 @ gen=2031 : 13.074346 (top1=9966 top2=33334) rank_used=0 chosen=9966 marge_decisionnelle=13.074346
info:   marge top1-top2 @ gen=2032 : 13.444979 (top1=696 top2=113526) rank_used=0 chosen=696 marge_decisionnelle=13.444979
info:   marge top1-top2 @ gen=2033 : 10.688558 (top1=80334 top2=27122) rank_used=0 chosen=80334 marge_decisionnelle=10.688558
info:   marge top1-top2 @ gen=2034 : 12.673116 (top1=3229 top2=6397) rank_used=0 chosen=3229 marge_decisionnelle=12.673116
info:   marge top1-top2 @ gen=2035 : 11.622345 (top1=56667 top2=94647) rank_used=0 chosen=56667 marge_decisionnelle=11.622345
info:   marge top1-top2 @ gen=2036 : 8.971355 (top1=569 top2=513) rank_used=0 chosen=569 marge_decisionnelle=8.971355
info:   marge top1-top2 @ gen=2037 : 10.384968 (top1=131976 top2=56391) rank_used=0 chosen=131976 marge_decisionnelle=10.384968
info:   marge top1-top2 @ gen=2038 : 15.495631 (top1=853 top2=569) rank_used=0 chosen=853 marge_decisionnelle=15.495631
info:   marge top1-top2 @ gen=2039 : 7.907296 (top1=138905 top2=23505) rank_used=0 chosen=138905 marge_decisionnelle=7.907296
info:   marge top1-top2 @ gen=2040 : 12.327919 (top1=569 top2=513) rank_used=0 chosen=569 marge_decisionnelle=12.327919
info:   marge top1-top2 @ gen=2041 : 7.386876 (top1=50711 top2=31120) rank_used=0 chosen=50711 marge_decisionnelle=7.386876
info:   marge top1-top2 @ gen=2042 : 6.969595 (top1=24562 top2=203434) rank_used=0 chosen=24562 marge_decisionnelle=6.969595
info:   marge top1-top2 @ gen=2043 : 9.844893 (top1=108417 top2=6888) rank_used=0 chosen=108417 marge_decisionnelle=9.844893
info:   marge top1-top2 @ gen=2044 : 8.464081 (top1=703 top2=785) rank_used=0 chosen=703 marge_decisionnelle=8.464081
info:   marge top1-top2 @ gen=2045 : 11.183737 (top1=236761 top2=568) rank_used=0 chosen=236761 marge_decisionnelle=11.183737
info:   marge top1-top2 @ gen=2046 : 5.157318 (top1=954 top2=1454) rank_used=0 chosen=954 marge_decisionnelle=5.157318
info:   marge top1-top2 @ gen=2047 : 10.505556 (top1=45518 top2=3480) rank_used=0 chosen=45518 marge_decisionnelle=10.505556
info:   marge top1-top2 @ gen=2048 : 10.898526 (top1=236813 top2=236842) rank_used=0 chosen=236813 marge_decisionnelle=10.898526
info:   marge top1-top2 @ gen=2049 : 10.209156 (top1=107 top2=106) rank_used=0 chosen=107 marge_decisionnelle=10.209156
info:   marge top1-top2 @ gen=2050 : 5.063562 (top1=101 top2=100) rank_used=0 chosen=101 marge_decisionnelle=5.063562
info:   marge top1-top2 @ gen=2051 : 9.059140 (top1=129930 top2=61684) rank_used=0 chosen=129930 marge_decisionnelle=9.059140
info:   marge top1-top2 @ gen=2052 : 10.868906 (top1=3037 top2=5723) rank_used=0 chosen=3037 marge_decisionnelle=10.868906
info:   marge top1-top2 @ gen=2053 : 10.528408 (top1=2049 top2=28620) rank_used=0 chosen=2049 marge_decisionnelle=10.528408
info:   marge top1-top2 @ gen=2054 : 7.715496 (top1=4052 top2=2309) rank_used=0 chosen=4052 marge_decisionnelle=7.715496
info:   marge top1-top2 @ gen=2055 : 13.436152 (top1=569 top2=1747) rank_used=0 chosen=569 marge_decisionnelle=13.436152
info:   marge top1-top2 @ gen=2056 : 11.904402 (top1=759 top2=537) rank_used=0 chosen=759 marge_decisionnelle=11.904402
info:   marge top1-top2 @ gen=2057 : 10.298175 (top1=107058 top2=15307) rank_used=0 chosen=107058 marge_decisionnelle=10.298175
info:   marge top1-top2 @ gen=2058 : 12.165843 (top1=2112 top2=162039) rank_used=0 chosen=2112 marge_decisionnelle=12.165843
info:   marge top1-top2 @ gen=2059 : 9.562721 (top1=118583 top2=214392) rank_used=0 chosen=118583 marge_decisionnelle=9.562721
info:   marge top1-top2 @ gen=2060 : 13.571705 (top1=513 top2=1167) rank_used=0 chosen=513 marge_decisionnelle=13.571705
info:   marge top1-top2 @ gen=2061 : 12.808655 (top1=236789 top2=236858) rank_used=0 chosen=236789 marge_decisionnelle=12.808655
info:   marge top1-top2 @ gen=2062 : 12.453423 (top1=62462 top2=82839) rank_used=0 chosen=62462 marge_decisionnelle=12.453423
info:   marge top1-top2 @ gen=2063 : 12.238334 (top1=696 top2=909) rank_used=0 chosen=696 marge_decisionnelle=12.238334
info:   marge top1-top2 @ gen=2064 : 8.256520 (top1=22865 top2=12409) rank_used=0 chosen=22865 marge_decisionnelle=8.256520
info:   marge top1-top2 @ gen=2065 : 9.946423 (top1=37485 top2=147516) rank_used=0 chosen=37485 marge_decisionnelle=9.946423
info:   marge top1-top2 @ gen=2066 : 11.061005 (top1=1017 top2=236761) rank_used=0 chosen=1017 marge_decisionnelle=11.061005
info:   marge top1-top2 @ gen=2067 : 12.886761 (top1=108 top2=236743) rank_used=0 chosen=108 marge_decisionnelle=12.886761
info:   marge top1-top2 @ gen=2068 : 12.248888 (top1=4967 top2=3258) rank_used=0 chosen=4967 marge_decisionnelle=12.248888
info:   marge top1-top2 @ gen=2069 : 9.343118 (top1=107058 top2=15307) rank_used=0 chosen=107058 marge_decisionnelle=9.343118
info:   marge top1-top2 @ gen=2070 : 12.724731 (top1=2112 top2=239615) rank_used=0 chosen=2112 marge_decisionnelle=12.724731
info:   marge top1-top2 @ gen=2071 : 8.026962 (top1=118583 top2=8285) rank_used=0 chosen=118583 marge_decisionnelle=8.026962
info:   marge top1-top2 @ gen=2072 : 13.504686 (top1=513 top2=1167) rank_used=0 chosen=513 marge_decisionnelle=13.504686
info:   marge top1-top2 @ gen=2073 : 13.765108 (top1=236789 top2=236858) rank_used=0 chosen=236789 marge_decisionnelle=13.765108
info:   marge top1-top2 @ gen=2074 : 12.471119 (top1=62462 top2=82839) rank_used=0 chosen=62462 marge_decisionnelle=12.471119
info:   marge top1-top2 @ gen=2075 : 12.657303 (top1=1009 top2=568) rank_used=0 chosen=1009 marge_decisionnelle=12.657303
info:   marge top1-top2 @ gen=2076 : 11.537540 (top1=3037 top2=2253) rank_used=0 chosen=3037 marge_decisionnelle=11.537540
info:   marge top1-top2 @ gen=2077 : 10.765843 (top1=9939 top2=64836) rank_used=0 chosen=9939 marge_decisionnelle=10.765843
info:   marge top1-top2 @ gen=2078 : 12.261192 (top1=2947 top2=28539) rank_used=0 chosen=2947 marge_decisionnelle=12.261192
info:   marge top1-top2 @ gen=2079 : 10.630827 (top1=55844 top2=180348) rank_used=0 chosen=55844 marge_decisionnelle=10.630827
info:   marge top1-top2 @ gen=2080 : 12.366216 (top1=674 top2=759) rank_used=0 chosen=674 marge_decisionnelle=12.366216
info:   marge top1-top2 @ gen=2081 : 10.397785 (top1=28421 top2=97811) rank_used=0 chosen=28421 marge_decisionnelle=10.397785
info:   marge top1-top2 @ gen=2082 : 11.511669 (top1=569 top2=513) rank_used=0 chosen=569 marge_decisionnelle=11.511669
info:   marge top1-top2 @ gen=2083 : 6.880596 (top1=10040 top2=13031) rank_used=0 chosen=10040 marge_decisionnelle=6.880596
info:   marge top1-top2 @ gen=2084 : 14.335312 (top1=513 top2=236655) rank_used=0 chosen=513 marge_decisionnelle=14.335312
info:   marge top1-top2 @ gen=2085 : 11.803516 (top1=236789 top2=236858) rank_used=0 chosen=236789 marge_decisionnelle=11.803516
info:   marge top1-top2 @ gen=2086 : 12.164828 (top1=602 top2=5095) rank_used=0 chosen=602 marge_decisionnelle=12.164828
info:   marge top1-top2 @ gen=2087 : 11.105762 (top1=56667 top2=94647) rank_used=0 chosen=56667 marge_decisionnelle=11.105762
info:   marge top1-top2 @ gen=2088 : 12.296729 (top1=568 top2=9298) rank_used=0 chosen=568 marge_decisionnelle=12.296729
info:   marge top1-top2 @ gen=2089 : 10.622743 (top1=182283 top2=3521) rank_used=0 chosen=182283 marge_decisionnelle=10.622743
info:   marge top1-top2 @ gen=2090 : 11.094126 (top1=723 top2=602) rank_used=0 chosen=723 marge_decisionnelle=11.094126
info:   marge top1-top2 @ gen=2091 : 11.484283 (top1=92474 top2=128282) rank_used=0 chosen=92474 marge_decisionnelle=11.484283
info:   marge top1-top2 @ gen=2092 : 13.996901 (top1=236768 top2=237214) rank_used=0 chosen=236768 marge_decisionnelle=13.996901
info:   marge top1-top2 @ gen=2093 : 11.967534 (top1=1608 top2=3229) rank_used=0 chosen=1608 marge_decisionnelle=11.967534
info:   marge top1-top2 @ gen=2094 : 11.571888 (top1=723 top2=5095) rank_used=0 chosen=723 marge_decisionnelle=11.571888
info:   marge top1-top2 @ gen=2095 : 10.716194 (top1=9062 top2=30020) rank_used=0 chosen=9062 marge_decisionnelle=10.716194
info:   marge top1-top2 @ gen=2096 : 10.744449 (top1=125091 top2=207771) rank_used=0 chosen=125091 marge_decisionnelle=10.744449
info:   marge top1-top2 @ gen=2097 : 11.110117 (top1=569 top2=513) rank_used=0 chosen=569 marge_decisionnelle=11.110117
info:   marge top1-top2 @ gen=2098 : 10.550549 (top1=60588 top2=4171) rank_used=0 chosen=60588 marge_decisionnelle=10.550549
info:   marge top1-top2 @ gen=2099 : 12.474260 (top1=3349 top2=2637) rank_used=0 chosen=3349 marge_decisionnelle=12.474260
info:   marge top1-top2 @ gen=2100 : 11.951632 (top1=569 top2=513) rank_used=0 chosen=569 marge_decisionnelle=11.951632
info:   marge top1-top2 @ gen=2101 : 12.545955 (top1=12727 top2=51635) rank_used=0 chosen=12727 marge_decisionnelle=12.545955
info:   marge top1-top2 @ gen=2102 : 10.009678 (top1=1190 top2=498) rank_used=0 chosen=1190 marge_decisionnelle=10.009678
info:   marge top1-top2 @ gen=2103 : 10.149203 (top1=193336 top2=14293) rank_used=0 chosen=193336 marge_decisionnelle=10.149203
info:   marge top1-top2 @ gen=2104 : 10.802977 (top1=236761 top2=568) rank_used=0 chosen=236761 marge_decisionnelle=10.802977
info:   marge top1-top2 @ gen=2105 : 11.430307 (top1=16107 top2=36928) rank_used=0 chosen=16107 marge_decisionnelle=11.430307
info:   marge top1-top2 @ gen=2106 : 11.094465 (top1=20995 top2=75388) rank_used=0 chosen=20995 marge_decisionnelle=11.094465
info:   marge top1-top2 @ gen=2107 : 8.946491 (top1=569 top2=513) rank_used=0 chosen=569 marge_decisionnelle=8.946491
info:   marge top1-top2 @ gen=2108 : 9.268030 (top1=150741 top2=47924) rank_used=0 chosen=150741 marge_decisionnelle=9.268030
info:   marge top1-top2 @ gen=2109 : 12.695915 (top1=1640 top2=853) rank_used=0 chosen=1640 marge_decisionnelle=12.695915
info:   marge top1-top2 @ gen=2110 : 9.734510 (top1=3381 top2=153747) rank_used=0 chosen=3381 marge_decisionnelle=9.734510
info:   marge top1-top2 @ gen=2111 : 10.162115 (top1=4154 top2=28256) rank_used=0 chosen=4154 marge_decisionnelle=10.162115
info:   marge top1-top2 @ gen=2112 : 9.896883 (top1=23371 top2=33761) rank_used=0 chosen=23371 marge_decisionnelle=9.896883
info:   marge top1-top2 @ gen=2113 : 8.713751 (top1=2417 top2=3658) rank_used=0 chosen=2417 marge_decisionnelle=8.713751
info:   marge top1-top2 @ gen=2114 : 13.897600 (top1=513 top2=1167) rank_used=0 chosen=513 marge_decisionnelle=13.897600
info:   marge top1-top2 @ gen=2115 : 11.192343 (top1=236789 top2=236858) rank_used=0 chosen=236789 marge_decisionnelle=11.192343
info:   marge top1-top2 @ gen=2116 : 10.959568 (top1=2253 top2=602) rank_used=0 chosen=2253 marge_decisionnelle=10.959568
info:   marge top1-top2 @ gen=2117 : 9.696767 (top1=20412 top2=23376) rank_used=0 chosen=20412 marge_decisionnelle=9.696767
info:   marge top1-top2 @ gen=2118 : 10.584536 (top1=56556 top2=80214) rank_used=0 chosen=56556 marge_decisionnelle=10.584536
info:   marge top1-top2 @ gen=2119 : 11.665110 (top1=236764 top2=568) rank_used=0 chosen=236764 marge_decisionnelle=11.665110
info:   marge top1-top2 @ gen=2120 : 11.787169 (top1=674 top2=519) rank_used=0 chosen=674 marge_decisionnelle=11.787169
info:   marge top1-top2 @ gen=2121 : 11.796626 (top1=56667 top2=38325) rank_used=0 chosen=56667 marge_decisionnelle=11.796626
info:   marge top1-top2 @ gen=2122 : 11.737758 (top1=770 top2=636) rank_used=0 chosen=770 marge_decisionnelle=11.737758
info:   marge top1-top2 @ gen=2123 : 10.141801 (top1=636 top2=1248) rank_used=0 chosen=636 marge_decisionnelle=10.141801
info:   marge top1-top2 @ gen=2124 : 8.775492 (top1=4702 top2=31995) rank_used=0 chosen=4702 marge_decisionnelle=8.775492
info:   marge top1-top2 @ gen=2125 : 8.887133 (top1=500 top2=1150) rank_used=0 chosen=500 marge_decisionnelle=8.887133
info:   marge top1-top2 @ gen=2126 : 10.516183 (top1=929 top2=690) rank_used=0 chosen=929 marge_decisionnelle=10.516183
info:   marge top1-top2 @ gen=2127 : 13.269739 (top1=1270 top2=556) rank_used=0 chosen=1270 marge_decisionnelle=13.269739
info:   marge top1-top2 @ gen=2128 : 11.726146 (top1=3037 top2=723) rank_used=0 chosen=3037 marge_decisionnelle=11.726146
info:   marge top1-top2 @ gen=2129 : 12.360430 (top1=623 top2=2789) rank_used=0 chosen=623 marge_decisionnelle=12.360430
info:   marge top1-top2 @ gen=2130 : 11.876728 (top1=15307 top2=13596) rank_used=0 chosen=15307 marge_decisionnelle=11.876728
info:   marge top1-top2 @ gen=2131 : 6.416466 (top1=8328 top2=30049) rank_used=0 chosen=8328 marge_decisionnelle=6.416466
info:   marge top1-top2 @ gen=2132 : 14.400454 (top1=236775 top2=236789) rank_used=0 chosen=236775 marge_decisionnelle=14.400454
info:   marge top1-top2 @ gen=2133 : 8.677784 (top1=39924 top2=119811) rank_used=0 chosen=39924 marge_decisionnelle=8.677784
info:   marge top1-top2 @ gen=2134 : 12.591061 (top1=2947 top2=28539) rank_used=0 chosen=2947 marge_decisionnelle=12.591061
info:   marge top1-top2 @ gen=2135 : 10.166934 (top1=636 top2=1248) rank_used=0 chosen=636 marge_decisionnelle=10.166934
info:   marge top1-top2 @ gen=2136 : 13.420476 (top1=2972 top2=120761) rank_used=0 chosen=2972 marge_decisionnelle=13.420476
info:   marge top1-top2 @ gen=2137 : 8.632456 (top1=2811 top2=3518) rank_used=0 chosen=2811 marge_decisionnelle=8.632456
info:   marge top1-top2 @ gen=2138 : 14.351179 (top1=3229 top2=16107) rank_used=0 chosen=3229 marge_decisionnelle=14.351179
info:   marge top1-top2 @ gen=2139 : 10.716485 (top1=13969 top2=50157) rank_used=0 chosen=13969 marge_decisionnelle=10.716485
info:   marge top1-top2 @ gen=2140 : 12.889444 (top1=1008 top2=570) rank_used=0 chosen=1008 marge_decisionnelle=12.889444
info:   marge top1-top2 @ gen=2141 : 10.034134 (top1=1608 top2=40300) rank_used=0 chosen=1608 marge_decisionnelle=10.034134
info:   marge top1-top2 @ gen=2142 : 5.901934 (top1=40300 top2=146955) rank_used=0 chosen=40300 marge_decisionnelle=5.901934
info:   marge top1-top2 @ gen=2143 : 12.042057 (top1=569 top2=1747) rank_used=0 chosen=569 marge_decisionnelle=12.042057
info:   marge top1-top2 @ gen=2144 : 10.871176 (top1=759 top2=537) rank_used=0 chosen=759 marge_decisionnelle=10.871176
info:   marge top1-top2 @ gen=2145 : 8.194864 (top1=22939 top2=81872) rank_used=0 chosen=22939 marge_decisionnelle=8.194864
info:   marge top1-top2 @ gen=2146 : 11.706102 (top1=236761 top2=568) rank_used=0 chosen=236761 marge_decisionnelle=11.706102
info:   marge top1-top2 @ gen=2147 : 8.473293 (top1=27301 top2=50822) rank_used=0 chosen=27301 marge_decisionnelle=8.473293
info:   marge top1-top2 @ gen=2148 : 7.351532 (top1=129120 top2=4313) rank_used=0 chosen=129120 marge_decisionnelle=7.351532
info:   marge top1-top2 @ gen=2149 : 8.527986 (top1=15075 top2=26230) rank_used=0 chosen=15075 marge_decisionnelle=8.527986
info:   marge top1-top2 @ gen=2150 : 10.101927 (top1=569 top2=513) rank_used=0 chosen=569 marge_decisionnelle=10.101927
info:   marge top1-top2 @ gen=2151 : 8.850492 (top1=91920 top2=187135) rank_used=0 chosen=91920 marge_decisionnelle=8.850492
info:   marge top1-top2 @ gen=2152 : 10.992649 (top1=40661 top2=94888) rank_used=0 chosen=40661 marge_decisionnelle=10.992649
info:   marge top1-top2 @ gen=2153 : 7.472448 (top1=68962 top2=27228) rank_used=0 chosen=68962 marge_decisionnelle=7.472448
info:   marge top1-top2 @ gen=2154 : 11.928029 (top1=759 top2=674) rank_used=0 chosen=759 marge_decisionnelle=11.928029
info:   marge top1-top2 @ gen=2155 : 10.531443 (top1=83876 top2=86446) rank_used=0 chosen=83876 marge_decisionnelle=10.531443
info:   marge top1-top2 @ gen=2156 : 13.834394 (top1=569 top2=513) rank_used=0 chosen=569 marge_decisionnelle=13.834394
info:   marge top1-top2 @ gen=2157 : 10.047388 (top1=3313 top2=150741) rank_used=0 chosen=3313 marge_decisionnelle=10.047388
info:   marge top1-top2 @ gen=2158 : 10.776029 (top1=46778 top2=16066) rank_used=0 chosen=46778 marge_decisionnelle=10.776029
info:   marge top1-top2 @ gen=2159 : 13.052797 (top1=9966 top2=33334) rank_used=0 chosen=9966 marge_decisionnelle=13.052797
info:   marge top1-top2 @ gen=2160 : 13.640116 (top1=696 top2=113526) rank_used=0 chosen=696 marge_decisionnelle=13.640116
info:   marge top1-top2 @ gen=2161 : 10.733982 (top1=80334 top2=27122) rank_used=0 chosen=80334 marge_decisionnelle=10.733982
info:   marge top1-top2 @ gen=2162 : 12.616601 (top1=3229 top2=6397) rank_used=0 chosen=3229 marge_decisionnelle=12.616601
info:   marge top1-top2 @ gen=2163 : 11.695662 (top1=56667 top2=94647) rank_used=0 chosen=56667 marge_decisionnelle=11.695662
info:   marge top1-top2 @ gen=2164 : 8.841274 (top1=569 top2=513) rank_used=0 chosen=569 marge_decisionnelle=8.841274
info:   marge top1-top2 @ gen=2165 : 10.373382 (top1=131976 top2=56391) rank_used=0 chosen=131976 marge_decisionnelle=10.373382
info:   marge top1-top2 @ gen=2166 : 15.460677 (top1=853 top2=569) rank_used=0 chosen=853 marge_decisionnelle=15.460677
info:   marge top1-top2 @ gen=2167 : 7.871893 (top1=138905 top2=23505) rank_used=0 chosen=138905 marge_decisionnelle=7.871893
info:   marge top1-top2 @ gen=2168 : 12.181406 (top1=569 top2=513) rank_used=0 chosen=569 marge_decisionnelle=12.181406
info:   marge top1-top2 @ gen=2169 : 7.459736 (top1=50711 top2=31120) rank_used=0 chosen=50711 marge_decisionnelle=7.459736
info:   marge top1-top2 @ gen=2170 : 6.929901 (top1=24562 top2=203434) rank_used=0 chosen=24562 marge_decisionnelle=6.929901
info:   marge top1-top2 @ gen=2171 : 9.661517 (top1=108417 top2=6888) rank_used=0 chosen=108417 marge_decisionnelle=9.661517
info:   marge top1-top2 @ gen=2172 : 8.018154 (top1=703 top2=785) rank_used=0 chosen=703 marge_decisionnelle=8.018154
info:   marge top1-top2 @ gen=2173 : 11.187735 (top1=236761 top2=568) rank_used=0 chosen=236761 marge_decisionnelle=11.187735
info:   marge top1-top2 @ gen=2174 : 5.137629 (top1=954 top2=1454) rank_used=0 chosen=954 marge_decisionnelle=5.137629
info:   marge top1-top2 @ gen=2175 : 10.659729 (top1=45518 top2=3480) rank_used=0 chosen=45518 marge_decisionnelle=10.659729
info:   marge top1-top2 @ gen=2176 : 10.720934 (top1=236813 top2=236842) rank_used=0 chosen=236813 marge_decisionnelle=10.720934
info:   marge top1-top2 @ gen=2177 : 10.267616 (top1=107 top2=106) rank_used=0 chosen=107 marge_decisionnelle=10.267616
info:   marge top1-top2 @ gen=2178 : 5.091602 (top1=101 top2=100) rank_used=0 chosen=101 marge_decisionnelle=5.091602
info:   marge top1-top2 @ gen=2179 : 9.170470 (top1=129930 top2=61684) rank_used=0 chosen=129930 marge_decisionnelle=9.170470
info:   marge top1-top2 @ gen=2180 : 10.910821 (top1=3037 top2=5723) rank_used=0 chosen=3037 marge_decisionnelle=10.910821
info:   marge top1-top2 @ gen=2181 : 10.618045 (top1=2049 top2=28620) rank_used=0 chosen=2049 marge_decisionnelle=10.618045
info:   marge top1-top2 @ gen=2182 : 8.337070 (top1=4052 top2=2309) rank_used=0 chosen=4052 marge_decisionnelle=8.337070
info:   marge top1-top2 @ gen=2183 : 13.367584 (top1=569 top2=1747) rank_used=0 chosen=569 marge_decisionnelle=13.367584
info:   marge top1-top2 @ gen=2184 : 11.867537 (top1=759 top2=537) rank_used=0 chosen=759 marge_decisionnelle=11.867537
info:   marge top1-top2 @ gen=2185 : 10.361519 (top1=107058 top2=15307) rank_used=0 chosen=107058 marge_decisionnelle=10.361519
info:   marge top1-top2 @ gen=2186 : 12.214380 (top1=2112 top2=162039) rank_used=0 chosen=2112 marge_decisionnelle=12.214380
info:   marge top1-top2 @ gen=2187 : 8.825232 (top1=118583 top2=8285) rank_used=0 chosen=118583 marge_decisionnelle=8.825232
info:   marge top1-top2 @ gen=2188 : 13.552213 (top1=513 top2=1167) rank_used=0 chosen=513 marge_decisionnelle=13.552213
info:   marge top1-top2 @ gen=2189 : 13.434057 (top1=236789 top2=236858) rank_used=0 chosen=236789 marge_decisionnelle=13.434057
info:   marge top1-top2 @ gen=2190 : 12.473731 (top1=62462 top2=82839) rank_used=0 chosen=62462 marge_decisionnelle=12.473731
info:   marge top1-top2 @ gen=2191 : 12.219952 (top1=696 top2=909) rank_used=0 chosen=696 marge_decisionnelle=12.219952
info:   marge top1-top2 @ gen=2192 : 8.073259 (top1=22865 top2=12409) rank_used=0 chosen=22865 marge_decisionnelle=8.073259
info:   marge top1-top2 @ gen=2193 : 10.054674 (top1=37485 top2=79845) rank_used=0 chosen=37485 marge_decisionnelle=10.054674
info:   marge top1-top2 @ gen=2194 : 11.053679 (top1=1017 top2=236761) rank_used=0 chosen=1017 marge_decisionnelle=11.053679
info:   marge top1-top2 @ gen=2195 : 12.916127 (top1=108 top2=236743) rank_used=0 chosen=108 marge_decisionnelle=12.916127
info:   marge top1-top2 @ gen=2196 : 12.368397 (top1=4967 top2=3258) rank_used=0 chosen=4967 marge_decisionnelle=12.368397
info:   marge top1-top2 @ gen=2197 : 9.369434 (top1=107058 top2=15307) rank_used=0 chosen=107058 marge_decisionnelle=9.369434
info:   marge top1-top2 @ gen=2198 : 12.567116 (top1=2112 top2=239615) rank_used=0 chosen=2112 marge_decisionnelle=12.567116
info:   marge top1-top2 @ gen=2199 : 8.055969 (top1=118583 top2=8285) rank_used=0 chosen=118583 marge_decisionnelle=8.055969
info:   marge top1-top2 @ gen=2200 : 13.354410 (top1=513 top2=1167) rank_used=0 chosen=513 marge_decisionnelle=13.354410
info:   marge top1-top2 @ gen=2201 : 13.663085 (top1=236789 top2=236858) rank_used=0 chosen=236789 marge_decisionnelle=13.663085
info:   marge top1-top2 @ gen=2202 : 12.359153 (top1=62462 top2=82839) rank_used=0 chosen=62462 marge_decisionnelle=12.359153
info:   marge top1-top2 @ gen=2203 : 12.471859 (top1=1009 top2=568) rank_used=0 chosen=1009 marge_decisionnelle=12.471859
info:   marge top1-top2 @ gen=2204 : 11.401212 (top1=3037 top2=2253) rank_used=0 chosen=3037 marge_decisionnelle=11.401212
info:   marge top1-top2 @ gen=2205 : 10.691434 (top1=9939 top2=64836) rank_used=0 chosen=9939 marge_decisionnelle=10.691434
info:   marge top1-top2 @ gen=2206 : 12.309405 (top1=2947 top2=28539) rank_used=0 chosen=2947 marge_decisionnelle=12.309405
info:   marge top1-top2 @ gen=2207 : 10.729515 (top1=55844 top2=180348) rank_used=0 chosen=55844 marge_decisionnelle=10.729515
info:   marge top1-top2 @ gen=2208 : 12.412336 (top1=674 top2=759) rank_used=0 chosen=674 marge_decisionnelle=12.412336
info:   marge top1-top2 @ gen=2209 : 10.349628 (top1=28421 top2=97811) rank_used=0 chosen=28421 marge_decisionnelle=10.349628
info:   marge top1-top2 @ gen=2210 : 11.344090 (top1=569 top2=513) rank_used=0 chosen=569 marge_decisionnelle=11.344090
info:   marge top1-top2 @ gen=2211 : 9.527228 (top1=10040 top2=13031) rank_used=0 chosen=10040 marge_decisionnelle=9.527228
info:   marge top1-top2 @ gen=2212 : 14.220641 (top1=513 top2=1167) rank_used=0 chosen=513 marge_decisionnelle=14.220641
info:   marge top1-top2 @ gen=2213 : 13.128583 (top1=236789 top2=236858) rank_used=0 chosen=236789 marge_decisionnelle=13.128583
info:   marge top1-top2 @ gen=2214 : 11.904465 (top1=602 top2=5095) rank_used=0 chosen=602 marge_decisionnelle=11.904465
info:   marge top1-top2 @ gen=2215 : 11.259085 (top1=56667 top2=94647) rank_used=0 chosen=56667 marge_decisionnelle=11.259085
info:   marge top1-top2 @ gen=2216 : 12.000947 (top1=568 top2=9298) rank_used=0 chosen=568 marge_decisionnelle=12.000947
info:   marge top1-top2 @ gen=2217 : 10.655762 (top1=182283 top2=3521) rank_used=0 chosen=182283 marge_decisionnelle=10.655762
info:   marge top1-top2 @ gen=2218 : 11.094426 (top1=723 top2=602) rank_used=0 chosen=723 marge_decisionnelle=11.094426
info:   marge top1-top2 @ gen=2219 : 11.420799 (top1=92474 top2=128282) rank_used=0 chosen=92474 marge_decisionnelle=11.420799
info:   marge top1-top2 @ gen=2220 : 13.735020 (top1=236768 top2=237214) rank_used=0 chosen=236768 marge_decisionnelle=13.735020
info:   marge top1-top2 @ gen=2221 : 11.839258 (top1=1608 top2=3229) rank_used=0 chosen=1608 marge_decisionnelle=11.839258
info:   marge top1-top2 @ gen=2222 : 11.624455 (top1=723 top2=5095) rank_used=0 chosen=723 marge_decisionnelle=11.624455
info:   marge top1-top2 @ gen=2223 : 10.673272 (top1=9062 top2=30020) rank_used=0 chosen=9062 marge_decisionnelle=10.673272
info:   marge top1-top2 @ gen=2224 : 10.759270 (top1=125091 top2=207771) rank_used=0 chosen=125091 marge_decisionnelle=10.759270
info:   marge top1-top2 @ gen=2225 : 11.052021 (top1=569 top2=513) rank_used=0 chosen=569 marge_decisionnelle=11.052021
info:   marge top1-top2 @ gen=2226 : 10.695911 (top1=60588 top2=4171) rank_used=0 chosen=60588 marge_decisionnelle=10.695911
info:   marge top1-top2 @ gen=2227 : 12.446034 (top1=3349 top2=2637) rank_used=0 chosen=3349 marge_decisionnelle=12.446034
info:   marge top1-top2 @ gen=2228 : 11.867179 (top1=569 top2=513) rank_used=0 chosen=569 marge_decisionnelle=11.867179
info:   marge top1-top2 @ gen=2229 : 12.418159 (top1=12727 top2=51635) rank_used=0 chosen=12727 marge_decisionnelle=12.418159
info:   marge top1-top2 @ gen=2230 : 10.226684 (top1=1190 top2=498) rank_used=0 chosen=1190 marge_decisionnelle=10.226684
info:   marge top1-top2 @ gen=2231 : 10.320802 (top1=193336 top2=14293) rank_used=0 chosen=193336 marge_decisionnelle=10.320802
info:   marge top1-top2 @ gen=2232 : 10.777979 (top1=236761 top2=568) rank_used=0 chosen=236761 marge_decisionnelle=10.777979
info:   marge top1-top2 @ gen=2233 : 11.453508 (top1=16107 top2=36928) rank_used=0 chosen=16107 marge_decisionnelle=11.453508
info:   marge top1-top2 @ gen=2234 : 11.054148 (top1=20995 top2=75388) rank_used=0 chosen=20995 marge_decisionnelle=11.054148
info:   marge top1-top2 @ gen=2235 : 8.886993 (top1=569 top2=513) rank_used=0 chosen=569 marge_decisionnelle=8.886993
info:   marge top1-top2 @ gen=2236 : 9.228962 (top1=150741 top2=47924) rank_used=0 chosen=150741 marge_decisionnelle=9.228962
info:   marge top1-top2 @ gen=2237 : 12.590199 (top1=1640 top2=853) rank_used=0 chosen=1640 marge_decisionnelle=12.590199
info:   marge top1-top2 @ gen=2238 : 9.743400 (top1=3381 top2=153747) rank_used=0 chosen=3381 marge_decisionnelle=9.743400
info:   marge top1-top2 @ gen=2239 : 10.286339 (top1=4154 top2=28256) rank_used=0 chosen=4154 marge_decisionnelle=10.286339
info:   marge top1-top2 @ gen=2240 : 9.930182 (top1=23371 top2=33761) rank_used=0 chosen=23371 marge_decisionnelle=9.930182
info:   marge top1-top2 @ gen=2241 : 8.849231 (top1=2417 top2=3658) rank_used=0 chosen=2417 marge_decisionnelle=8.849231
info:   marge top1-top2 @ gen=2242 : 13.714185 (top1=513 top2=1167) rank_used=0 chosen=513 marge_decisionnelle=13.714185
info:   marge top1-top2 @ gen=2243 : 11.640953 (top1=236789 top2=236858) rank_used=0 chosen=236789 marge_decisionnelle=11.640953
info:   marge top1-top2 @ gen=2244 : 10.875895 (top1=2253 top2=602) rank_used=0 chosen=2253 marge_decisionnelle=10.875895
info:   marge top1-top2 @ gen=2245 : 9.635794 (top1=20412 top2=23376) rank_used=0 chosen=20412 marge_decisionnelle=9.635794
info:   marge top1-top2 @ gen=2246 : 10.442296 (top1=56556 top2=80214) rank_used=0 chosen=56556 marge_decisionnelle=10.442296
info:   marge top1-top2 @ gen=2247 : 11.617296 (top1=236764 top2=568) rank_used=0 chosen=236764 marge_decisionnelle=11.617296
info:   marge top1-top2 @ gen=2248 : 11.870069 (top1=674 top2=519) rank_used=0 chosen=674 marge_decisionnelle=11.870069
info:   marge top1-top2 @ gen=2249 : 11.790099 (top1=56667 top2=38325) rank_used=0 chosen=56667 marge_decisionnelle=11.790099
info:   marge top1-top2 @ gen=2250 : 11.448700 (top1=770 top2=636) rank_used=0 chosen=770 marge_decisionnelle=11.448700
info:   marge top1-top2 @ gen=2251 : 10.093880 (top1=636 top2=1248) rank_used=0 chosen=636 marge_decisionnelle=10.093880
info:   marge top1-top2 @ gen=2252 : 8.791689 (top1=4702 top2=31995) rank_used=0 chosen=4702 marge_decisionnelle=8.791689
info:   marge top1-top2 @ gen=2253 : 8.809017 (top1=500 top2=1150) rank_used=0 chosen=500 marge_decisionnelle=8.809017
info:   marge top1-top2 @ gen=2254 : 10.545758 (top1=929 top2=690) rank_used=0 chosen=929 marge_decisionnelle=10.545758
info:   marge top1-top2 @ gen=2255 : 13.306480 (top1=1270 top2=556) rank_used=0 chosen=1270 marge_decisionnelle=13.306480
info:   marge top1-top2 @ gen=2256 : 11.696583 (top1=3037 top2=723) rank_used=0 chosen=3037 marge_decisionnelle=11.696583
info:   marge top1-top2 @ gen=2257 : 12.332653 (top1=623 top2=2789) rank_used=0 chosen=623 marge_decisionnelle=12.332653
info:   marge top1-top2 @ gen=2258 : 11.971986 (top1=15307 top2=13596) rank_used=0 chosen=15307 marge_decisionnelle=11.971986
info:   marge top1-top2 @ gen=2259 : 6.726553 (top1=8328 top2=30049) rank_used=0 chosen=8328 marge_decisionnelle=6.726553
info:   marge top1-top2 @ gen=2260 : 14.401364 (top1=236775 top2=236789) rank_used=0 chosen=236775 marge_decisionnelle=14.401364
info:   marge top1-top2 @ gen=2261 : 8.634233 (top1=39924 top2=222544) rank_used=0 chosen=39924 marge_decisionnelle=8.634233
info:   marge top1-top2 @ gen=2262 : 12.627771 (top1=2947 top2=28539) rank_used=0 chosen=2947 marge_decisionnelle=12.627771
info:   marge top1-top2 @ gen=2263 : 10.124534 (top1=636 top2=1248) rank_used=0 chosen=636 marge_decisionnelle=10.124534
info:   marge top1-top2 @ gen=2264 : 13.466307 (top1=2972 top2=120761) rank_used=0 chosen=2972 marge_decisionnelle=13.466307
info:   marge top1-top2 @ gen=2265 : 8.668295 (top1=2811 top2=3518) rank_used=0 chosen=2811 marge_decisionnelle=8.668295
info:   marge top1-top2 @ gen=2266 : 14.414465 (top1=3229 top2=16107) rank_used=0 chosen=3229 marge_decisionnelle=14.414465
info:   marge top1-top2 @ gen=2267 : 10.712642 (top1=13969 top2=50157) rank_used=0 chosen=13969 marge_decisionnelle=10.712642
info:   marge top1-top2 @ gen=2268 : 12.992888 (top1=1008 top2=570) rank_used=0 chosen=1008 marge_decisionnelle=12.992888
info:   marge top1-top2 @ gen=2269 : 10.325123 (top1=1608 top2=40300) rank_used=0 chosen=1608 marge_decisionnelle=10.325123
info:   marge top1-top2 @ gen=2270 : 5.889950 (top1=40300 top2=146955) rank_used=0 chosen=40300 marge_decisionnelle=5.889950
info:   marge top1-top2 @ gen=2271 : 11.862853 (top1=569 top2=1747) rank_used=0 chosen=569 marge_decisionnelle=11.862853
info:   marge top1-top2 @ gen=2272 : 10.970419 (top1=759 top2=537) rank_used=0 chosen=759 marge_decisionnelle=10.970419
info:   marge top1-top2 @ gen=2273 : 8.118521 (top1=22939 top2=81872) rank_used=0 chosen=22939 marge_decisionnelle=8.118521
info:   marge top1-top2 @ gen=2274 : 11.498728 (top1=236761 top2=568) rank_used=0 chosen=236761 marge_decisionnelle=11.498728
info:   marge top1-top2 @ gen=2275 : 8.552490 (top1=27301 top2=50822) rank_used=0 chosen=27301 marge_decisionnelle=8.552490
info:   marge top1-top2 @ gen=2276 : 7.369299 (top1=129120 top2=4313) rank_used=0 chosen=129120 marge_decisionnelle=7.369299
info:   ... step 2304 (2276 générés)
info:   marge top1-top2 @ gen=2277 : 8.540587 (top1=15075 top2=26230) rank_used=0 chosen=15075 marge_decisionnelle=8.540587
info:   marge top1-top2 @ gen=2278 : 10.092815 (top1=569 top2=513) rank_used=0 chosen=569 marge_decisionnelle=10.092815
info:   marge top1-top2 @ gen=2279 : 8.893179 (top1=91920 top2=187135) rank_used=0 chosen=91920 marge_decisionnelle=8.893179
info:   marge top1-top2 @ gen=2280 : 10.980375 (top1=40661 top2=94888) rank_used=0 chosen=40661 marge_decisionnelle=10.980375
info:   marge top1-top2 @ gen=2281 : 7.355104 (top1=68962 top2=27228) rank_used=0 chosen=68962 marge_decisionnelle=7.355104
info:   marge top1-top2 @ gen=2282 : 11.868849 (top1=759 top2=674) rank_used=0 chosen=759 marge_decisionnelle=11.868849
info:   marge top1-top2 @ gen=2283 : 10.777644 (top1=83876 top2=86446) rank_used=0 chosen=83876 marge_decisionnelle=10.777644
info:   marge top1-top2 @ gen=2284 : 13.812900 (top1=569 top2=513) rank_used=0 chosen=569 marge_decisionnelle=13.812900
info:   marge top1-top2 @ gen=2285 : 10.036469 (top1=3313 top2=150741) rank_used=0 chosen=3313 marge_decisionnelle=10.036469
info:   marge top1-top2 @ gen=2286 : 10.797627 (top1=46778 top2=16066) rank_used=0 chosen=46778 marge_decisionnelle=10.797627
info:   marge top1-top2 @ gen=2287 : 13.129154 (top1=9966 top2=33334) rank_used=0 chosen=9966 marge_decisionnelle=13.129154
info:   marge top1-top2 @ gen=2288 : 13.569499 (top1=696 top2=113526) rank_used=0 chosen=696 marge_decisionnelle=13.569499
info:   marge top1-top2 @ gen=2289 : 10.788784 (top1=80334 top2=27122) rank_used=0 chosen=80334 marge_decisionnelle=10.788784
info:   marge top1-top2 @ gen=2290 : 12.583610 (top1=3229 top2=6397) rank_used=0 chosen=3229 marge_decisionnelle=12.583610
info:   marge top1-top2 @ gen=2291 : 11.753132 (top1=56667 top2=94647) rank_used=0 chosen=56667 marge_decisionnelle=11.753132
info:   marge top1-top2 @ gen=2292 : 8.849659 (top1=569 top2=513) rank_used=0 chosen=569 marge_decisionnelle=8.849659
info:   marge top1-top2 @ gen=2293 : 10.471769 (top1=131976 top2=56391) rank_used=0 chosen=131976 marge_decisionnelle=10.471769
info:   marge top1-top2 @ gen=2294 : 15.404754 (top1=853 top2=569) rank_used=0 chosen=853 marge_decisionnelle=15.404754
info:   marge top1-top2 @ gen=2295 : 7.732263 (top1=138905 top2=23505) rank_used=0 chosen=138905 marge_decisionnelle=7.732263
info:   marge top1-top2 @ gen=2296 : 12.205302 (top1=569 top2=513) rank_used=0 chosen=569 marge_decisionnelle=12.205302
info:   marge top1-top2 @ gen=2297 : 7.418402 (top1=50711 top2=31120) rank_used=0 chosen=50711 marge_decisionnelle=7.418402
info:   marge top1-top2 @ gen=2298 : 6.908180 (top1=24562 top2=203434) rank_used=0 chosen=24562 marge_decisionnelle=6.908180
info:   marge top1-top2 @ gen=2299 : 9.572904 (top1=108417 top2=6888) rank_used=0 chosen=108417 marge_decisionnelle=9.572904
info:   marge top1-top2 @ gen=2300 : 8.465033 (top1=703 top2=785) rank_used=0 chosen=703 marge_decisionnelle=8.465033
info:   marge top1-top2 @ gen=2301 : 11.226975 (top1=236761 top2=568) rank_used=0 chosen=236761 marge_decisionnelle=11.226975
info:   marge top1-top2 @ gen=2302 : 5.180426 (top1=954 top2=1454) rank_used=0 chosen=954 marge_decisionnelle=5.180426
info:   marge top1-top2 @ gen=2303 : 10.611740 (top1=45518 top2=3480) rank_used=0 chosen=45518 marge_decisionnelle=10.611740
info:   marge top1-top2 @ gen=2304 : 10.984561 (top1=236813 top2=236842) rank_used=0 chosen=236813 marge_decisionnelle=10.984561
info:   marge top1-top2 @ gen=2305 : 10.180212 (top1=107 top2=106) rank_used=0 chosen=107 marge_decisionnelle=10.180212
info:   marge top1-top2 @ gen=2306 : 5.097931 (top1=101 top2=100) rank_used=0 chosen=101 marge_decisionnelle=5.097931
info:   marge top1-top2 @ gen=2307 : 9.246029 (top1=129930 top2=61684) rank_used=0 chosen=129930 marge_decisionnelle=9.246029
info:   marge top1-top2 @ gen=2308 : 10.890444 (top1=3037 top2=5723) rank_used=0 chosen=3037 marge_decisionnelle=10.890444
info:   marge top1-top2 @ gen=2309 : 10.613212 (top1=2049 top2=28620) rank_used=0 chosen=2049 marge_decisionnelle=10.613212
info:   marge top1-top2 @ gen=2310 : 6.806055 (top1=4052 top2=2309) rank_used=0 chosen=4052 marge_decisionnelle=6.806055
info:   marge top1-top2 @ gen=2311 : 13.515798 (top1=569 top2=1747) rank_used=0 chosen=569 marge_decisionnelle=13.515798
info:   marge top1-top2 @ gen=2312 : 11.809061 (top1=759 top2=537) rank_used=0 chosen=759 marge_decisionnelle=11.809061
info:   marge top1-top2 @ gen=2313 : 10.426398 (top1=107058 top2=15307) rank_used=0 chosen=107058 marge_decisionnelle=10.426398
info:   marge top1-top2 @ gen=2314 : 12.256184 (top1=2112 top2=162039) rank_used=0 chosen=2112 marge_decisionnelle=12.256184
info:   marge top1-top2 @ gen=2315 : 9.222841 (top1=118583 top2=8285) rank_used=0 chosen=118583 marge_decisionnelle=9.222841
info:   marge top1-top2 @ gen=2316 : 13.550319 (top1=513 top2=1167) rank_used=0 chosen=513 marge_decisionnelle=13.550319
info:   marge top1-top2 @ gen=2317 : 12.061201 (top1=236789 top2=236858) rank_used=0 chosen=236789 marge_decisionnelle=12.061201
info:   marge top1-top2 @ gen=2318 : 12.454665 (top1=62462 top2=82839) rank_used=0 chosen=62462 marge_decisionnelle=12.454665
info:   marge top1-top2 @ gen=2319 : 12.230124 (top1=696 top2=909) rank_used=0 chosen=696 marge_decisionnelle=12.230124
info:   marge top1-top2 @ gen=2320 : 8.194716 (top1=22865 top2=12409) rank_used=0 chosen=22865 marge_decisionnelle=8.194716
info:   marge top1-top2 @ gen=2321 : 9.969131 (top1=37485 top2=147516) rank_used=0 chosen=37485 marge_decisionnelle=9.969131
info:   marge top1-top2 @ gen=2322 : 11.049149 (top1=1017 top2=236761) rank_used=0 chosen=1017 marge_decisionnelle=11.049149
info:   marge top1-top2 @ gen=2323 : 13.076452 (top1=108 top2=236743) rank_used=0 chosen=108 marge_decisionnelle=13.076452
info:   marge top1-top2 @ gen=2324 : 12.312996 (top1=4967 top2=3258) rank_used=0 chosen=4967 marge_decisionnelle=12.312996
info:   marge top1-top2 @ gen=2325 : 9.403776 (top1=107058 top2=15307) rank_used=0 chosen=107058 marge_decisionnelle=9.403776
info:   marge top1-top2 @ gen=2326 : 12.583824 (top1=2112 top2=239615) rank_used=0 chosen=2112 marge_decisionnelle=12.583824
info:   marge top1-top2 @ gen=2327 : 8.146614 (top1=118583 top2=8285) rank_used=0 chosen=118583 marge_decisionnelle=8.146614
info:   marge top1-top2 @ gen=2328 : 13.222921 (top1=513 top2=1167) rank_used=0 chosen=513 marge_decisionnelle=13.222921
info:   marge top1-top2 @ gen=2329 : 12.028761 (top1=236789 top2=756) rank_used=0 chosen=236789 marge_decisionnelle=12.028761
info:   marge top1-top2 @ gen=2330 : 12.482149 (top1=62462 top2=82839) rank_used=0 chosen=62462 marge_decisionnelle=12.482149
info:   marge top1-top2 @ gen=2331 : 12.577289 (top1=1009 top2=568) rank_used=0 chosen=1009 marge_decisionnelle=12.577289
info:   marge top1-top2 @ gen=2332 : 11.460851 (top1=3037 top2=2253) rank_used=0 chosen=3037 marge_decisionnelle=11.460851
info:   marge top1-top2 @ gen=2333 : 10.709436 (top1=9939 top2=64836) rank_used=0 chosen=9939 marge_decisionnelle=10.709436
info:   marge top1-top2 @ gen=2334 : 12.267369 (top1=2947 top2=28539) rank_used=0 chosen=2947 marge_decisionnelle=12.267369
info:   marge top1-top2 @ gen=2335 : 10.702502 (top1=55844 top2=180348) rank_used=0 chosen=55844 marge_decisionnelle=10.702502
info:   marge top1-top2 @ gen=2336 : 12.547947 (top1=674 top2=759) rank_used=0 chosen=674 marge_decisionnelle=12.547947
info:   marge top1-top2 @ gen=2337 : 10.406237 (top1=28421 top2=97811) rank_used=0 chosen=28421 marge_decisionnelle=10.406237
info:   marge top1-top2 @ gen=2338 : 11.339323 (top1=569 top2=513) rank_used=0 chosen=569 marge_decisionnelle=11.339323
info:   marge top1-top2 @ gen=2339 : 7.178635 (top1=10040 top2=13031) rank_used=0 chosen=10040 marge_decisionnelle=7.178635
info:   marge top1-top2 @ gen=2340 : 14.282816 (top1=513 top2=1167) rank_used=0 chosen=513 marge_decisionnelle=14.282816
info:   marge top1-top2 @ gen=2341 : 11.509213 (top1=236789 top2=236858) rank_used=0 chosen=236789 marge_decisionnelle=11.509213
info:   marge top1-top2 @ gen=2342 : 11.910015 (top1=602 top2=5095) rank_used=0 chosen=602 marge_decisionnelle=11.910015
info:   marge top1-top2 @ gen=2343 : 11.271898 (top1=56667 top2=94647) rank_used=0 chosen=56667 marge_decisionnelle=11.271898
info:   marge top1-top2 @ gen=2344 : 11.953912 (top1=568 top2=9298) rank_used=0 chosen=568 marge_decisionnelle=11.953912
info:   marge top1-top2 @ gen=2345 : 10.626630 (top1=182283 top2=3521) rank_used=0 chosen=182283 marge_decisionnelle=10.626630
info:   marge top1-top2 @ gen=2346 : 11.107435 (top1=723 top2=602) rank_used=0 chosen=723 marge_decisionnelle=11.107435
info:   marge top1-top2 @ gen=2347 : 11.298523 (top1=92474 top2=128282) rank_used=0 chosen=92474 marge_decisionnelle=11.298523
info:   marge top1-top2 @ gen=2348 : 13.736969 (top1=236768 top2=237214) rank_used=0 chosen=236768 marge_decisionnelle=13.736969
info:   marge top1-top2 @ gen=2349 : 11.909668 (top1=1608 top2=3229) rank_used=0 chosen=1608 marge_decisionnelle=11.909668
info:   marge top1-top2 @ gen=2350 : 11.552682 (top1=723 top2=5095) rank_used=0 chosen=723 marge_decisionnelle=11.552682
info:   marge top1-top2 @ gen=2351 : 10.627254 (top1=9062 top2=30020) rank_used=0 chosen=9062 marge_decisionnelle=10.627254
info:   marge top1-top2 @ gen=2352 : 10.706326 (top1=125091 top2=207771) rank_used=0 chosen=125091 marge_decisionnelle=10.706326
info:   marge top1-top2 @ gen=2353 : 11.032751 (top1=569 top2=513) rank_used=0 chosen=569 marge_decisionnelle=11.032751
info:   marge top1-top2 @ gen=2354 : 10.499967 (top1=60588 top2=4171) rank_used=0 chosen=60588 marge_decisionnelle=10.499967
info:   marge top1-top2 @ gen=2355 : 12.502703 (top1=3349 top2=2637) rank_used=0 chosen=3349 marge_decisionnelle=12.502703
info:   marge top1-top2 @ gen=2356 : 11.972527 (top1=569 top2=513) rank_used=0 chosen=569 marge_decisionnelle=11.972527
info:   marge top1-top2 @ gen=2357 : 12.279322 (top1=12727 top2=51635) rank_used=0 chosen=12727 marge_decisionnelle=12.279322
info:   marge top1-top2 @ gen=2358 : 10.222366 (top1=1190 top2=498) rank_used=0 chosen=1190 marge_decisionnelle=10.222366
info:   marge top1-top2 @ gen=2359 : 10.401927 (top1=193336 top2=14293) rank_used=0 chosen=193336 marge_decisionnelle=10.401927
info:   marge top1-top2 @ gen=2360 : 10.653452 (top1=236761 top2=568) rank_used=0 chosen=236761 marge_decisionnelle=10.653452
info:   marge top1-top2 @ gen=2361 : 11.419512 (top1=16107 top2=36928) rank_used=0 chosen=16107 marge_decisionnelle=11.419512
info:   marge top1-top2 @ gen=2362 : 11.064063 (top1=20995 top2=185817) rank_used=0 chosen=20995 marge_decisionnelle=11.064063
info:   marge top1-top2 @ gen=2363 : 8.906689 (top1=569 top2=513) rank_used=0 chosen=569 marge_decisionnelle=8.906689
info:   marge top1-top2 @ gen=2364 : 9.200048 (top1=150741 top2=47924) rank_used=0 chosen=150741 marge_decisionnelle=9.200048
info:   marge top1-top2 @ gen=2365 : 12.872375 (top1=1640 top2=853) rank_used=0 chosen=1640 marge_decisionnelle=12.872375
info:   marge top1-top2 @ gen=2366 : 9.643760 (top1=3381 top2=153747) rank_used=0 chosen=3381 marge_decisionnelle=9.643760
info:   marge top1-top2 @ gen=2367 : 10.236494 (top1=4154 top2=28256) rank_used=0 chosen=4154 marge_decisionnelle=10.236494
info:   marge top1-top2 @ gen=2368 : 9.841803 (top1=23371 top2=33761) rank_used=0 chosen=23371 marge_decisionnelle=9.841803
info:   marge top1-top2 @ gen=2369 : 8.854659 (top1=2417 top2=3658) rank_used=0 chosen=2417 marge_decisionnelle=8.854659
info:   marge top1-top2 @ gen=2370 : 13.759350 (top1=513 top2=1167) rank_used=0 chosen=513 marge_decisionnelle=13.759350
info:   marge top1-top2 @ gen=2371 : 11.714727 (top1=236789 top2=236858) rank_used=0 chosen=236789 marge_decisionnelle=11.714727
info:   marge top1-top2 @ gen=2372 : 10.530033 (top1=2253 top2=602) rank_used=0 chosen=2253 marge_decisionnelle=10.530033
info:   marge top1-top2 @ gen=2373 : 9.615780 (top1=20412 top2=23376) rank_used=0 chosen=20412 marge_decisionnelle=9.615780
info:   marge top1-top2 @ gen=2374 : 10.486765 (top1=56556 top2=80214) rank_used=0 chosen=56556 marge_decisionnelle=10.486765
info:   marge top1-top2 @ gen=2375 : 11.474197 (top1=236764 top2=568) rank_used=0 chosen=236764 marge_decisionnelle=11.474197
info:   marge top1-top2 @ gen=2376 : 11.975779 (top1=674 top2=519) rank_used=0 chosen=674 marge_decisionnelle=11.975779
info:   marge top1-top2 @ gen=2377 : 11.853677 (top1=56667 top2=38325) rank_used=0 chosen=56667 marge_decisionnelle=11.853677
info:   marge top1-top2 @ gen=2378 : 11.576599 (top1=770 top2=636) rank_used=0 chosen=770 marge_decisionnelle=11.576599
info:   marge top1-top2 @ gen=2379 : 10.180013 (top1=636 top2=1248) rank_used=0 chosen=636 marge_decisionnelle=10.180013
info:   marge top1-top2 @ gen=2380 : 8.748486 (top1=4702 top2=31995) rank_used=0 chosen=4702 marge_decisionnelle=8.748486
info:   marge top1-top2 @ gen=2381 : 8.761255 (top1=500 top2=1150) rank_used=0 chosen=500 marge_decisionnelle=8.761255
info:   marge top1-top2 @ gen=2382 : 10.524646 (top1=929 top2=690) rank_used=0 chosen=929 marge_decisionnelle=10.524646
info:   marge top1-top2 @ gen=2383 : 13.340998 (top1=1270 top2=556) rank_used=0 chosen=1270 marge_decisionnelle=13.340998
info:   marge top1-top2 @ gen=2384 : 11.646108 (top1=3037 top2=723) rank_used=0 chosen=3037 marge_decisionnelle=11.646108
info:   marge top1-top2 @ gen=2385 : 12.482326 (top1=623 top2=2789) rank_used=0 chosen=623 marge_decisionnelle=12.482326
info:   marge top1-top2 @ gen=2386 : 12.041163 (top1=15307 top2=13596) rank_used=0 chosen=15307 marge_decisionnelle=12.041163
info:   marge top1-top2 @ gen=2387 : 6.410646 (top1=8328 top2=30049) rank_used=0 chosen=8328 marge_decisionnelle=6.410646
info:   marge top1-top2 @ gen=2388 : 14.703925 (top1=236775 top2=236789) rank_used=0 chosen=236775 marge_decisionnelle=14.703925
info:   marge top1-top2 @ gen=2389 : 8.506094 (top1=39924 top2=222544) rank_used=0 chosen=39924 marge_decisionnelle=8.506094
info:   marge top1-top2 @ gen=2390 : 12.626655 (top1=2947 top2=28539) rank_used=0 chosen=2947 marge_decisionnelle=12.626655
info:   marge top1-top2 @ gen=2391 : 10.137611 (top1=636 top2=1248) rank_used=0 chosen=636 marge_decisionnelle=10.137611
info:   marge top1-top2 @ gen=2392 : 13.491221 (top1=2972 top2=120761) rank_used=0 chosen=2972 marge_decisionnelle=13.491221
info:   marge top1-top2 @ gen=2393 : 8.607903 (top1=2811 top2=3518) rank_used=0 chosen=2811 marge_decisionnelle=8.607903
info:   marge top1-top2 @ gen=2394 : 14.490160 (top1=3229 top2=16107) rank_used=0 chosen=3229 marge_decisionnelle=14.490160
info:   marge top1-top2 @ gen=2395 : 10.774491 (top1=13969 top2=50157) rank_used=0 chosen=13969 marge_decisionnelle=10.774491
info:   marge top1-top2 @ gen=2396 : 13.081888 (top1=1008 top2=570) rank_used=0 chosen=1008 marge_decisionnelle=13.081888
info:   marge top1-top2 @ gen=2397 : 10.216879 (top1=1608 top2=40300) rank_used=0 chosen=1608 marge_decisionnelle=10.216879
info:   marge top1-top2 @ gen=2398 : 5.898392 (top1=40300 top2=146955) rank_used=0 chosen=40300 marge_decisionnelle=5.898392
info:   marge top1-top2 @ gen=2399 : 11.892478 (top1=569 top2=1747) rank_used=0 chosen=569 marge_decisionnelle=11.892478
info:   marge top1-top2 @ gen=2400 : 10.833027 (top1=759 top2=537) rank_used=0 chosen=759 marge_decisionnelle=10.833027
info:   marge top1-top2 @ gen=2401 : 8.409864 (top1=22939 top2=81872) rank_used=0 chosen=22939 marge_decisionnelle=8.409864
info:   marge top1-top2 @ gen=2402 : 11.585213 (top1=236761 top2=568) rank_used=0 chosen=236761 marge_decisionnelle=11.585213
info:   marge top1-top2 @ gen=2403 : 8.561686 (top1=27301 top2=50822) rank_used=0 chosen=27301 marge_decisionnelle=8.561686
info:   marge top1-top2 @ gen=2404 : 7.268927 (top1=129120 top2=4313) rank_used=0 chosen=129120 marge_decisionnelle=7.268927
info:   marge top1-top2 @ gen=2405 : 8.468990 (top1=15075 top2=26230) rank_used=0 chosen=15075 marge_decisionnelle=8.468990
info:   marge top1-top2 @ gen=2406 : 10.060930 (top1=569 top2=513) rank_used=0 chosen=569 marge_decisionnelle=10.060930
info:   marge top1-top2 @ gen=2407 : 8.838509 (top1=91920 top2=187135) rank_used=0 chosen=91920 marge_decisionnelle=8.838509
info:   marge top1-top2 @ gen=2408 : 10.961923 (top1=40661 top2=94888) rank_used=0 chosen=40661 marge_decisionnelle=10.961923
info:   marge top1-top2 @ gen=2409 : 7.513302 (top1=68962 top2=27228) rank_used=0 chosen=68962 marge_decisionnelle=7.513302
info:   marge top1-top2 @ gen=2410 : 11.927841 (top1=759 top2=674) rank_used=0 chosen=759 marge_decisionnelle=11.927841
info:   marge top1-top2 @ gen=2411 : 10.884495 (top1=83876 top2=86446) rank_used=0 chosen=83876 marge_decisionnelle=10.884495
info:   marge top1-top2 @ gen=2412 : 13.961006 (top1=569 top2=513) rank_used=0 chosen=569 marge_decisionnelle=13.961006
info:   marge top1-top2 @ gen=2413 : 10.133191 (top1=3313 top2=150741) rank_used=0 chosen=3313 marge_decisionnelle=10.133191
info:   marge top1-top2 @ gen=2414 : 10.790215 (top1=46778 top2=16066) rank_used=0 chosen=46778 marge_decisionnelle=10.790215
info:   marge top1-top2 @ gen=2415 : 13.160121 (top1=9966 top2=33334) rank_used=0 chosen=9966 marge_decisionnelle=13.160121
info:   marge top1-top2 @ gen=2416 : 13.555188 (top1=696 top2=113526) rank_used=0 chosen=696 marge_decisionnelle=13.555188
info:   marge top1-top2 @ gen=2417 : 10.824827 (top1=80334 top2=9841) rank_used=0 chosen=80334 marge_decisionnelle=10.824827
info:   marge top1-top2 @ gen=2418 : 12.598878 (top1=3229 top2=6397) rank_used=0 chosen=3229 marge_decisionnelle=12.598878
info:   marge top1-top2 @ gen=2419 : 11.704184 (top1=56667 top2=94647) rank_used=0 chosen=56667 marge_decisionnelle=11.704184
info:   marge top1-top2 @ gen=2420 : 9.061827 (top1=569 top2=513) rank_used=0 chosen=569 marge_decisionnelle=9.061827
info:   marge top1-top2 @ gen=2421 : 10.271456 (top1=131976 top2=56391) rank_used=0 chosen=131976 marge_decisionnelle=10.271456
info:   marge top1-top2 @ gen=2422 : 15.492829 (top1=853 top2=569) rank_used=0 chosen=853 marge_decisionnelle=15.492829
info:   marge top1-top2 @ gen=2423 : 7.717288 (top1=138905 top2=23505) rank_used=0 chosen=138905 marge_decisionnelle=7.717288
info:   marge top1-top2 @ gen=2424 : 12.192363 (top1=569 top2=513) rank_used=0 chosen=569 marge_decisionnelle=12.192363
info:   marge top1-top2 @ gen=2425 : 7.590406 (top1=50711 top2=31120) rank_used=0 chosen=50711 marge_decisionnelle=7.590406
info:   marge top1-top2 @ gen=2426 : 6.981760 (top1=24562 top2=203434) rank_used=0 chosen=24562 marge_decisionnelle=6.981760
info:   marge top1-top2 @ gen=2427 : 9.586732 (top1=108417 top2=6888) rank_used=0 chosen=108417 marge_decisionnelle=9.586732
info:   marge top1-top2 @ gen=2428 : 8.599035 (top1=703 top2=785) rank_used=0 chosen=703 marge_decisionnelle=8.599035
info:   marge top1-top2 @ gen=2429 : 11.317537 (top1=236761 top2=568) rank_used=0 chosen=236761 marge_decisionnelle=11.317537
info:   marge top1-top2 @ gen=2430 : 5.200672 (top1=954 top2=1454) rank_used=0 chosen=954 marge_decisionnelle=5.200672
info:   marge top1-top2 @ gen=2431 : 10.531565 (top1=45518 top2=3480) rank_used=0 chosen=45518 marge_decisionnelle=10.531565
info:   marge top1-top2 @ gen=2432 : 10.846089 (top1=236813 top2=236842) rank_used=0 chosen=236813 marge_decisionnelle=10.846089
info:   marge top1-top2 @ gen=2433 : 10.202229 (top1=107 top2=106) rank_used=0 chosen=107 marge_decisionnelle=10.202229
info:   marge top1-top2 @ gen=2434 : 5.198830 (top1=101 top2=100) rank_used=0 chosen=101 marge_decisionnelle=5.198830
info:   marge top1-top2 @ gen=2435 : 9.271287 (top1=129930 top2=8291) rank_used=0 chosen=129930 marge_decisionnelle=9.271287
info:   marge top1-top2 @ gen=2436 : 10.953610 (top1=3037 top2=5723) rank_used=0 chosen=3037 marge_decisionnelle=10.953610
info:   marge top1-top2 @ gen=2437 : 10.630550 (top1=2049 top2=28620) rank_used=0 chosen=2049 marge_decisionnelle=10.630550
info:   marge top1-top2 @ gen=2438 : 7.642227 (top1=4052 top2=2309) rank_used=0 chosen=4052 marge_decisionnelle=7.642227
info:   marge top1-top2 @ gen=2439 : 13.328133 (top1=569 top2=1747) rank_used=0 chosen=569 marge_decisionnelle=13.328133
info:   marge top1-top2 @ gen=2440 : 11.838205 (top1=759 top2=537) rank_used=0 chosen=759 marge_decisionnelle=11.838205
info:   marge top1-top2 @ gen=2441 : 10.543330 (top1=107058 top2=15307) rank_used=0 chosen=107058 marge_decisionnelle=10.543330
info:   marge top1-top2 @ gen=2442 : 12.285035 (top1=2112 top2=162039) rank_used=0 chosen=2112 marge_decisionnelle=12.285035
info:   marge top1-top2 @ gen=2443 : 8.817093 (top1=118583 top2=8285) rank_used=0 chosen=118583 marge_decisionnelle=8.817093
info:   marge top1-top2 @ gen=2444 : 13.621538 (top1=513 top2=1167) rank_used=0 chosen=513 marge_decisionnelle=13.621538
info:   marge top1-top2 @ gen=2445 : 13.674156 (top1=236789 top2=236858) rank_used=0 chosen=236789 marge_decisionnelle=13.674156
info:   marge top1-top2 @ gen=2446 : 12.446678 (top1=62462 top2=82839) rank_used=0 chosen=62462 marge_decisionnelle=12.446678
info:   marge top1-top2 @ gen=2447 : 12.483351 (top1=696 top2=909) rank_used=0 chosen=696 marge_decisionnelle=12.483351
info:   marge top1-top2 @ gen=2448 : 8.177132 (top1=22865 top2=12409) rank_used=0 chosen=22865 marge_decisionnelle=8.177132
info:   marge top1-top2 @ gen=2449 : 10.195517 (top1=37485 top2=79845) rank_used=0 chosen=37485 marge_decisionnelle=10.195517
info:   marge top1-top2 @ gen=2450 : 11.118757 (top1=1017 top2=236761) rank_used=0 chosen=1017 marge_decisionnelle=11.118757
info:   marge top1-top2 @ gen=2451 : 13.151671 (top1=108 top2=236743) rank_used=0 chosen=108 marge_decisionnelle=13.151671
info:   marge top1-top2 @ gen=2452 : 12.299904 (top1=4967 top2=3258) rank_used=0 chosen=4967 marge_decisionnelle=12.299904
info:   marge top1-top2 @ gen=2453 : 9.366169 (top1=107058 top2=15307) rank_used=0 chosen=107058 marge_decisionnelle=9.366169
info:   marge top1-top2 @ gen=2454 : 12.631314 (top1=2112 top2=239615) rank_used=0 chosen=2112 marge_decisionnelle=12.631314
info:   marge top1-top2 @ gen=2455 : 8.079592 (top1=118583 top2=8285) rank_used=0 chosen=118583 marge_decisionnelle=8.079592
info:   marge top1-top2 @ gen=2456 : 13.332075 (top1=513 top2=1167) rank_used=0 chosen=513 marge_decisionnelle=13.332075
info:   marge top1-top2 @ gen=2457 : 13.203916 (top1=236789 top2=236858) rank_used=0 chosen=236789 marge_decisionnelle=13.203916
info:   marge top1-top2 @ gen=2458 : 12.418029 (top1=62462 top2=82839) rank_used=0 chosen=62462 marge_decisionnelle=12.418029
info:   marge top1-top2 @ gen=2459 : 12.417649 (top1=1009 top2=568) rank_used=0 chosen=1009 marge_decisionnelle=12.417649
info:   marge top1-top2 @ gen=2460 : 11.331781 (top1=3037 top2=2253) rank_used=0 chosen=3037 marge_decisionnelle=11.331781
info:   marge top1-top2 @ gen=2461 : 10.802524 (top1=9939 top2=64836) rank_used=0 chosen=9939 marge_decisionnelle=10.802524
info:   marge top1-top2 @ gen=2462 : 12.406968 (top1=2947 top2=28539) rank_used=0 chosen=2947 marge_decisionnelle=12.406968
info:   marge top1-top2 @ gen=2463 : 10.616356 (top1=55844 top2=180348) rank_used=0 chosen=55844 marge_decisionnelle=10.616356
info:   marge top1-top2 @ gen=2464 : 12.460664 (top1=674 top2=759) rank_used=0 chosen=674 marge_decisionnelle=12.460664
info:   marge top1-top2 @ gen=2465 : 10.362355 (top1=28421 top2=97811) rank_used=0 chosen=28421 marge_decisionnelle=10.362355
info:   marge top1-top2 @ gen=2466 : 11.232443 (top1=569 top2=513) rank_used=0 chosen=569 marge_decisionnelle=11.232443
info:   marge top1-top2 @ gen=2467 : 9.633098 (top1=10040 top2=13031) rank_used=0 chosen=10040 marge_decisionnelle=9.633098
info:   marge top1-top2 @ gen=2468 : 14.361330 (top1=513 top2=1167) rank_used=0 chosen=513 marge_decisionnelle=14.361330
info:   marge top1-top2 @ gen=2469 : 12.433582 (top1=236789 top2=236858) rank_used=0 chosen=236789 marge_decisionnelle=12.433582
info:   marge top1-top2 @ gen=2470 : 11.779728 (top1=602 top2=5095) rank_used=0 chosen=602 marge_decisionnelle=11.779728
info:   marge top1-top2 @ gen=2471 : 11.290689 (top1=56667 top2=94647) rank_used=0 chosen=56667 marge_decisionnelle=11.290689
info:   marge top1-top2 @ gen=2472 : 12.003087 (top1=568 top2=9298) rank_used=0 chosen=568 marge_decisionnelle=12.003087
info:   marge top1-top2 @ gen=2473 : 10.704284 (top1=182283 top2=3521) rank_used=0 chosen=182283 marge_decisionnelle=10.704284
info:   marge top1-top2 @ gen=2474 : 11.077847 (top1=723 top2=602) rank_used=0 chosen=723 marge_decisionnelle=11.077847
info:   marge top1-top2 @ gen=2475 : 11.619056 (top1=92474 top2=128282) rank_used=0 chosen=92474 marge_decisionnelle=11.619056
info:   marge top1-top2 @ gen=2476 : 13.861019 (top1=236768 top2=237214) rank_used=0 chosen=236768 marge_decisionnelle=13.861019
info:   marge top1-top2 @ gen=2477 : 11.777157 (top1=1608 top2=3229) rank_used=0 chosen=1608 marge_decisionnelle=11.777157
info:   marge top1-top2 @ gen=2478 : 11.662956 (top1=723 top2=5095) rank_used=0 chosen=723 marge_decisionnelle=11.662956
info:   marge top1-top2 @ gen=2479 : 10.592193 (top1=9062 top2=30020) rank_used=0 chosen=9062 marge_decisionnelle=10.592193
info:   marge top1-top2 @ gen=2480 : 10.785375 (top1=125091 top2=207771) rank_used=0 chosen=125091 marge_decisionnelle=10.785375
info:   marge top1-top2 @ gen=2481 : 10.992050 (top1=569 top2=513) rank_used=0 chosen=569 marge_decisionnelle=10.992050
info:   marge top1-top2 @ gen=2482 : 10.563438 (top1=60588 top2=4171) rank_used=0 chosen=60588 marge_decisionnelle=10.563438
info:   marge top1-top2 @ gen=2483 : 12.453190 (top1=3349 top2=2637) rank_used=0 chosen=3349 marge_decisionnelle=12.453190
info:   marge top1-top2 @ gen=2484 : 11.994244 (top1=569 top2=513) rank_used=0 chosen=569 marge_decisionnelle=11.994244
info:   marge top1-top2 @ gen=2485 : 12.417620 (top1=12727 top2=51635) rank_used=0 chosen=12727 marge_decisionnelle=12.417620
info:   marge top1-top2 @ gen=2486 : 10.087993 (top1=1190 top2=498) rank_used=0 chosen=1190 marge_decisionnelle=10.087993
info:   marge top1-top2 @ gen=2487 : 10.435338 (top1=193336 top2=14293) rank_used=0 chosen=193336 marge_decisionnelle=10.435338
info:   marge top1-top2 @ gen=2488 : 10.623074 (top1=236761 top2=568) rank_used=0 chosen=236761 marge_decisionnelle=10.623074
info:   marge top1-top2 @ gen=2489 : 11.397702 (top1=16107 top2=36928) rank_used=0 chosen=16107 marge_decisionnelle=11.397702
info:   marge top1-top2 @ gen=2490 : 11.007916 (top1=20995 top2=185817) rank_used=0 chosen=20995 marge_decisionnelle=11.007916
info:   marge top1-top2 @ gen=2491 : 8.839088 (top1=569 top2=513) rank_used=0 chosen=569 marge_decisionnelle=8.839088
info:   marge top1-top2 @ gen=2492 : 9.130175 (top1=150741 top2=47924) rank_used=0 chosen=150741 marge_decisionnelle=9.130175
info:   marge top1-top2 @ gen=2493 : 12.672810 (top1=1640 top2=853) rank_used=0 chosen=1640 marge_decisionnelle=12.672810
info:   marge top1-top2 @ gen=2494 : 9.738139 (top1=3381 top2=153747) rank_used=0 chosen=3381 marge_decisionnelle=9.738139
info:   marge top1-top2 @ gen=2495 : 10.154465 (top1=4154 top2=28256) rank_used=0 chosen=4154 marge_decisionnelle=10.154465
info:   marge top1-top2 @ gen=2496 : 9.883012 (top1=23371 top2=33761) rank_used=0 chosen=23371 marge_decisionnelle=9.883012
info:   marge top1-top2 @ gen=2497 : 8.981676 (top1=2417 top2=3658) rank_used=0 chosen=2417 marge_decisionnelle=8.981676
info:   marge top1-top2 @ gen=2498 : 13.933908 (top1=513 top2=1167) rank_used=0 chosen=513 marge_decisionnelle=13.933908
info:   marge top1-top2 @ gen=2499 : 11.966765 (top1=236789 top2=236858) rank_used=0 chosen=236789 marge_decisionnelle=11.966765
info:   marge top1-top2 @ gen=2500 : 10.692921 (top1=2253 top2=602) rank_used=0 chosen=2253 marge_decisionnelle=10.692921
info:   marge top1-top2 @ gen=2501 : 9.670372 (top1=20412 top2=23376) rank_used=0 chosen=20412 marge_decisionnelle=9.670372
info:   marge top1-top2 @ gen=2502 : 10.446672 (top1=56556 top2=80214) rank_used=0 chosen=56556 marge_decisionnelle=10.446672
info:   marge top1-top2 @ gen=2503 : 11.544163 (top1=236764 top2=568) rank_used=0 chosen=236764 marge_decisionnelle=11.544163
info:   marge top1-top2 @ gen=2504 : 11.890718 (top1=674 top2=519) rank_used=0 chosen=674 marge_decisionnelle=11.890718
info:   marge top1-top2 @ gen=2505 : 11.903088 (top1=56667 top2=38325) rank_used=0 chosen=56667 marge_decisionnelle=11.903088
info:   marge top1-top2 @ gen=2506 : 11.449598 (top1=770 top2=636) rank_used=0 chosen=770 marge_decisionnelle=11.449598
info:   marge top1-top2 @ gen=2507 : 10.192203 (top1=636 top2=1248) rank_used=0 chosen=636 marge_decisionnelle=10.192203
info:   marge top1-top2 @ gen=2508 : 8.790010 (top1=4702 top2=31995) rank_used=0 chosen=4702 marge_decisionnelle=8.790010
info:   marge top1-top2 @ gen=2509 : 8.694641 (top1=500 top2=1150) rank_used=0 chosen=500 marge_decisionnelle=8.694641
info:   marge top1-top2 @ gen=2510 : 10.465894 (top1=929 top2=690) rank_used=0 chosen=929 marge_decisionnelle=10.465894
info:   marge top1-top2 @ gen=2511 : 13.243351 (top1=1270 top2=556) rank_used=0 chosen=1270 marge_decisionnelle=13.243351
info:   marge top1-top2 @ gen=2512 : 11.666958 (top1=3037 top2=723) rank_used=0 chosen=3037 marge_decisionnelle=11.666958
info:   marge top1-top2 @ gen=2513 : 12.472855 (top1=623 top2=2789) rank_used=0 chosen=623 marge_decisionnelle=12.472855
info:   marge top1-top2 @ gen=2514 : 12.088300 (top1=15307 top2=13596) rank_used=0 chosen=15307 marge_decisionnelle=12.088300
info:   marge top1-top2 @ gen=2515 : 6.341156 (top1=8328 top2=30049) rank_used=0 chosen=8328 marge_decisionnelle=6.341156
info:   marge top1-top2 @ gen=2516 : 14.641011 (top1=236775 top2=236789) rank_used=0 chosen=236775 marge_decisionnelle=14.641011
info:   marge top1-top2 @ gen=2517 : 8.573393 (top1=39924 top2=222544) rank_used=0 chosen=39924 marge_decisionnelle=8.573393
info:   marge top1-top2 @ gen=2518 : 12.535499 (top1=2947 top2=28539) rank_used=0 chosen=2947 marge_decisionnelle=12.535499
info:   marge top1-top2 @ gen=2519 : 10.187723 (top1=636 top2=1248) rank_used=0 chosen=636 marge_decisionnelle=10.187723
info:   marge top1-top2 @ gen=2520 : 13.512301 (top1=2972 top2=120761) rank_used=0 chosen=2972 marge_decisionnelle=13.512301
info:   marge top1-top2 @ gen=2521 : 8.672165 (top1=2811 top2=3518) rank_used=0 chosen=2811 marge_decisionnelle=8.672165
info:   marge top1-top2 @ gen=2522 : 14.379570 (top1=3229 top2=16107) rank_used=0 chosen=3229 marge_decisionnelle=14.379570
info:   marge top1-top2 @ gen=2523 : 10.774433 (top1=13969 top2=50157) rank_used=0 chosen=13969 marge_decisionnelle=10.774433
info:   marge top1-top2 @ gen=2524 : 13.071440 (top1=1008 top2=570) rank_used=0 chosen=1008 marge_decisionnelle=13.071440
info:   marge top1-top2 @ gen=2525 : 10.313919 (top1=1608 top2=40300) rank_used=0 chosen=1608 marge_decisionnelle=10.313919
info:   marge top1-top2 @ gen=2526 : 5.986622 (top1=40300 top2=146955) rank_used=0 chosen=40300 marge_decisionnelle=5.986622
info:   marge top1-top2 @ gen=2527 : 11.983324 (top1=569 top2=1747) rank_used=0 chosen=569 marge_decisionnelle=11.983324
info:   marge top1-top2 @ gen=2528 : 10.813763 (top1=759 top2=537) rank_used=0 chosen=759 marge_decisionnelle=10.813763
info:   marge top1-top2 @ gen=2529 : 8.180384 (top1=22939 top2=81872) rank_used=0 chosen=22939 marge_decisionnelle=8.180384
info:   marge top1-top2 @ gen=2530 : 11.467863 (top1=236761 top2=568) rank_used=0 chosen=236761 marge_decisionnelle=11.467863
info:   marge top1-top2 @ gen=2531 : 8.532175 (top1=27301 top2=50822) rank_used=0 chosen=27301 marge_decisionnelle=8.532175
info:   marge top1-top2 @ gen=2532 : 7.276043 (top1=129120 top2=4313) rank_used=0 chosen=129120 marge_decisionnelle=7.276043
info:   ... step 2560 (2532 générés)
info:   marge top1-top2 @ gen=2533 : 8.460988 (top1=15075 top2=26230) rank_used=0 chosen=15075 marge_decisionnelle=8.460988
info:   marge top1-top2 @ gen=2534 : 9.949383 (top1=569 top2=513) rank_used=0 chosen=569 marge_decisionnelle=9.949383
info:   marge top1-top2 @ gen=2535 : 8.914040 (top1=91920 top2=187135) rank_used=0 chosen=91920 marge_decisionnelle=8.914040
info:   marge top1-top2 @ gen=2536 : 11.051017 (top1=40661 top2=94888) rank_used=0 chosen=40661 marge_decisionnelle=11.051017
info:   marge top1-top2 @ gen=2537 : 7.274237 (top1=68962 top2=27228) rank_used=0 chosen=68962 marge_decisionnelle=7.274237
info:   marge top1-top2 @ gen=2538 : 11.958558 (top1=759 top2=674) rank_used=0 chosen=759 marge_decisionnelle=11.958558
info:   marge top1-top2 @ gen=2539 : 10.815467 (top1=83876 top2=86446) rank_used=0 chosen=83876 marge_decisionnelle=10.815467
info:   marge top1-top2 @ gen=2540 : 13.874182 (top1=569 top2=513) rank_used=0 chosen=569 marge_decisionnelle=13.874182
info:   marge top1-top2 @ gen=2541 : 10.162455 (top1=3313 top2=150741) rank_used=0 chosen=3313 marge_decisionnelle=10.162455
info:   marge top1-top2 @ gen=2542 : 10.907852 (top1=46778 top2=16066) rank_used=0 chosen=46778 marge_decisionnelle=10.907852
info:   marge top1-top2 @ gen=2543 : 13.191090 (top1=9966 top2=33334) rank_used=0 chosen=9966 marge_decisionnelle=13.191090
info:   marge top1-top2 @ gen=2544 : 13.519441 (top1=696 top2=113526) rank_used=0 chosen=696 marge_decisionnelle=13.519441
info:   marge top1-top2 @ gen=2545 : 10.950318 (top1=80334 top2=9841) rank_used=0 chosen=80334 marge_decisionnelle=10.950318
info:   marge top1-top2 @ gen=2546 : 12.752256 (top1=3229 top2=6397) rank_used=0 chosen=3229 marge_decisionnelle=12.752256
info:   marge top1-top2 @ gen=2547 : 11.753884 (top1=56667 top2=94647) rank_used=0 chosen=56667 marge_decisionnelle=11.753884
info:   marge top1-top2 @ gen=2548 : 8.865406 (top1=569 top2=513) rank_used=0 chosen=569 marge_decisionnelle=8.865406
info:   marge top1-top2 @ gen=2549 : 10.299687 (top1=131976 top2=56391) rank_used=0 chosen=131976 marge_decisionnelle=10.299687
info:   marge top1-top2 @ gen=2550 : 15.504192 (top1=853 top2=569) rank_used=0 chosen=853 marge_decisionnelle=15.504192
info:   marge top1-top2 @ gen=2551 : 7.749913 (top1=138905 top2=23505) rank_used=0 chosen=138905 marge_decisionnelle=7.749913
info:   marge top1-top2 @ gen=2552 : 12.314500 (top1=569 top2=513) rank_used=0 chosen=569 marge_decisionnelle=12.314500
info:   marge top1-top2 @ gen=2553 : 7.683527 (top1=50711 top2=31120) rank_used=0 chosen=50711 marge_decisionnelle=7.683527
info:   marge top1-top2 @ gen=2554 : 6.863064 (top1=24562 top2=203434) rank_used=0 chosen=24562 marge_decisionnelle=6.863064
info:   marge top1-top2 @ gen=2555 : 9.648006 (top1=108417 top2=6888) rank_used=0 chosen=108417 marge_decisionnelle=9.648006
info:   marge top1-top2 @ gen=2556 : 8.656719 (top1=703 top2=785) rank_used=0 chosen=703 marge_decisionnelle=8.656719
info:   marge top1-top2 @ gen=2557 : 10.961412 (top1=236761 top2=568) rank_used=0 chosen=236761 marge_decisionnelle=10.961412
info:   marge top1-top2 @ gen=2558 : 5.193171 (top1=954 top2=1454) rank_used=0 chosen=954 marge_decisionnelle=5.193171
info:   marge top1-top2 @ gen=2559 : 10.459562 (top1=45518 top2=3480) rank_used=0 chosen=45518 marge_decisionnelle=10.459562
info:   marge top1-top2 @ gen=2560 : 10.759378 (top1=236813 top2=236842) rank_used=0 chosen=236813 marge_decisionnelle=10.759378
info:   marge top1-top2 @ gen=2561 : 10.066088 (top1=107 top2=106) rank_used=0 chosen=107 marge_decisionnelle=10.066088
info:   marge top1-top2 @ gen=2562 : 5.335489 (top1=101 top2=100) rank_used=0 chosen=101 marge_decisionnelle=5.335489
info:   marge top1-top2 @ gen=2563 : 9.210817 (top1=129930 top2=8291) rank_used=0 chosen=129930 marge_decisionnelle=9.210817
info:   marge top1-top2 @ gen=2564 : 10.911567 (top1=3037 top2=5723) rank_used=0 chosen=3037 marge_decisionnelle=10.911567
info:   marge top1-top2 @ gen=2565 : 10.803617 (top1=2049 top2=28620) rank_used=0 chosen=2049 marge_decisionnelle=10.803617
info:   marge top1-top2 @ gen=2566 : 7.521353 (top1=4052 top2=2309) rank_used=0 chosen=4052 marge_decisionnelle=7.521353
info:   marge top1-top2 @ gen=2567 : 13.350841 (top1=569 top2=1747) rank_used=0 chosen=569 marge_decisionnelle=13.350841
info:   marge top1-top2 @ gen=2568 : 11.898885 (top1=759 top2=537) rank_used=0 chosen=759 marge_decisionnelle=11.898885
info:   marge top1-top2 @ gen=2569 : 10.590364 (top1=107058 top2=15307) rank_used=0 chosen=107058 marge_decisionnelle=10.590364
info:   marge top1-top2 @ gen=2570 : 12.165874 (top1=2112 top2=239615) rank_used=0 chosen=2112 marge_decisionnelle=12.165874
info:   marge top1-top2 @ gen=2571 : 9.090974 (top1=118583 top2=8285) rank_used=0 chosen=118583 marge_decisionnelle=9.090974
info:   marge top1-top2 @ gen=2572 : 13.672164 (top1=513 top2=1167) rank_used=0 chosen=513 marge_decisionnelle=13.672164
info:   marge top1-top2 @ gen=2573 : 13.435685 (top1=236789 top2=236858) rank_used=0 chosen=236789 marge_decisionnelle=13.435685
info:   marge top1-top2 @ gen=2574 : 12.392405 (top1=62462 top2=82839) rank_used=0 chosen=62462 marge_decisionnelle=12.392405
info:   marge top1-top2 @ gen=2575 : 12.234648 (top1=696 top2=909) rank_used=0 chosen=696 marge_decisionnelle=12.234648
info:   marge top1-top2 @ gen=2576 : 8.177204 (top1=22865 top2=12409) rank_used=0 chosen=22865 marge_decisionnelle=8.177204
info:   marge top1-top2 @ gen=2577 : 10.146692 (top1=37485 top2=79845) rank_used=0 chosen=37485 marge_decisionnelle=10.146692
info:   marge top1-top2 @ gen=2578 : 11.100147 (top1=1017 top2=236761) rank_used=0 chosen=1017 marge_decisionnelle=11.100147
info:   marge top1-top2 @ gen=2579 : 13.147895 (top1=108 top2=236743) rank_used=0 chosen=108 marge_decisionnelle=13.147895
info:   marge top1-top2 @ gen=2580 : 12.297787 (top1=4967 top2=3258) rank_used=0 chosen=4967 marge_decisionnelle=12.297787
info:   marge top1-top2 @ gen=2581 : 9.431470 (top1=107058 top2=15307) rank_used=0 chosen=107058 marge_decisionnelle=9.431470
info:   marge top1-top2 @ gen=2582 : 12.496784 (top1=2112 top2=239615) rank_used=0 chosen=2112 marge_decisionnelle=12.496784
info:   marge top1-top2 @ gen=2583 : 8.140266 (top1=118583 top2=8285) rank_used=0 chosen=118583 marge_decisionnelle=8.140266
info:   marge top1-top2 @ gen=2584 : 13.327827 (top1=513 top2=1167) rank_used=0 chosen=513 marge_decisionnelle=13.327827
info:   marge top1-top2 @ gen=2585 : 12.202183 (top1=236789 top2=236858) rank_used=0 chosen=236789 marge_decisionnelle=12.202183
info:   marge top1-top2 @ gen=2586 : 12.394571 (top1=62462 top2=82839) rank_used=0 chosen=62462 marge_decisionnelle=12.394571
info:   marge top1-top2 @ gen=2587 : 12.747050 (top1=1009 top2=598) rank_used=0 chosen=1009 marge_decisionnelle=12.747050
info:   marge top1-top2 @ gen=2588 : 11.457685 (top1=3037 top2=2253) rank_used=0 chosen=3037 marge_decisionnelle=11.457685
info:   marge top1-top2 @ gen=2589 : 10.736766 (top1=9939 top2=64836) rank_used=0 chosen=9939 marge_decisionnelle=10.736766
info:   marge top1-top2 @ gen=2590 : 12.394829 (top1=2947 top2=28539) rank_used=0 chosen=2947 marge_decisionnelle=12.394829
info:   marge top1-top2 @ gen=2591 : 10.628613 (top1=55844 top2=180348) rank_used=0 chosen=55844 marge_decisionnelle=10.628613
info:   marge top1-top2 @ gen=2592 : 12.641255 (top1=674 top2=759) rank_used=0 chosen=674 marge_decisionnelle=12.641255
info:   marge top1-top2 @ gen=2593 : 10.432146 (top1=28421 top2=97811) rank_used=0 chosen=28421 marge_decisionnelle=10.432146
info:   marge top1-top2 @ gen=2594 : 11.239798 (top1=569 top2=513) rank_used=0 chosen=569 marge_decisionnelle=11.239798
info:   marge top1-top2 @ gen=2595 : 9.419598 (top1=10040 top2=13031) rank_used=0 chosen=10040 marge_decisionnelle=9.419598
info:   marge top1-top2 @ gen=2596 : 14.380301 (top1=513 top2=1167) rank_used=0 chosen=513 marge_decisionnelle=14.380301
info:   marge top1-top2 @ gen=2597 : 12.214663 (top1=236789 top2=236858) rank_used=0 chosen=236789 marge_decisionnelle=12.214663
info:   marge top1-top2 @ gen=2598 : 11.790279 (top1=602 top2=5095) rank_used=0 chosen=602 marge_decisionnelle=11.790279
info:   marge top1-top2 @ gen=2599 : 11.200693 (top1=56667 top2=94647) rank_used=0 chosen=56667 marge_decisionnelle=11.200693
info:   marge top1-top2 @ gen=2600 : 11.735403 (top1=568 top2=9298) rank_used=0 chosen=568 marge_decisionnelle=11.735403
info:   marge top1-top2 @ gen=2601 : 10.763005 (top1=182283 top2=3521) rank_used=0 chosen=182283 marge_decisionnelle=10.763005
info:   marge top1-top2 @ gen=2602 : 11.011369 (top1=723 top2=602) rank_used=0 chosen=723 marge_decisionnelle=11.011369
info:   marge top1-top2 @ gen=2603 : 11.481050 (top1=92474 top2=128282) rank_used=0 chosen=92474 marge_decisionnelle=11.481050
info:   marge top1-top2 @ gen=2604 : 13.886342 (top1=236768 top2=237214) rank_used=0 chosen=236768 marge_decisionnelle=13.886342
info:   marge top1-top2 @ gen=2605 : 11.737929 (top1=1608 top2=3229) rank_used=0 chosen=1608 marge_decisionnelle=11.737929
info:   marge top1-top2 @ gen=2606 : 11.722951 (top1=723 top2=602) rank_used=0 chosen=723 marge_decisionnelle=11.722951
info:   marge top1-top2 @ gen=2607 : 10.633609 (top1=9062 top2=30020) rank_used=0 chosen=9062 marge_decisionnelle=10.633609
info:   marge top1-top2 @ gen=2608 : 10.633466 (top1=125091 top2=207771) rank_used=0 chosen=125091 marge_decisionnelle=10.633466
info:   marge top1-top2 @ gen=2609 : 11.075731 (top1=569 top2=513) rank_used=0 chosen=569 marge_decisionnelle=11.075731
info:   marge top1-top2 @ gen=2610 : 10.585760 (top1=60588 top2=4171) rank_used=0 chosen=60588 marge_decisionnelle=10.585760
info:   marge top1-top2 @ gen=2611 : 12.466330 (top1=3349 top2=2637) rank_used=0 chosen=3349 marge_decisionnelle=12.466330
info:   marge top1-top2 @ gen=2612 : 12.065090 (top1=569 top2=513) rank_used=0 chosen=569 marge_decisionnelle=12.065090
info:   marge top1-top2 @ gen=2613 : 12.458315 (top1=12727 top2=51635) rank_used=0 chosen=12727 marge_decisionnelle=12.458315
info:   marge top1-top2 @ gen=2614 : 10.139767 (top1=1190 top2=498) rank_used=0 chosen=1190 marge_decisionnelle=10.139767
info:   marge top1-top2 @ gen=2615 : 10.479377 (top1=193336 top2=70438) rank_used=0 chosen=193336 marge_decisionnelle=10.479377
info:   marge top1-top2 @ gen=2616 : 10.685759 (top1=236761 top2=568) rank_used=0 chosen=236761 marge_decisionnelle=10.685759
info:   marge top1-top2 @ gen=2617 : 11.456329 (top1=16107 top2=36928) rank_used=0 chosen=16107 marge_decisionnelle=11.456329
info:   marge top1-top2 @ gen=2618 : 11.074130 (top1=20995 top2=75388) rank_used=0 chosen=20995 marge_decisionnelle=11.074130
info:   marge top1-top2 @ gen=2619 : 8.860117 (top1=569 top2=513) rank_used=0 chosen=569 marge_decisionnelle=8.860117
info:   marge top1-top2 @ gen=2620 : 9.168127 (top1=150741 top2=47924) rank_used=0 chosen=150741 marge_decisionnelle=9.168127
info:   marge top1-top2 @ gen=2621 : 12.845059 (top1=1640 top2=853) rank_used=0 chosen=1640 marge_decisionnelle=12.845059
info:   marge top1-top2 @ gen=2622 : 9.782739 (top1=3381 top2=153747) rank_used=0 chosen=3381 marge_decisionnelle=9.782739
info:   marge top1-top2 @ gen=2623 : 10.147390 (top1=4154 top2=28256) rank_used=0 chosen=4154 marge_decisionnelle=10.147390
info:   marge top1-top2 @ gen=2624 : 9.843340 (top1=23371 top2=33761) rank_used=0 chosen=23371 marge_decisionnelle=9.843340
info:   marge top1-top2 @ gen=2625 : 8.999424 (top1=2417 top2=3658) rank_used=0 chosen=2417 marge_decisionnelle=8.999424
info:   marge top1-top2 @ gen=2626 : 13.884611 (top1=513 top2=1167) rank_used=0 chosen=513 marge_decisionnelle=13.884611
info:   marge top1-top2 @ gen=2627 : 12.214159 (top1=236789 top2=236858) rank_used=0 chosen=236789 marge_decisionnelle=12.214159
info:   marge top1-top2 @ gen=2628 : 10.429819 (top1=2253 top2=602) rank_used=0 chosen=2253 marge_decisionnelle=10.429819
info:   marge top1-top2 @ gen=2629 : 9.543498 (top1=20412 top2=23376) rank_used=0 chosen=20412 marge_decisionnelle=9.543498
info:   marge top1-top2 @ gen=2630 : 10.725735 (top1=56556 top2=80214) rank_used=0 chosen=56556 marge_decisionnelle=10.725735
info:   marge top1-top2 @ gen=2631 : 11.611141 (top1=236764 top2=568) rank_used=0 chosen=236764 marge_decisionnelle=11.611141
info:   marge top1-top2 @ gen=2632 : 11.923438 (top1=674 top2=519) rank_used=0 chosen=674 marge_decisionnelle=11.923438
info:   marge top1-top2 @ gen=2633 : 11.856294 (top1=56667 top2=38325) rank_used=0 chosen=56667 marge_decisionnelle=11.856294
info:   marge top1-top2 @ gen=2634 : 11.349344 (top1=770 top2=636) rank_used=0 chosen=770 marge_decisionnelle=11.349344
info:   marge top1-top2 @ gen=2635 : 10.225519 (top1=636 top2=1248) rank_used=0 chosen=636 marge_decisionnelle=10.225519
info:   marge top1-top2 @ gen=2636 : 8.834359 (top1=4702 top2=31995) rank_used=0 chosen=4702 marge_decisionnelle=8.834359
info:   marge top1-top2 @ gen=2637 : 8.685347 (top1=500 top2=1150) rank_used=0 chosen=500 marge_decisionnelle=8.685347
info:   marge top1-top2 @ gen=2638 : 10.528599 (top1=929 top2=690) rank_used=0 chosen=929 marge_decisionnelle=10.528599
info:   marge top1-top2 @ gen=2639 : 13.306616 (top1=1270 top2=556) rank_used=0 chosen=1270 marge_decisionnelle=13.306616
info:   marge top1-top2 @ gen=2640 : 11.527913 (top1=3037 top2=723) rank_used=0 chosen=3037 marge_decisionnelle=11.527913
info:   marge top1-top2 @ gen=2641 : 12.493743 (top1=623 top2=2789) rank_used=0 chosen=623 marge_decisionnelle=12.493743
info:   marge top1-top2 @ gen=2642 : 12.073060 (top1=15307 top2=13596) rank_used=0 chosen=15307 marge_decisionnelle=12.073060
info:   marge top1-top2 @ gen=2643 : 6.499729 (top1=8328 top2=30049) rank_used=0 chosen=8328 marge_decisionnelle=6.499729
info:   marge top1-top2 @ gen=2644 : 14.450495 (top1=236775 top2=236789) rank_used=0 chosen=236775 marge_decisionnelle=14.450495
info:   marge top1-top2 @ gen=2645 : 8.624142 (top1=39924 top2=222544) rank_used=0 chosen=39924 marge_decisionnelle=8.624142
info:   marge top1-top2 @ gen=2646 : 12.547462 (top1=2947 top2=28539) rank_used=0 chosen=2947 marge_decisionnelle=12.547462
info:   marge top1-top2 @ gen=2647 : 10.131837 (top1=636 top2=1248) rank_used=0 chosen=636 marge_decisionnelle=10.131837
info:   marge top1-top2 @ gen=2648 : 13.561759 (top1=2972 top2=120761) rank_used=0 chosen=2972 marge_decisionnelle=13.561759
info:   marge top1-top2 @ gen=2649 : 8.461950 (top1=2811 top2=3518) rank_used=0 chosen=2811 marge_decisionnelle=8.461950
info:   marge top1-top2 @ gen=2650 : 14.417552 (top1=3229 top2=16107) rank_used=0 chosen=3229 marge_decisionnelle=14.417552
info:   marge top1-top2 @ gen=2651 : 10.701027 (top1=13969 top2=50157) rank_used=0 chosen=13969 marge_decisionnelle=10.701027
info:   marge top1-top2 @ gen=2652 : 13.108745 (top1=1008 top2=570) rank_used=0 chosen=1008 marge_decisionnelle=13.108745
info:   marge top1-top2 @ gen=2653 : 10.401265 (top1=1608 top2=40300) rank_used=0 chosen=1608 marge_decisionnelle=10.401265
info:   marge top1-top2 @ gen=2654 : 5.962383 (top1=40300 top2=146955) rank_used=0 chosen=40300 marge_decisionnelle=5.962383
info:   marge top1-top2 @ gen=2655 : 12.020383 (top1=569 top2=1747) rank_used=0 chosen=569 marge_decisionnelle=12.020383
info:   marge top1-top2 @ gen=2656 : 10.772522 (top1=759 top2=537) rank_used=0 chosen=759 marge_decisionnelle=10.772522
info:   marge top1-top2 @ gen=2657 : 8.226320 (top1=22939 top2=81872) rank_used=0 chosen=22939 marge_decisionnelle=8.226320
info:   marge top1-top2 @ gen=2658 : 11.577345 (top1=236761 top2=568) rank_used=0 chosen=236761 marge_decisionnelle=11.577345
info:   marge top1-top2 @ gen=2659 : 8.523674 (top1=27301 top2=50822) rank_used=0 chosen=27301 marge_decisionnelle=8.523674
info:   marge top1-top2 @ gen=2660 : 7.232946 (top1=129120 top2=4313) rank_used=0 chosen=129120 marge_decisionnelle=7.232946
info:   marge top1-top2 @ gen=2661 : 8.549697 (top1=15075 top2=26230) rank_used=0 chosen=15075 marge_decisionnelle=8.549697
info:   marge top1-top2 @ gen=2662 : 10.052298 (top1=569 top2=513) rank_used=0 chosen=569 marge_decisionnelle=10.052298
info:   marge top1-top2 @ gen=2663 : 8.863772 (top1=91920 top2=187135) rank_used=0 chosen=91920 marge_decisionnelle=8.863772
info:   marge top1-top2 @ gen=2664 : 11.069379 (top1=40661 top2=94888) rank_used=0 chosen=40661 marge_decisionnelle=11.069379
info:   marge top1-top2 @ gen=2665 : 7.181849 (top1=68962 top2=27228) rank_used=0 chosen=68962 marge_decisionnelle=7.181849
info:   marge top1-top2 @ gen=2666 : 12.019214 (top1=759 top2=674) rank_used=0 chosen=759 marge_decisionnelle=12.019214
info:   marge top1-top2 @ gen=2667 : 10.823211 (top1=83876 top2=86446) rank_used=0 chosen=83876 marge_decisionnelle=10.823211
info:   marge top1-top2 @ gen=2668 : 13.933199 (top1=569 top2=513) rank_used=0 chosen=569 marge_decisionnelle=13.933199
info:   marge top1-top2 @ gen=2669 : 10.202155 (top1=3313 top2=150741) rank_used=0 chosen=3313 marge_decisionnelle=10.202155
info:   marge top1-top2 @ gen=2670 : 10.804382 (top1=46778 top2=16066) rank_used=0 chosen=46778 marge_decisionnelle=10.804382
info:   marge top1-top2 @ gen=2671 : 13.223392 (top1=9966 top2=33334) rank_used=0 chosen=9966 marge_decisionnelle=13.223392
info:   marge top1-top2 @ gen=2672 : 13.677652 (top1=696 top2=113526) rank_used=0 chosen=696 marge_decisionnelle=13.677652
info:   marge top1-top2 @ gen=2673 : 10.975785 (top1=80334 top2=9841) rank_used=0 chosen=80334 marge_decisionnelle=10.975785
info:   marge top1-top2 @ gen=2674 : 12.776712 (top1=3229 top2=6397) rank_used=0 chosen=3229 marge_decisionnelle=12.776712
info:   marge top1-top2 @ gen=2675 : 11.579000 (top1=56667 top2=94647) rank_used=0 chosen=56667 marge_decisionnelle=11.579000
info:   marge top1-top2 @ gen=2676 : 8.896830 (top1=569 top2=513) rank_used=0 chosen=569 marge_decisionnelle=8.896830
info:   marge top1-top2 @ gen=2677 : 10.318135 (top1=131976 top2=56391) rank_used=0 chosen=131976 marge_decisionnelle=10.318135
info:   marge top1-top2 @ gen=2678 : 15.732868 (top1=853 top2=569) rank_used=0 chosen=853 marge_decisionnelle=15.732868
info:   marge top1-top2 @ gen=2679 : 7.554069 (top1=138905 top2=23505) rank_used=0 chosen=138905 marge_decisionnelle=7.554069
info:   marge top1-top2 @ gen=2680 : 12.195183 (top1=569 top2=513) rank_used=0 chosen=569 marge_decisionnelle=12.195183
info:   marge top1-top2 @ gen=2681 : 7.747384 (top1=50711 top2=31120) rank_used=0 chosen=50711 marge_decisionnelle=7.747384
info:   marge top1-top2 @ gen=2682 : 6.875124 (top1=24562 top2=203434) rank_used=0 chosen=24562 marge_decisionnelle=6.875124
info:   marge top1-top2 @ gen=2683 : 9.522317 (top1=108417 top2=6888) rank_used=0 chosen=108417 marge_decisionnelle=9.522317
info:   marge top1-top2 @ gen=2684 : 8.432890 (top1=703 top2=785) rank_used=0 chosen=703 marge_decisionnelle=8.432890
info:   marge top1-top2 @ gen=2685 : 11.163185 (top1=236761 top2=568) rank_used=0 chosen=236761 marge_decisionnelle=11.163185
info:   marge top1-top2 @ gen=2686 : 5.256132 (top1=954 top2=1454) rank_used=0 chosen=954 marge_decisionnelle=5.256132
info:   marge top1-top2 @ gen=2687 : 10.370798 (top1=45518 top2=3480) rank_used=0 chosen=45518 marge_decisionnelle=10.370798
info:   marge top1-top2 @ gen=2688 : 10.757952 (top1=236813 top2=236842) rank_used=0 chosen=236813 marge_decisionnelle=10.757952
info:   marge top1-top2 @ gen=2689 : 10.125073 (top1=107 top2=106) rank_used=0 chosen=107 marge_decisionnelle=10.125073
info:   marge top1-top2 @ gen=2690 : 5.473959 (top1=101 top2=100) rank_used=0 chosen=101 marge_decisionnelle=5.473959
info:   marge top1-top2 @ gen=2691 : 9.184589 (top1=129930 top2=8291) rank_used=0 chosen=129930 marge_decisionnelle=9.184589
info:   marge top1-top2 @ gen=2692 : 10.884731 (top1=3037 top2=5723) rank_used=0 chosen=3037 marge_decisionnelle=10.884731
info:   marge top1-top2 @ gen=2693 : 10.764072 (top1=2049 top2=28620) rank_used=0 chosen=2049 marge_decisionnelle=10.764072
info:   marge top1-top2 @ gen=2694 : 7.340546 (top1=4052 top2=2309) rank_used=0 chosen=4052 marge_decisionnelle=7.340546
info:   marge top1-top2 @ gen=2695 : 13.360867 (top1=569 top2=1747) rank_used=0 chosen=569 marge_decisionnelle=13.360867
info:   marge top1-top2 @ gen=2696 : 11.929516 (top1=759 top2=537) rank_used=0 chosen=759 marge_decisionnelle=11.929516
info:   marge top1-top2 @ gen=2697 : 10.644945 (top1=107058 top2=15307) rank_used=0 chosen=107058 marge_decisionnelle=10.644945
info:   marge top1-top2 @ gen=2698 : 12.358150 (top1=2112 top2=239615) rank_used=0 chosen=2112 marge_decisionnelle=12.358150
info:   marge top1-top2 @ gen=2699 : 8.834471 (top1=118583 top2=8285) rank_used=0 chosen=118583 marge_decisionnelle=8.834471
info:   marge top1-top2 @ gen=2700 : 13.543397 (top1=513 top2=1167) rank_used=0 chosen=513 marge_decisionnelle=13.543397
info:   marge top1-top2 @ gen=2701 : 13.281329 (top1=236789 top2=236858) rank_used=0 chosen=236789 marge_decisionnelle=13.281329
info:   marge top1-top2 @ gen=2702 : 12.436928 (top1=62462 top2=82839) rank_used=0 chosen=62462 marge_decisionnelle=12.436928
info:   marge top1-top2 @ gen=2703 : 12.102697 (top1=696 top2=909) rank_used=0 chosen=696 marge_decisionnelle=12.102697
info:   marge top1-top2 @ gen=2704 : 8.235834 (top1=22865 top2=12409) rank_used=0 chosen=22865 marge_decisionnelle=8.235834
info:   marge top1-top2 @ gen=2705 : 10.211977 (top1=37485 top2=147516) rank_used=0 chosen=37485 marge_decisionnelle=10.211977
info:   marge top1-top2 @ gen=2706 : 11.188223 (top1=1017 top2=236761) rank_used=0 chosen=1017 marge_decisionnelle=11.188223
info:   marge top1-top2 @ gen=2707 : 13.386604 (top1=108 top2=236743) rank_used=0 chosen=108 marge_decisionnelle=13.386604
info:   marge top1-top2 @ gen=2708 : 12.217237 (top1=4967 top2=3258) rank_used=0 chosen=4967 marge_decisionnelle=12.217237
info:   marge top1-top2 @ gen=2709 : 9.495563 (top1=107058 top2=15307) rank_used=0 chosen=107058 marge_decisionnelle=9.495563
info:   marge top1-top2 @ gen=2710 : 12.479358 (top1=2112 top2=239615) rank_used=0 chosen=2112 marge_decisionnelle=12.479358
info:   marge top1-top2 @ gen=2711 : 8.064022 (top1=118583 top2=8285) rank_used=0 chosen=118583 marge_decisionnelle=8.064022
info:   marge top1-top2 @ gen=2712 : 13.293310 (top1=513 top2=1167) rank_used=0 chosen=513 marge_decisionnelle=13.293310
info:   marge top1-top2 @ gen=2713 : 13.886647 (top1=236789 top2=236858) rank_used=0 chosen=236789 marge_decisionnelle=13.886647
info:   marge top1-top2 @ gen=2714 : 12.544286 (top1=62462 top2=82839) rank_used=0 chosen=62462 marge_decisionnelle=12.544286
info:   marge top1-top2 @ gen=2715 : 12.634704 (top1=1009 top2=598) rank_used=0 chosen=1009 marge_decisionnelle=12.634704
info:   marge top1-top2 @ gen=2716 : 11.383219 (top1=3037 top2=2253) rank_used=0 chosen=3037 marge_decisionnelle=11.383219
info:   marge top1-top2 @ gen=2717 : 10.943931 (top1=9939 top2=64836) rank_used=0 chosen=9939 marge_decisionnelle=10.943931
info:   marge top1-top2 @ gen=2718 : 12.294076 (top1=2947 top2=28539) rank_used=0 chosen=2947 marge_decisionnelle=12.294076
info:   marge top1-top2 @ gen=2719 : 10.576395 (top1=55844 top2=180348) rank_used=0 chosen=55844 marge_decisionnelle=10.576395
info:   marge top1-top2 @ gen=2720 : 12.723205 (top1=674 top2=759) rank_used=0 chosen=674 marge_decisionnelle=12.723205
info:   marge top1-top2 @ gen=2721 : 10.406497 (top1=28421 top2=97811) rank_used=0 chosen=28421 marge_decisionnelle=10.406497
info:   marge top1-top2 @ gen=2722 : 11.308201 (top1=569 top2=513) rank_used=0 chosen=569 marge_decisionnelle=11.308201
info:   marge top1-top2 @ gen=2723 : 9.117324 (top1=10040 top2=13031) rank_used=0 chosen=10040 marge_decisionnelle=9.117324
info:   marge top1-top2 @ gen=2724 : 14.254171 (top1=513 top2=1167) rank_used=0 chosen=513 marge_decisionnelle=14.254171
info:   marge top1-top2 @ gen=2725 : 11.848640 (top1=236789 top2=236858) rank_used=0 chosen=236789 marge_decisionnelle=11.848640
info:   marge top1-top2 @ gen=2726 : 11.916178 (top1=602 top2=5095) rank_used=0 chosen=602 marge_decisionnelle=11.916178
info:   marge top1-top2 @ gen=2727 : 11.025060 (top1=56667 top2=94647) rank_used=0 chosen=56667 marge_decisionnelle=11.025060
info:   marge top1-top2 @ gen=2728 : 12.168804 (top1=568 top2=9298) rank_used=0 chosen=568 marge_decisionnelle=12.168804
info:   marge top1-top2 @ gen=2729 : 10.759024 (top1=182283 top2=3521) rank_used=0 chosen=182283 marge_decisionnelle=10.759024
info:   marge top1-top2 @ gen=2730 : 11.033983 (top1=723 top2=602) rank_used=0 chosen=723 marge_decisionnelle=11.033983
info:   marge top1-top2 @ gen=2731 : 11.612041 (top1=92474 top2=128282) rank_used=0 chosen=92474 marge_decisionnelle=11.612041
info:   marge top1-top2 @ gen=2732 : 13.991863 (top1=236768 top2=237214) rank_used=0 chosen=236768 marge_decisionnelle=13.991863
info:   marge top1-top2 @ gen=2733 : 11.914090 (top1=1608 top2=3229) rank_used=0 chosen=1608 marge_decisionnelle=11.914090
info:   marge top1-top2 @ gen=2734 : 11.523369 (top1=723 top2=602) rank_used=0 chosen=723 marge_decisionnelle=11.523369
info:   marge top1-top2 @ gen=2735 : 10.489150 (top1=9062 top2=30020) rank_used=0 chosen=9062 marge_decisionnelle=10.489150
info:   marge top1-top2 @ gen=2736 : 10.789473 (top1=125091 top2=207771) rank_used=0 chosen=125091 marge_decisionnelle=10.789473
info:   marge top1-top2 @ gen=2737 : 11.051119 (top1=569 top2=513) rank_used=0 chosen=569 marge_decisionnelle=11.051119
info:   marge top1-top2 @ gen=2738 : 10.593456 (top1=60588 top2=4171) rank_used=0 chosen=60588 marge_decisionnelle=10.593456
info:   marge top1-top2 @ gen=2739 : 12.595092 (top1=3349 top2=2637) rank_used=0 chosen=3349 marge_decisionnelle=12.595092
info:   marge top1-top2 @ gen=2740 : 12.179907 (top1=569 top2=513) rank_used=0 chosen=569 marge_decisionnelle=12.179907
info:   marge top1-top2 @ gen=2741 : 12.420151 (top1=12727 top2=51635) rank_used=0 chosen=12727 marge_decisionnelle=12.420151
info:   marge top1-top2 @ gen=2742 : 10.114014 (top1=1190 top2=498) rank_used=0 chosen=1190 marge_decisionnelle=10.114014
info:   marge top1-top2 @ gen=2743 : 10.532220 (top1=193336 top2=70438) rank_used=0 chosen=193336 marge_decisionnelle=10.532220
info:   marge top1-top2 @ gen=2744 : 10.708307 (top1=236761 top2=568) rank_used=0 chosen=236761 marge_decisionnelle=10.708307
info:   marge top1-top2 @ gen=2745 : 11.422082 (top1=16107 top2=36928) rank_used=0 chosen=16107 marge_decisionnelle=11.422082
info:   marge top1-top2 @ gen=2746 : 10.998158 (top1=20995 top2=75388) rank_used=0 chosen=20995 marge_decisionnelle=10.998158
info:   marge top1-top2 @ gen=2747 : 8.794720 (top1=569 top2=513) rank_used=0 chosen=569 marge_decisionnelle=8.794720
info:   marge top1-top2 @ gen=2748 : 9.043386 (top1=150741 top2=47924) rank_used=0 chosen=150741 marge_decisionnelle=9.043386
info:   marge top1-top2 @ gen=2749 : 12.859108 (top1=1640 top2=853) rank_used=0 chosen=1640 marge_decisionnelle=12.859108
info:   marge top1-top2 @ gen=2750 : 9.691556 (top1=3381 top2=153747) rank_used=0 chosen=3381 marge_decisionnelle=9.691556
info:   marge top1-top2 @ gen=2751 : 10.069531 (top1=4154 top2=28256) rank_used=0 chosen=4154 marge_decisionnelle=10.069531
info:   marge top1-top2 @ gen=2752 : 9.808937 (top1=23371 top2=33761) rank_used=0 chosen=23371 marge_decisionnelle=9.808937
info:   marge top1-top2 @ gen=2753 : 9.172658 (top1=2417 top2=3658) rank_used=0 chosen=2417 marge_decisionnelle=9.172658
info:   marge top1-top2 @ gen=2754 : 14.040046 (top1=513 top2=1167) rank_used=0 chosen=513 marge_decisionnelle=14.040046
info:   marge top1-top2 @ gen=2755 : 12.193794 (top1=236789 top2=236858) rank_used=0 chosen=236789 marge_decisionnelle=12.193794
info:   marge top1-top2 @ gen=2756 : 10.171754 (top1=2253 top2=602) rank_used=0 chosen=2253 marge_decisionnelle=10.171754
info:   marge top1-top2 @ gen=2757 : 9.426206 (top1=20412 top2=23376) rank_used=0 chosen=20412 marge_decisionnelle=9.426206
info:   marge top1-top2 @ gen=2758 : 10.838613 (top1=56556 top2=80214) rank_used=0 chosen=56556 marge_decisionnelle=10.838613
info:   marge top1-top2 @ gen=2759 : 11.515549 (top1=236764 top2=568) rank_used=0 chosen=236764 marge_decisionnelle=11.515549
info:   marge top1-top2 @ gen=2760 : 11.981990 (top1=674 top2=519) rank_used=0 chosen=674 marge_decisionnelle=11.981990
info:   marge top1-top2 @ gen=2761 : 11.838239 (top1=56667 top2=38325) rank_used=0 chosen=56667 marge_decisionnelle=11.838239
info:   marge top1-top2 @ gen=2762 : 11.488431 (top1=770 top2=636) rank_used=0 chosen=770 marge_decisionnelle=11.488431
info:   marge top1-top2 @ gen=2763 : 10.285703 (top1=636 top2=1248) rank_used=0 chosen=636 marge_decisionnelle=10.285703
info:   marge top1-top2 @ gen=2764 : 8.894980 (top1=4702 top2=31995) rank_used=0 chosen=4702 marge_decisionnelle=8.894980
info:   marge top1-top2 @ gen=2765 : 8.797939 (top1=500 top2=1150) rank_used=0 chosen=500 marge_decisionnelle=8.797939
info:   marge top1-top2 @ gen=2766 : 10.500915 (top1=929 top2=690) rank_used=0 chosen=929 marge_decisionnelle=10.500915
info:   marge top1-top2 @ gen=2767 : 13.169668 (top1=1270 top2=556) rank_used=0 chosen=1270 marge_decisionnelle=13.169668
info:   marge top1-top2 @ gen=2768 : 11.551817 (top1=3037 top2=723) rank_used=0 chosen=3037 marge_decisionnelle=11.551817
info:   marge top1-top2 @ gen=2769 : 12.542619 (top1=623 top2=2789) rank_used=0 chosen=623 marge_decisionnelle=12.542619
info:   marge top1-top2 @ gen=2770 : 12.118902 (top1=15307 top2=13596) rank_used=0 chosen=15307 marge_decisionnelle=12.118902
info:   marge top1-top2 @ gen=2771 : 6.079365 (top1=8328 top2=30049) rank_used=0 chosen=8328 marge_decisionnelle=6.079365
info:   marge top1-top2 @ gen=2772 : 14.374744 (top1=236775 top2=236789) rank_used=0 chosen=236775 marge_decisionnelle=14.374744
info:   marge top1-top2 @ gen=2773 : 8.602792 (top1=39924 top2=222544) rank_used=0 chosen=39924 marge_decisionnelle=8.602792
info:   marge top1-top2 @ gen=2774 : 12.642013 (top1=2947 top2=28539) rank_used=0 chosen=2947 marge_decisionnelle=12.642013
info:   marge top1-top2 @ gen=2775 : 10.169992 (top1=636 top2=1248) rank_used=0 chosen=636 marge_decisionnelle=10.169992
info:   marge top1-top2 @ gen=2776 : 13.600561 (top1=2972 top2=120761) rank_used=0 chosen=2972 marge_decisionnelle=13.600561
info:   marge top1-top2 @ gen=2777 : 8.554770 (top1=2811 top2=3518) rank_used=0 chosen=2811 marge_decisionnelle=8.554770
info:   marge top1-top2 @ gen=2778 : 14.533408 (top1=3229 top2=16107) rank_used=0 chosen=3229 marge_decisionnelle=14.533408
info:   marge top1-top2 @ gen=2779 : 10.694160 (top1=13969 top2=50157) rank_used=0 chosen=13969 marge_decisionnelle=10.694160
info:   marge top1-top2 @ gen=2780 : 13.149693 (top1=1008 top2=570) rank_used=0 chosen=1008 marge_decisionnelle=13.149693
info:   marge top1-top2 @ gen=2781 : 10.487835 (top1=1608 top2=40300) rank_used=0 chosen=1608 marge_decisionnelle=10.487835
info:   marge top1-top2 @ gen=2782 : 6.006664 (top1=40300 top2=146955) rank_used=0 chosen=40300 marge_decisionnelle=6.006664
info:   marge top1-top2 @ gen=2783 : 11.971352 (top1=569 top2=1747) rank_used=0 chosen=569 marge_decisionnelle=11.971352
info:   marge top1-top2 @ gen=2784 : 10.821503 (top1=759 top2=537) rank_used=0 chosen=759 marge_decisionnelle=10.821503
info:   marge top1-top2 @ gen=2785 : 8.205204 (top1=22939 top2=81872) rank_used=0 chosen=22939 marge_decisionnelle=8.205204
info:   marge top1-top2 @ gen=2786 : 11.540234 (top1=236761 top2=568) rank_used=0 chosen=236761 marge_decisionnelle=11.540234
info:   marge top1-top2 @ gen=2787 : 8.494944 (top1=27301 top2=50822) rank_used=0 chosen=27301 marge_decisionnelle=8.494944
info:   marge top1-top2 @ gen=2788 : 7.185291 (top1=129120 top2=4313) rank_used=0 chosen=129120 marge_decisionnelle=7.185291
info:   ... step 2816 (2788 générés)
info:   marge top1-top2 @ gen=2789 : 8.503812 (top1=15075 top2=26230) rank_used=0 chosen=15075 marge_decisionnelle=8.503812
info:   marge top1-top2 @ gen=2790 : 10.043936 (top1=569 top2=513) rank_used=0 chosen=569 marge_decisionnelle=10.043936
info:   marge top1-top2 @ gen=2791 : 8.807680 (top1=91920 top2=187135) rank_used=0 chosen=91920 marge_decisionnelle=8.807680
info:   marge top1-top2 @ gen=2792 : 11.081501 (top1=40661 top2=94888) rank_used=0 chosen=40661 marge_decisionnelle=11.081501
info:   marge top1-top2 @ gen=2793 : 7.165915 (top1=68962 top2=27228) rank_used=0 chosen=68962 marge_decisionnelle=7.165915
info:   marge top1-top2 @ gen=2794 : 11.928862 (top1=759 top2=674) rank_used=0 chosen=759 marge_decisionnelle=11.928862
info:   marge top1-top2 @ gen=2795 : 10.704823 (top1=83876 top2=86446) rank_used=0 chosen=83876 marge_decisionnelle=10.704823
info:   marge top1-top2 @ gen=2796 : 13.814372 (top1=569 top2=513) rank_used=0 chosen=569 marge_decisionnelle=13.814372
info:   marge top1-top2 @ gen=2797 : 10.243814 (top1=3313 top2=150741) rank_used=0 chosen=3313 marge_decisionnelle=10.243814
info:   marge top1-top2 @ gen=2798 : 10.844982 (top1=46778 top2=16066) rank_used=0 chosen=46778 marge_decisionnelle=10.844982
info:   marge top1-top2 @ gen=2799 : 13.268105 (top1=9966 top2=33334) rank_used=0 chosen=9966 marge_decisionnelle=13.268105
info:   marge top1-top2 @ gen=2800 : 13.661985 (top1=696 top2=113526) rank_used=0 chosen=696 marge_decisionnelle=13.661985
info:   marge top1-top2 @ gen=2801 : 10.957606 (top1=80334 top2=9841) rank_used=0 chosen=80334 marge_decisionnelle=10.957606
info:   marge top1-top2 @ gen=2802 : 12.666103 (top1=3229 top2=6397) rank_used=0 chosen=3229 marge_decisionnelle=12.666103
info:   marge top1-top2 @ gen=2803 : 11.749406 (top1=56667 top2=94647) rank_used=0 chosen=56667 marge_decisionnelle=11.749406
info:   marge top1-top2 @ gen=2804 : 9.071600 (top1=569 top2=513) rank_used=0 chosen=569 marge_decisionnelle=9.071600
info:   marge top1-top2 @ gen=2805 : 10.229250 (top1=131976 top2=56391) rank_used=0 chosen=131976 marge_decisionnelle=10.229250
info:   marge top1-top2 @ gen=2806 : 15.639365 (top1=853 top2=569) rank_used=0 chosen=853 marge_decisionnelle=15.639365
info:   marge top1-top2 @ gen=2807 : 7.726372 (top1=138905 top2=23505) rank_used=0 chosen=138905 marge_decisionnelle=7.726372
info:   marge top1-top2 @ gen=2808 : 12.238850 (top1=569 top2=513) rank_used=0 chosen=569 marge_decisionnelle=12.238850
info:   marge top1-top2 @ gen=2809 : 7.778256 (top1=50711 top2=31120) rank_used=0 chosen=50711 marge_decisionnelle=7.778256
info:   marge top1-top2 @ gen=2810 : 6.977676 (top1=24562 top2=203434) rank_used=0 chosen=24562 marge_decisionnelle=6.977676
info:   marge top1-top2 @ gen=2811 : 9.496746 (top1=108417 top2=6888) rank_used=0 chosen=108417 marge_decisionnelle=9.496746
info:   marge top1-top2 @ gen=2812 : 8.526688 (top1=703 top2=785) rank_used=0 chosen=703 marge_decisionnelle=8.526688
info:   marge top1-top2 @ gen=2813 : 11.145346 (top1=236761 top2=568) rank_used=0 chosen=236761 marge_decisionnelle=11.145346
info:   marge top1-top2 @ gen=2814 : 5.225203 (top1=954 top2=1454) rank_used=0 chosen=954 marge_decisionnelle=5.225203
info:   marge top1-top2 @ gen=2815 : 10.234829 (top1=45518 top2=3480) rank_used=0 chosen=45518 marge_decisionnelle=10.234829
info:   marge top1-top2 @ gen=2816 : 10.815449 (top1=236813 top2=236842) rank_used=0 chosen=236813 marge_decisionnelle=10.815449
info:   marge top1-top2 @ gen=2817 : 10.023602 (top1=107 top2=106) rank_used=0 chosen=107 marge_decisionnelle=10.023602
info:   marge top1-top2 @ gen=2818 : 5.319527 (top1=101 top2=100) rank_used=0 chosen=101 marge_decisionnelle=5.319527
info:   marge top1-top2 @ gen=2819 : 9.112794 (top1=129930 top2=8291) rank_used=0 chosen=129930 marge_decisionnelle=9.112794
info:   marge top1-top2 @ gen=2820 : 10.905654 (top1=3037 top2=5723) rank_used=0 chosen=3037 marge_decisionnelle=10.905654
info:   marge top1-top2 @ gen=2821 : 10.782065 (top1=2049 top2=28620) rank_used=0 chosen=2049 marge_decisionnelle=10.782065
info:   marge top1-top2 @ gen=2822 : 7.668469 (top1=4052 top2=2309) rank_used=0 chosen=4052 marge_decisionnelle=7.668469
info:   marge top1-top2 @ gen=2823 : 13.366824 (top1=569 top2=1747) rank_used=0 chosen=569 marge_decisionnelle=13.366824
info:   marge top1-top2 @ gen=2824 : 11.915536 (top1=759 top2=537) rank_used=0 chosen=759 marge_decisionnelle=11.915536
info:   marge top1-top2 @ gen=2825 : 10.691084 (top1=107058 top2=15307) rank_used=0 chosen=107058 marge_decisionnelle=10.691084
info:   marge top1-top2 @ gen=2826 : 11.958650 (top1=2112 top2=239615) rank_used=0 chosen=2112 marge_decisionnelle=11.958650
info:   marge top1-top2 @ gen=2827 : 9.489377 (top1=118583 top2=8285) rank_used=0 chosen=118583 marge_decisionnelle=9.489377
info:   marge top1-top2 @ gen=2828 : 13.614956 (top1=513 top2=1167) rank_used=0 chosen=513 marge_decisionnelle=13.614956
info:   marge top1-top2 @ gen=2829 : 13.313379 (top1=236789 top2=236858) rank_used=0 chosen=236789 marge_decisionnelle=13.313379
info:   marge top1-top2 @ gen=2830 : 12.289884 (top1=62462 top2=82839) rank_used=0 chosen=62462 marge_decisionnelle=12.289884
info:   marge top1-top2 @ gen=2831 : 12.249616 (top1=696 top2=909) rank_used=0 chosen=696 marge_decisionnelle=12.249616
info:   marge top1-top2 @ gen=2832 : 8.223685 (top1=22865 top2=12409) rank_used=0 chosen=22865 marge_decisionnelle=8.223685
info:   marge top1-top2 @ gen=2833 : 10.129272 (top1=37485 top2=79845) rank_used=0 chosen=37485 marge_decisionnelle=10.129272
info:   marge top1-top2 @ gen=2834 : 11.065123 (top1=1017 top2=236761) rank_used=0 chosen=1017 marge_decisionnelle=11.065123
info:   marge top1-top2 @ gen=2835 : 13.400604 (top1=108 top2=236743) rank_used=0 chosen=108 marge_decisionnelle=13.400604
info:   marge top1-top2 @ gen=2836 : 12.239005 (top1=4967 top2=3258) rank_used=0 chosen=4967 marge_decisionnelle=12.239005
info:   marge top1-top2 @ gen=2837 : 9.503465 (top1=107058 top2=15307) rank_used=0 chosen=107058 marge_decisionnelle=9.503465
info:   marge top1-top2 @ gen=2838 : 12.439324 (top1=2112 top2=239615) rank_used=0 chosen=2112 marge_decisionnelle=12.439324
info:   marge top1-top2 @ gen=2839 : 8.172735 (top1=118583 top2=8285) rank_used=0 chosen=118583 marge_decisionnelle=8.172735
info:   marge top1-top2 @ gen=2840 : 13.307020 (top1=513 top2=1167) rank_used=0 chosen=513 marge_decisionnelle=13.307020
info:   marge top1-top2 @ gen=2841 : 13.334065 (top1=236789 top2=236858) rank_used=0 chosen=236789 marge_decisionnelle=13.334065
info:   marge top1-top2 @ gen=2842 : 12.228855 (top1=62462 top2=82839) rank_used=0 chosen=62462 marge_decisionnelle=12.228855
info:   marge top1-top2 @ gen=2843 : 12.713287 (top1=1009 top2=568) rank_used=0 chosen=1009 marge_decisionnelle=12.713287
info:   marge top1-top2 @ gen=2844 : 11.356113 (top1=3037 top2=2253) rank_used=0 chosen=3037 marge_decisionnelle=11.356113
info:   marge top1-top2 @ gen=2845 : 11.116884 (top1=9939 top2=64836) rank_used=0 chosen=9939 marge_decisionnelle=11.116884
info:   marge top1-top2 @ gen=2846 : 12.295448 (top1=2947 top2=28539) rank_used=0 chosen=2947 marge_decisionnelle=12.295448
info:   marge top1-top2 @ gen=2847 : 10.649175 (top1=55844 top2=180348) rank_used=0 chosen=55844 marge_decisionnelle=10.649175
info:   marge top1-top2 @ gen=2848 : 12.728990 (top1=674 top2=759) rank_used=0 chosen=674 marge_decisionnelle=12.728990
info:   marge top1-top2 @ gen=2849 : 10.373154 (top1=28421 top2=97811) rank_used=0 chosen=28421 marge_decisionnelle=10.373154
info:   marge top1-top2 @ gen=2850 : 11.338125 (top1=569 top2=513) rank_used=0 chosen=569 marge_decisionnelle=11.338125
info:   marge top1-top2 @ gen=2851 : 9.496769 (top1=10040 top2=13031) rank_used=0 chosen=10040 marge_decisionnelle=9.496769
info:   marge top1-top2 @ gen=2852 : 14.378984 (top1=513 top2=1167) rank_used=0 chosen=513 marge_decisionnelle=14.378984
info:   marge top1-top2 @ gen=2853 : 11.691143 (top1=236789 top2=236858) rank_used=0 chosen=236789 marge_decisionnelle=11.691143
info:   marge top1-top2 @ gen=2854 : 11.962021 (top1=602 top2=5095) rank_used=0 chosen=602 marge_decisionnelle=11.962021
info:   marge top1-top2 @ gen=2855 : 11.012840 (top1=56667 top2=94647) rank_used=0 chosen=56667 marge_decisionnelle=11.012840
info:   marge top1-top2 @ gen=2856 : 11.931520 (top1=568 top2=9298) rank_used=0 chosen=568 marge_decisionnelle=11.931520
info:   marge top1-top2 @ gen=2857 : 10.843706 (top1=182283 top2=3521) rank_used=0 chosen=182283 marge_decisionnelle=10.843706
info:   marge top1-top2 @ gen=2858 : 11.145985 (top1=723 top2=602) rank_used=0 chosen=723 marge_decisionnelle=11.145985
info:   marge top1-top2 @ gen=2859 : 11.621462 (top1=92474 top2=128282) rank_used=0 chosen=92474 marge_decisionnelle=11.621462
info:   marge top1-top2 @ gen=2860 : 13.816949 (top1=236768 top2=237214) rank_used=0 chosen=236768 marge_decisionnelle=13.816949
info:   marge top1-top2 @ gen=2861 : 11.809228 (top1=1608 top2=3229) rank_used=0 chosen=1608 marge_decisionnelle=11.809228
info:   marge top1-top2 @ gen=2862 : 11.657146 (top1=723 top2=602) rank_used=0 chosen=723 marge_decisionnelle=11.657146
info:   marge top1-top2 @ gen=2863 : 10.516405 (top1=9062 top2=30020) rank_used=0 chosen=9062 marge_decisionnelle=10.516405
info:   marge top1-top2 @ gen=2864 : 10.674979 (top1=125091 top2=207771) rank_used=0 chosen=125091 marge_decisionnelle=10.674979
info:   marge top1-top2 @ gen=2865 : 11.104771 (top1=569 top2=513) rank_used=0 chosen=569 marge_decisionnelle=11.104771
info:   marge top1-top2 @ gen=2866 : 10.548743 (top1=60588 top2=4171) rank_used=0 chosen=60588 marge_decisionnelle=10.548743
info:   marge top1-top2 @ gen=2867 : 12.500655 (top1=3349 top2=2637) rank_used=0 chosen=3349 marge_decisionnelle=12.500655
info:   marge top1-top2 @ gen=2868 : 12.142569 (top1=569 top2=513) rank_used=0 chosen=569 marge_decisionnelle=12.142569
info:   marge top1-top2 @ gen=2869 : 12.442050 (top1=12727 top2=81411) rank_used=0 chosen=12727 marge_decisionnelle=12.442050
info:   marge top1-top2 @ gen=2870 : 10.064898 (top1=1190 top2=498) rank_used=0 chosen=1190 marge_decisionnelle=10.064898
info:   marge top1-top2 @ gen=2871 : 10.495630 (top1=193336 top2=14293) rank_used=0 chosen=193336 marge_decisionnelle=10.495630
info:   marge top1-top2 @ gen=2872 : 10.748289 (top1=236761 top2=568) rank_used=0 chosen=236761 marge_decisionnelle=10.748289
info:   marge top1-top2 @ gen=2873 : 11.474764 (top1=16107 top2=36928) rank_used=0 chosen=16107 marge_decisionnelle=11.474764
info:   marge top1-top2 @ gen=2874 : 10.939670 (top1=20995 top2=185817) rank_used=0 chosen=20995 marge_decisionnelle=10.939670
info:   marge top1-top2 @ gen=2875 : 8.771921 (top1=569 top2=513) rank_used=0 chosen=569 marge_decisionnelle=8.771921
info:   marge top1-top2 @ gen=2876 : 9.056029 (top1=150741 top2=47924) rank_used=0 chosen=150741 marge_decisionnelle=9.056029
info:   marge top1-top2 @ gen=2877 : 12.756783 (top1=1640 top2=853) rank_used=0 chosen=1640 marge_decisionnelle=12.756783
info:   marge top1-top2 @ gen=2878 : 9.668586 (top1=3381 top2=153747) rank_used=0 chosen=3381 marge_decisionnelle=9.668586
info:   marge top1-top2 @ gen=2879 : 10.259398 (top1=4154 top2=23654) rank_used=0 chosen=4154 marge_decisionnelle=10.259398
info:   marge top1-top2 @ gen=2880 : 9.775456 (top1=23371 top2=33761) rank_used=0 chosen=23371 marge_decisionnelle=9.775456
info:   marge top1-top2 @ gen=2881 : 9.122099 (top1=2417 top2=3658) rank_used=0 chosen=2417 marge_decisionnelle=9.122099
info:   marge top1-top2 @ gen=2882 : 14.024427 (top1=513 top2=1167) rank_used=0 chosen=513 marge_decisionnelle=14.024427
info:   marge top1-top2 @ gen=2883 : 12.416355 (top1=236789 top2=236858) rank_used=0 chosen=236789 marge_decisionnelle=12.416355
info:   marge top1-top2 @ gen=2884 : 10.613814 (top1=2253 top2=602) rank_used=0 chosen=2253 marge_decisionnelle=10.613814
info:   marge top1-top2 @ gen=2885 : 9.657064 (top1=20412 top2=23376) rank_used=0 chosen=20412 marge_decisionnelle=9.657064
info:   marge top1-top2 @ gen=2886 : 10.698525 (top1=56556 top2=80214) rank_used=0 chosen=56556 marge_decisionnelle=10.698525
info:   marge top1-top2 @ gen=2887 : 11.841736 (top1=236764 top2=568) rank_used=0 chosen=236764 marge_decisionnelle=11.841736
info:   marge top1-top2 @ gen=2888 : 11.922527 (top1=674 top2=519) rank_used=0 chosen=674 marge_decisionnelle=11.922527
info:   marge top1-top2 @ gen=2889 : 11.846985 (top1=56667 top2=38325) rank_used=0 chosen=56667 marge_decisionnelle=11.846985
info:   marge top1-top2 @ gen=2890 : 11.370501 (top1=770 top2=636) rank_used=0 chosen=770 marge_decisionnelle=11.370501
info:   marge top1-top2 @ gen=2891 : 10.236254 (top1=636 top2=1248) rank_used=0 chosen=636 marge_decisionnelle=10.236254
info:   marge top1-top2 @ gen=2892 : 8.798189 (top1=4702 top2=31995) rank_used=0 chosen=4702 marge_decisionnelle=8.798189
info:   marge top1-top2 @ gen=2893 : 8.738419 (top1=500 top2=1150) rank_used=0 chosen=500 marge_decisionnelle=8.738419
info:   marge top1-top2 @ gen=2894 : 10.472687 (top1=929 top2=690) rank_used=0 chosen=929 marge_decisionnelle=10.472687
info:   marge top1-top2 @ gen=2895 : 13.103954 (top1=1270 top2=556) rank_used=0 chosen=1270 marge_decisionnelle=13.103954
info:   marge top1-top2 @ gen=2896 : 11.635921 (top1=3037 top2=723) rank_used=0 chosen=3037 marge_decisionnelle=11.635921
info:   marge top1-top2 @ gen=2897 : 12.654963 (top1=623 top2=2789) rank_used=0 chosen=623 marge_decisionnelle=12.654963
info:   marge top1-top2 @ gen=2898 : 12.131670 (top1=15307 top2=13596) rank_used=0 chosen=15307 marge_decisionnelle=12.131670
info:   marge top1-top2 @ gen=2899 : 6.225798 (top1=8328 top2=30049) rank_used=0 chosen=8328 marge_decisionnelle=6.225798
info:   marge top1-top2 @ gen=2900 : 14.464655 (top1=236775 top2=236789) rank_used=0 chosen=236775 marge_decisionnelle=14.464655
info:   marge top1-top2 @ gen=2901 : 8.544082 (top1=39924 top2=222544) rank_used=0 chosen=39924 marge_decisionnelle=8.544082
info:   marge top1-top2 @ gen=2902 : 12.498248 (top1=2947 top2=28539) rank_used=0 chosen=2947 marge_decisionnelle=12.498248
info:   marge top1-top2 @ gen=2903 : 10.143439 (top1=636 top2=1248) rank_used=0 chosen=636 marge_decisionnelle=10.143439
info:   marge top1-top2 @ gen=2904 : 13.535799 (top1=2972 top2=120761) rank_used=0 chosen=2972 marge_decisionnelle=13.535799
info:   marge top1-top2 @ gen=2905 : 8.450031 (top1=2811 top2=3518) rank_used=0 chosen=2811 marge_decisionnelle=8.450031
info:   marge top1-top2 @ gen=2906 : 14.373845 (top1=3229 top2=16107) rank_used=0 chosen=3229 marge_decisionnelle=14.373845
info:   marge top1-top2 @ gen=2907 : 10.703635 (top1=13969 top2=50157) rank_used=0 chosen=13969 marge_decisionnelle=10.703635
info:   marge top1-top2 @ gen=2908 : 13.269254 (top1=1008 top2=570) rank_used=0 chosen=1008 marge_decisionnelle=13.269254
info:   marge top1-top2 @ gen=2909 : 10.447942 (top1=1608 top2=40300) rank_used=0 chosen=1608 marge_decisionnelle=10.447942
info:   marge top1-top2 @ gen=2910 : 5.928822 (top1=40300 top2=146955) rank_used=0 chosen=40300 marge_decisionnelle=5.928822
info:   marge top1-top2 @ gen=2911 : 11.898994 (top1=569 top2=1747) rank_used=0 chosen=569 marge_decisionnelle=11.898994
info:   marge top1-top2 @ gen=2912 : 10.591167 (top1=759 top2=537) rank_used=0 chosen=759 marge_decisionnelle=10.591167
info:   marge top1-top2 @ gen=2913 : 8.314095 (top1=22939 top2=81872) rank_used=0 chosen=22939 marge_decisionnelle=8.314095
info:   marge top1-top2 @ gen=2914 : 11.528523 (top1=236761 top2=568) rank_used=0 chosen=236761 marge_decisionnelle=11.528523
info:   marge top1-top2 @ gen=2915 : 8.528219 (top1=27301 top2=50822) rank_used=0 chosen=27301 marge_decisionnelle=8.528219
info:   marge top1-top2 @ gen=2916 : 7.233089 (top1=129120 top2=4313) rank_used=0 chosen=129120 marge_decisionnelle=7.233089
info:   marge top1-top2 @ gen=2917 : 8.444332 (top1=15075 top2=26230) rank_used=0 chosen=15075 marge_decisionnelle=8.444332
info:   marge top1-top2 @ gen=2918 : 10.030230 (top1=569 top2=513) rank_used=0 chosen=569 marge_decisionnelle=10.030230
info:   marge top1-top2 @ gen=2919 : 8.891653 (top1=91920 top2=187135) rank_used=0 chosen=91920 marge_decisionnelle=8.891653
info:   marge top1-top2 @ gen=2920 : 11.048165 (top1=40661 top2=94888) rank_used=0 chosen=40661 marge_decisionnelle=11.048165
info:   marge top1-top2 @ gen=2921 : 7.153959 (top1=68962 top2=27228) rank_used=0 chosen=68962 marge_decisionnelle=7.153959
info:   marge top1-top2 @ gen=2922 : 12.085764 (top1=759 top2=674) rank_used=0 chosen=759 marge_decisionnelle=12.085764
info:   marge top1-top2 @ gen=2923 : 10.898781 (top1=83876 top2=86446) rank_used=0 chosen=83876 marge_decisionnelle=10.898781
info:   marge top1-top2 @ gen=2924 : 13.586282 (top1=569 top2=513) rank_used=0 chosen=569 marge_decisionnelle=13.586282
info:   marge top1-top2 @ gen=2925 : 10.059188 (top1=3313 top2=150741) rank_used=0 chosen=3313 marge_decisionnelle=10.059188
info:   marge top1-top2 @ gen=2926 : 10.801356 (top1=46778 top2=16066) rank_used=0 chosen=46778 marge_decisionnelle=10.801356
info:   marge top1-top2 @ gen=2927 : 13.138491 (top1=9966 top2=33334) rank_used=0 chosen=9966 marge_decisionnelle=13.138491
info:   marge top1-top2 @ gen=2928 : 13.658239 (top1=696 top2=113526) rank_used=0 chosen=696 marge_decisionnelle=13.658239
info:   marge top1-top2 @ gen=2929 : 10.881314 (top1=80334 top2=9841) rank_used=0 chosen=80334 marge_decisionnelle=10.881314
info:   marge top1-top2 @ gen=2930 : 12.758095 (top1=3229 top2=6397) rank_used=0 chosen=3229 marge_decisionnelle=12.758095
info:   marge top1-top2 @ gen=2931 : 11.690542 (top1=56667 top2=94647) rank_used=0 chosen=56667 marge_decisionnelle=11.690542
info:   marge top1-top2 @ gen=2932 : 8.799709 (top1=569 top2=513) rank_used=0 chosen=569 marge_decisionnelle=8.799709
info:   marge top1-top2 @ gen=2933 : 10.336966 (top1=131976 top2=56391) rank_used=0 chosen=131976 marge_decisionnelle=10.336966
info:   marge top1-top2 @ gen=2934 : 15.680192 (top1=853 top2=569) rank_used=0 chosen=853 marge_decisionnelle=15.680192
info:   marge top1-top2 @ gen=2935 : 7.597847 (top1=138905 top2=23505) rank_used=0 chosen=138905 marge_decisionnelle=7.597847
info:   marge top1-top2 @ gen=2936 : 12.263189 (top1=569 top2=513) rank_used=0 chosen=569 marge_decisionnelle=12.263189
info:   marge top1-top2 @ gen=2937 : 7.806246 (top1=50711 top2=31120) rank_used=0 chosen=50711 marge_decisionnelle=7.806246
info:   marge top1-top2 @ gen=2938 : 6.843176 (top1=24562 top2=203434) rank_used=0 chosen=24562 marge_decisionnelle=6.843176
info:   marge top1-top2 @ gen=2939 : 9.606113 (top1=108417 top2=6888) rank_used=0 chosen=108417 marge_decisionnelle=9.606113
info:   marge top1-top2 @ gen=2940 : 8.800209 (top1=703 top2=785) rank_used=0 chosen=703 marge_decisionnelle=8.800209
info:   marge top1-top2 @ gen=2941 : 11.098928 (top1=236761 top2=568) rank_used=0 chosen=236761 marge_decisionnelle=11.098928
info:   marge top1-top2 @ gen=2942 : 5.249119 (top1=954 top2=1454) rank_used=0 chosen=954 marge_decisionnelle=5.249119
info:   marge top1-top2 @ gen=2943 : 10.205027 (top1=45518 top2=3480) rank_used=0 chosen=45518 marge_decisionnelle=10.205027
info:   marge top1-top2 @ gen=2944 : 10.775529 (top1=236813 top2=236842) rank_used=0 chosen=236813 marge_decisionnelle=10.775529
info:   marge top1-top2 @ gen=2945 : 10.015486 (top1=107 top2=106) rank_used=0 chosen=107 marge_decisionnelle=10.015486
info:   marge top1-top2 @ gen=2946 : 5.445103 (top1=101 top2=100) rank_used=0 chosen=101 marge_decisionnelle=5.445103
info:   marge top1-top2 @ gen=2947 : 9.111501 (top1=129930 top2=8291) rank_used=0 chosen=129930 marge_decisionnelle=9.111501
info:   marge top1-top2 @ gen=2948 : 10.945283 (top1=3037 top2=5723) rank_used=0 chosen=3037 marge_decisionnelle=10.945283
info:   marge top1-top2 @ gen=2949 : 10.880001 (top1=2049 top2=28620) rank_used=0 chosen=2049 marge_decisionnelle=10.880001
info:   marge top1-top2 @ gen=2950 : 7.463818 (top1=4052 top2=2309) rank_used=0 chosen=4052 marge_decisionnelle=7.463818
info:   marge top1-top2 @ gen=2951 : 13.434821 (top1=569 top2=1747) rank_used=0 chosen=569 marge_decisionnelle=13.434821
info:   marge top1-top2 @ gen=2952 : 11.907694 (top1=759 top2=537) rank_used=0 chosen=759 marge_decisionnelle=11.907694
info:   marge top1-top2 @ gen=2953 : 10.637326 (top1=107058 top2=15307) rank_used=0 chosen=107058 marge_decisionnelle=10.637326
info:   marge top1-top2 @ gen=2954 : 12.248724 (top1=2112 top2=162039) rank_used=0 chosen=2112 marge_decisionnelle=12.248724
info:   marge top1-top2 @ gen=2955 : 8.940149 (top1=118583 top2=8285) rank_used=0 chosen=118583 marge_decisionnelle=8.940149
info:   marge top1-top2 @ gen=2956 : 13.569153 (top1=513 top2=1167) rank_used=0 chosen=513 marge_decisionnelle=13.569153
info:   marge top1-top2 @ gen=2957 : 12.948323 (top1=236789 top2=236858) rank_used=0 chosen=236789 marge_decisionnelle=12.948323
info:   marge top1-top2 @ gen=2958 : 12.343655 (top1=62462 top2=82839) rank_used=0 chosen=62462 marge_decisionnelle=12.343655
info:   marge top1-top2 @ gen=2959 : 12.054592 (top1=696 top2=909) rank_used=0 chosen=696 marge_decisionnelle=12.054592
info:   marge top1-top2 @ gen=2960 : 8.258252 (top1=22865 top2=12409) rank_used=0 chosen=22865 marge_decisionnelle=8.258252
info:   marge top1-top2 @ gen=2961 : 10.233784 (top1=37485 top2=79845) rank_used=0 chosen=37485 marge_decisionnelle=10.233784
info:   marge top1-top2 @ gen=2962 : 11.174520 (top1=1017 top2=236761) rank_used=0 chosen=1017 marge_decisionnelle=11.174520
info:   marge top1-top2 @ gen=2963 : 13.522036 (top1=108 top2=236743) rank_used=0 chosen=108 marge_decisionnelle=13.522036
info:   marge top1-top2 @ gen=2964 : 12.194661 (top1=4967 top2=3258) rank_used=0 chosen=4967 marge_decisionnelle=12.194661
info:   marge top1-top2 @ gen=2965 : 9.454549 (top1=107058 top2=15307) rank_used=0 chosen=107058 marge_decisionnelle=9.454549
info:   marge top1-top2 @ gen=2966 : 12.482635 (top1=2112 top2=239615) rank_used=0 chosen=2112 marge_decisionnelle=12.482635
info:   marge top1-top2 @ gen=2967 : 8.156630 (top1=118583 top2=8285) rank_used=0 chosen=118583 marge_decisionnelle=8.156630
info:   marge top1-top2 @ gen=2968 : 13.276548 (top1=513 top2=1167) rank_used=0 chosen=513 marge_decisionnelle=13.276548
info:   marge top1-top2 @ gen=2969 : 13.658594 (top1=236789 top2=236858) rank_used=0 chosen=236789 marge_decisionnelle=13.658594
info:   marge top1-top2 @ gen=2970 : 12.347773 (top1=62462 top2=82839) rank_used=0 chosen=62462 marge_decisionnelle=12.347773
info:   marge top1-top2 @ gen=2971 : 12.426343 (top1=1009 top2=568) rank_used=0 chosen=1009 marge_decisionnelle=12.426343
info:   marge top1-top2 @ gen=2972 : 11.408567 (top1=3037 top2=2253) rank_used=0 chosen=3037 marge_decisionnelle=11.408567
info:   marge top1-top2 @ gen=2973 : 10.951391 (top1=9939 top2=64836) rank_used=0 chosen=9939 marge_decisionnelle=10.951391
info:   marge top1-top2 @ gen=2974 : 12.392103 (top1=2947 top2=28539) rank_used=0 chosen=2947 marge_decisionnelle=12.392103
info:   marge top1-top2 @ gen=2975 : 10.677336 (top1=55844 top2=180348) rank_used=0 chosen=55844 marge_decisionnelle=10.677336
info:   marge top1-top2 @ gen=2976 : 12.748925 (top1=674 top2=759) rank_used=0 chosen=674 marge_decisionnelle=12.748925
info:   marge top1-top2 @ gen=2977 : 10.420409 (top1=28421 top2=97811) rank_used=0 chosen=28421 marge_decisionnelle=10.420409
info:   marge top1-top2 @ gen=2978 : 11.477800 (top1=569 top2=513) rank_used=0 chosen=569 marge_decisionnelle=11.477800
info:   marge top1-top2 @ gen=2979 : 9.655638 (top1=10040 top2=13031) rank_used=0 chosen=10040 marge_decisionnelle=9.655638
info:   marge top1-top2 @ gen=2980 : 14.350982 (top1=513 top2=1167) rank_used=0 chosen=513 marge_decisionnelle=14.350982
info:   marge top1-top2 @ gen=2981 : 11.603638 (top1=236789 top2=236858) rank_used=0 chosen=236789 marge_decisionnelle=11.603638
info:   marge top1-top2 @ gen=2982 : 12.067711 (top1=602 top2=5095) rank_used=0 chosen=602 marge_decisionnelle=12.067711
info:   marge top1-top2 @ gen=2983 : 10.892613 (top1=56667 top2=94647) rank_used=0 chosen=56667 marge_decisionnelle=10.892613
info:   marge top1-top2 @ gen=2984 : 11.841666 (top1=568 top2=9298) rank_used=0 chosen=568 marge_decisionnelle=11.841666
info:   marge top1-top2 @ gen=2985 : 10.828520 (top1=182283 top2=3521) rank_used=0 chosen=182283 marge_decisionnelle=10.828520
info:   marge top1-top2 @ gen=2986 : 11.113421 (top1=723 top2=602) rank_used=0 chosen=723 marge_decisionnelle=11.113421
info:   marge top1-top2 @ gen=2987 : 11.832071 (top1=92474 top2=128282) rank_used=0 chosen=92474 marge_decisionnelle=11.832071
info:   marge top1-top2 @ gen=2988 : 13.880234 (top1=236768 top2=237214) rank_used=0 chosen=236768 marge_decisionnelle=13.880234
info:   marge top1-top2 @ gen=2989 : 11.889397 (top1=1608 top2=3229) rank_used=0 chosen=1608 marge_decisionnelle=11.889397
info:   marge top1-top2 @ gen=2990 : 11.564638 (top1=723 top2=602) rank_used=0 chosen=723 marge_decisionnelle=11.564638
info:   marge top1-top2 @ gen=2991 : 10.567326 (top1=9062 top2=30020) rank_used=0 chosen=9062 marge_decisionnelle=10.567326
info:   marge top1-top2 @ gen=2992 : 10.727171 (top1=125091 top2=207771) rank_used=0 chosen=125091 marge_decisionnelle=10.727171
info:   marge top1-top2 @ gen=2993 : 11.141102 (top1=569 top2=513) rank_used=0 chosen=569 marge_decisionnelle=11.141102
info:   marge top1-top2 @ gen=2994 : 10.502905 (top1=60588 top2=4171) rank_used=0 chosen=60588 marge_decisionnelle=10.502905
info:   marge top1-top2 @ gen=2995 : 12.514630 (top1=3349 top2=2637) rank_used=0 chosen=3349 marge_decisionnelle=12.514630
info:   marge top1-top2 @ gen=2996 : 12.296714 (top1=569 top2=513) rank_used=0 chosen=569 marge_decisionnelle=12.296714
info:   marge top1-top2 @ gen=2997 : 12.434311 (top1=12727 top2=81411) rank_used=0 chosen=12727 marge_decisionnelle=12.434311
info:   marge top1-top2 @ gen=2998 : 10.128825 (top1=1190 top2=498) rank_used=0 chosen=1190 marge_decisionnelle=10.128825
info:   marge top1-top2 @ gen=2999 : 10.506411 (top1=193336 top2=14293) rank_used=0 chosen=193336 marge_decisionnelle=10.506411
info:   marge top1-top2 @ gen=3000 : 10.676558 (top1=236761 top2=568) rank_used=0 chosen=236761 marge_decisionnelle=10.676558
info:   marge top1-top2 @ gen=3001 : 11.459985 (top1=16107 top2=36928) rank_used=0 chosen=16107 marge_decisionnelle=11.459985
info:   marge top1-top2 @ gen=3002 : 11.032282 (top1=20995 top2=185817) rank_used=0 chosen=20995 marge_decisionnelle=11.032282
info:   marge top1-top2 @ gen=3003 : 8.815855 (top1=569 top2=513) rank_used=0 chosen=569 marge_decisionnelle=8.815855
info:   marge top1-top2 @ gen=3004 : 8.908425 (top1=150741 top2=47924) rank_used=0 chosen=150741 marge_decisionnelle=8.908425
info:   marge top1-top2 @ gen=3005 : 12.805023 (top1=1640 top2=853) rank_used=0 chosen=1640 marge_decisionnelle=12.805023
info:   marge top1-top2 @ gen=3006 : 9.740894 (top1=3381 top2=153747) rank_used=0 chosen=3381 marge_decisionnelle=9.740894
info:   marge top1-top2 @ gen=3007 : 10.106841 (top1=4154 top2=28256) rank_used=0 chosen=4154 marge_decisionnelle=10.106841
info:   marge top1-top2 @ gen=3008 : 9.779988 (top1=23371 top2=33761) rank_used=0 chosen=23371 marge_decisionnelle=9.779988
info:   marge top1-top2 @ gen=3009 : 9.224743 (top1=2417 top2=3658) rank_used=0 chosen=2417 marge_decisionnelle=9.224743
info:   marge top1-top2 @ gen=3010 : 14.153159 (top1=513 top2=1167) rank_used=0 chosen=513 marge_decisionnelle=14.153159
info:   marge top1-top2 @ gen=3011 : 12.512352 (top1=236789 top2=236858) rank_used=0 chosen=236789 marge_decisionnelle=12.512352
info:   marge top1-top2 @ gen=3012 : 10.558483 (top1=2253 top2=602) rank_used=0 chosen=2253 marge_decisionnelle=10.558483
info:   marge top1-top2 @ gen=3013 : 9.716750 (top1=20412 top2=23376) rank_used=0 chosen=20412 marge_decisionnelle=9.716750
info:   marge top1-top2 @ gen=3014 : 10.678057 (top1=56556 top2=80214) rank_used=0 chosen=56556 marge_decisionnelle=10.678057
info:   marge top1-top2 @ gen=3015 : 11.646906 (top1=236764 top2=568) rank_used=0 chosen=236764 marge_decisionnelle=11.646906
info:   marge top1-top2 @ gen=3016 : 12.030806 (top1=674 top2=1998) rank_used=0 chosen=674 marge_decisionnelle=12.030806
info:   marge top1-top2 @ gen=3017 : 11.935813 (top1=56667 top2=38325) rank_used=0 chosen=56667 marge_decisionnelle=11.935813
info:   marge top1-top2 @ gen=3018 : 11.386187 (top1=770 top2=636) rank_used=0 chosen=770 marge_decisionnelle=11.386187
info:   marge top1-top2 @ gen=3019 : 10.246022 (top1=636 top2=1248) rank_used=0 chosen=636 marge_decisionnelle=10.246022
info:   marge top1-top2 @ gen=3020 : 8.795750 (top1=4702 top2=31995) rank_used=0 chosen=4702 marge_decisionnelle=8.795750
info:   marge top1-top2 @ gen=3021 : 8.814322 (top1=500 top2=1150) rank_used=0 chosen=500 marge_decisionnelle=8.814322
info:   marge top1-top2 @ gen=3022 : 10.560532 (top1=929 top2=690) rank_used=0 chosen=929 marge_decisionnelle=10.560532
info:   marge top1-top2 @ gen=3023 : 13.044662 (top1=1270 top2=556) rank_used=0 chosen=1270 marge_decisionnelle=13.044662
info:   marge top1-top2 @ gen=3024 : 11.571086 (top1=3037 top2=723) rank_used=0 chosen=3037 marge_decisionnelle=11.571086
info:   marge top1-top2 @ gen=3025 : 12.543666 (top1=623 top2=2789) rank_used=0 chosen=623 marge_decisionnelle=12.543666
info:   marge top1-top2 @ gen=3026 : 12.222564 (top1=15307 top2=59281) rank_used=0 chosen=15307 marge_decisionnelle=12.222564
info:   marge top1-top2 @ gen=3027 : 6.288561 (top1=8328 top2=30049) rank_used=0 chosen=8328 marge_decisionnelle=6.288561
info:   marge top1-top2 @ gen=3028 : 14.320877 (top1=236775 top2=236789) rank_used=0 chosen=236775 marge_decisionnelle=14.320877
info:   marge top1-top2 @ gen=3029 : 8.626415 (top1=39924 top2=222544) rank_used=0 chosen=39924 marge_decisionnelle=8.626415
info:   marge top1-top2 @ gen=3030 : 12.484465 (top1=2947 top2=28539) rank_used=0 chosen=2947 marge_decisionnelle=12.484465
info:   marge top1-top2 @ gen=3031 : 10.112179 (top1=636 top2=1248) rank_used=0 chosen=636 marge_decisionnelle=10.112179
info:   marge top1-top2 @ gen=3032 : 13.539772 (top1=2972 top2=120761) rank_used=0 chosen=2972 marge_decisionnelle=13.539772
info:   marge top1-top2 @ gen=3033 : 8.345648 (top1=2811 top2=3518) rank_used=0 chosen=2811 marge_decisionnelle=8.345648
info:   marge top1-top2 @ gen=3034 : 14.515202 (top1=3229 top2=16107) rank_used=0 chosen=3229 marge_decisionnelle=14.515202
info:   marge top1-top2 @ gen=3035 : 10.701448 (top1=13969 top2=50157) rank_used=0 chosen=13969 marge_decisionnelle=10.701448
info:   marge top1-top2 @ gen=3036 : 13.136207 (top1=1008 top2=570) rank_used=0 chosen=1008 marge_decisionnelle=13.136207
info:   marge top1-top2 @ gen=3037 : 10.365591 (top1=1608 top2=40300) rank_used=0 chosen=1608 marge_decisionnelle=10.365591
info:   marge top1-top2 @ gen=3038 : 5.996960 (top1=40300 top2=146955) rank_used=0 chosen=40300 marge_decisionnelle=5.996960
info:   marge top1-top2 @ gen=3039 : 12.046308 (top1=569 top2=1747) rank_used=0 chosen=569 marge_decisionnelle=12.046308
info:   marge top1-top2 @ gen=3040 : 10.758322 (top1=759 top2=537) rank_used=0 chosen=759 marge_decisionnelle=10.758322
info:   marge top1-top2 @ gen=3041 : 8.263784 (top1=22939 top2=81872) rank_used=0 chosen=22939 marge_decisionnelle=8.263784
info:   marge top1-top2 @ gen=3042 : 11.574764 (top1=236761 top2=568) rank_used=0 chosen=236761 marge_decisionnelle=11.574764
info:   marge top1-top2 @ gen=3043 : 8.502798 (top1=27301 top2=50822) rank_used=0 chosen=27301 marge_decisionnelle=8.502798
info:   marge top1-top2 @ gen=3044 : 7.142656 (top1=129120 top2=4313) rank_used=0 chosen=129120 marge_decisionnelle=7.142656
info:   ... step 3072 (3044 générés)
info:   marge top1-top2 @ gen=3045 : 8.490442 (top1=15075 top2=26230) rank_used=0 chosen=15075 marge_decisionnelle=8.490442
info:   marge top1-top2 @ gen=3046 : 10.036627 (top1=569 top2=513) rank_used=0 chosen=569 marge_decisionnelle=10.036627
info:   marge top1-top2 @ gen=3047 : 8.891782 (top1=91920 top2=187135) rank_used=0 chosen=91920 marge_decisionnelle=8.891782
info:   marge top1-top2 @ gen=3048 : 11.183827 (top1=40661 top2=94888) rank_used=0 chosen=40661 marge_decisionnelle=11.183827
info:   marge top1-top2 @ gen=3049 : 7.258215 (top1=68962 top2=27228) rank_used=0 chosen=68962 marge_decisionnelle=7.258215
info:   marge top1-top2 @ gen=3050 : 12.137820 (top1=759 top2=537) rank_used=0 chosen=759 marge_decisionnelle=12.137820
info:   marge top1-top2 @ gen=3051 : 10.757304 (top1=83876 top2=86446) rank_used=0 chosen=83876 marge_decisionnelle=10.757304
info:   marge top1-top2 @ gen=3052 : 13.915799 (top1=569 top2=513) rank_used=0 chosen=569 marge_decisionnelle=13.915799
info:   marge top1-top2 @ gen=3053 : 10.173553 (top1=3313 top2=150741) rank_used=0 chosen=3313 marge_decisionnelle=10.173553
info:   marge top1-top2 @ gen=3054 : 10.777341 (top1=46778 top2=16066) rank_used=0 chosen=46778 marge_decisionnelle=10.777341
info:   marge top1-top2 @ gen=3055 : 13.298000 (top1=9966 top2=33334) rank_used=0 chosen=9966 marge_decisionnelle=13.298000
info:   marge top1-top2 @ gen=3056 : 13.635179 (top1=696 top2=113526) rank_used=0 chosen=696 marge_decisionnelle=13.635179
info:   marge top1-top2 @ gen=3057 : 10.948017 (top1=80334 top2=9841) rank_used=0 chosen=80334 marge_decisionnelle=10.948017
info:   marge top1-top2 @ gen=3058 : 12.749776 (top1=3229 top2=6397) rank_used=0 chosen=3229 marge_decisionnelle=12.749776
info:   marge top1-top2 @ gen=3059 : 11.783016 (top1=56667 top2=94647) rank_used=0 chosen=56667 marge_decisionnelle=11.783016
info:   marge top1-top2 @ gen=3060 : 8.981493 (top1=569 top2=513) rank_used=0 chosen=569 marge_decisionnelle=8.981493
info:   marge top1-top2 @ gen=3061 : 10.147097 (top1=131976 top2=56391) rank_used=0 chosen=131976 marge_decisionnelle=10.147097
info:   marge top1-top2 @ gen=3062 : 15.567412 (top1=853 top2=25029) rank_used=0 chosen=853 marge_decisionnelle=15.567412
info:   marge top1-top2 @ gen=3063 : 7.464230 (top1=138905 top2=23505) rank_used=0 chosen=138905 marge_decisionnelle=7.464230
info:   marge top1-top2 @ gen=3064 : 12.272739 (top1=569 top2=513) rank_used=0 chosen=569 marge_decisionnelle=12.272739
info:   marge top1-top2 @ gen=3065 : 7.995234 (top1=50711 top2=31120) rank_used=0 chosen=50711 marge_decisionnelle=7.995234
info:   marge top1-top2 @ gen=3066 : 6.922918 (top1=24562 top2=203434) rank_used=0 chosen=24562 marge_decisionnelle=6.922918
info:   marge top1-top2 @ gen=3067 : 9.539499 (top1=108417 top2=6888) rank_used=0 chosen=108417 marge_decisionnelle=9.539499
info:   marge top1-top2 @ gen=3068 : 8.837170 (top1=703 top2=785) rank_used=0 chosen=703 marge_decisionnelle=8.837170
info:   marge top1-top2 @ gen=3069 : 11.159880 (top1=236761 top2=568) rank_used=0 chosen=236761 marge_decisionnelle=11.159880
info:   marge top1-top2 @ gen=3070 : 5.306358 (top1=954 top2=1454) rank_used=0 chosen=954 marge_decisionnelle=5.306358
info:   marge top1-top2 @ gen=3071 : 10.256321 (top1=45518 top2=3480) rank_used=0 chosen=45518 marge_decisionnelle=10.256321
info:   marge top1-top2 @ gen=3072 : 10.693047 (top1=236813 top2=236842) rank_used=0 chosen=236813 marge_decisionnelle=10.693047
info:   marge top1-top2 @ gen=3073 : 9.934677 (top1=107 top2=106) rank_used=0 chosen=107 marge_decisionnelle=9.934677
info:   marge top1-top2 @ gen=3074 : 5.491097 (top1=101 top2=100) rank_used=0 chosen=101 marge_decisionnelle=5.491097
info:   marge top1-top2 @ gen=3075 : 9.028450 (top1=129930 top2=8291) rank_used=0 chosen=129930 marge_decisionnelle=9.028450
info:   marge top1-top2 @ gen=3076 : 10.928658 (top1=3037 top2=5723) rank_used=0 chosen=3037 marge_decisionnelle=10.928658
info:   marge top1-top2 @ gen=3077 : 10.910272 (top1=2049 top2=28620) rank_used=0 chosen=2049 marge_decisionnelle=10.910272
info:   marge top1-top2 @ gen=3078 : 7.387911 (top1=4052 top2=2309) rank_used=0 chosen=4052 marge_decisionnelle=7.387911
info:   marge top1-top2 @ gen=3079 : 13.445617 (top1=569 top2=1747) rank_used=0 chosen=569 marge_decisionnelle=13.445617
info:   marge top1-top2 @ gen=3080 : 11.920529 (top1=759 top2=537) rank_used=0 chosen=759 marge_decisionnelle=11.920529
info:   marge top1-top2 @ gen=3081 : 10.654644 (top1=107058 top2=15307) rank_used=0 chosen=107058 marge_decisionnelle=10.654644
info:   marge top1-top2 @ gen=3082 : 12.205868 (top1=2112 top2=239615) rank_used=0 chosen=2112 marge_decisionnelle=12.205868
info:   marge top1-top2 @ gen=3083 : 8.958635 (top1=118583 top2=8285) rank_used=0 chosen=118583 marge_decisionnelle=8.958635
info:   marge top1-top2 @ gen=3084 : 13.710790 (top1=513 top2=1167) rank_used=0 chosen=513 marge_decisionnelle=13.710790
info:   marge top1-top2 @ gen=3085 : 13.989566 (top1=236789 top2=236858) rank_used=0 chosen=236789 marge_decisionnelle=13.989566
info:   marge top1-top2 @ gen=3086 : 12.352579 (top1=62462 top2=82839) rank_used=0 chosen=62462 marge_decisionnelle=12.352579
info:   marge top1-top2 @ gen=3087 : 12.354902 (top1=696 top2=909) rank_used=0 chosen=696 marge_decisionnelle=12.354902
info:   marge top1-top2 @ gen=3088 : 8.224176 (top1=22865 top2=12409) rank_used=0 chosen=22865 marge_decisionnelle=8.224176
info:   marge top1-top2 @ gen=3089 : 10.264946 (top1=37485 top2=79845) rank_used=0 chosen=37485 marge_decisionnelle=10.264946
info:   marge top1-top2 @ gen=3090 : 11.163598 (top1=1017 top2=236761) rank_used=0 chosen=1017 marge_decisionnelle=11.163598
info:   marge top1-top2 @ gen=3091 : 13.551419 (top1=108 top2=236743) rank_used=0 chosen=108 marge_decisionnelle=13.551419
info:   marge top1-top2 @ gen=3092 : 12.241969 (top1=4967 top2=3258) rank_used=0 chosen=4967 marge_decisionnelle=12.241969
info:   marge top1-top2 @ gen=3093 : 9.491573 (top1=107058 top2=15307) rank_used=0 chosen=107058 marge_decisionnelle=9.491573
info:   marge top1-top2 @ gen=3094 : 12.491779 (top1=2112 top2=239615) rank_used=0 chosen=2112 marge_decisionnelle=12.491779
info:   marge top1-top2 @ gen=3095 : 8.198017 (top1=118583 top2=8285) rank_used=0 chosen=118583 marge_decisionnelle=8.198017
info:   marge top1-top2 @ gen=3096 : 13.433085 (top1=513 top2=1167) rank_used=0 chosen=513 marge_decisionnelle=13.433085
info:   marge top1-top2 @ gen=3097 : 13.471628 (top1=236789 top2=236858) rank_used=0 chosen=236789 marge_decisionnelle=13.471628
info:   marge top1-top2 @ gen=3098 : 12.311400 (top1=62462 top2=82839) rank_used=0 chosen=62462 marge_decisionnelle=12.311400
info:   marge top1-top2 @ gen=3099 : 12.688345 (top1=1009 top2=598) rank_used=0 chosen=1009 marge_decisionnelle=12.688345
info:   marge top1-top2 @ gen=3100 : 11.585077 (top1=3037 top2=2253) rank_used=0 chosen=3037 marge_decisionnelle=11.585077
info:   marge top1-top2 @ gen=3101 : 11.012303 (top1=9939 top2=64836) rank_used=0 chosen=9939 marge_decisionnelle=11.012303
info:   marge top1-top2 @ gen=3102 : 12.456539 (top1=2947 top2=28539) rank_used=0 chosen=2947 marge_decisionnelle=12.456539
info:   marge top1-top2 @ gen=3103 : 10.735861 (top1=55844 top2=180348) rank_used=0 chosen=55844 marge_decisionnelle=10.735861
info:   marge top1-top2 @ gen=3104 : 12.830583 (top1=674 top2=759) rank_used=0 chosen=674 marge_decisionnelle=12.830583
info:   marge top1-top2 @ gen=3105 : 10.446281 (top1=28421 top2=97811) rank_used=0 chosen=28421 marge_decisionnelle=10.446281
info:   marge top1-top2 @ gen=3106 : 11.528395 (top1=569 top2=513) rank_used=0 chosen=569 marge_decisionnelle=11.528395
info:   marge top1-top2 @ gen=3107 : 9.704191 (top1=10040 top2=13031) rank_used=0 chosen=10040 marge_decisionnelle=9.704191
info:   marge top1-top2 @ gen=3108 : 14.359407 (top1=513 top2=1167) rank_used=0 chosen=513 marge_decisionnelle=14.359407
info:   marge top1-top2 @ gen=3109 : 13.104217 (top1=236789 top2=236858) rank_used=0 chosen=236789 marge_decisionnelle=13.104217
info:   marge top1-top2 @ gen=3110 : 11.714546 (top1=602 top2=5095) rank_used=0 chosen=602 marge_decisionnelle=11.714546
info:   marge top1-top2 @ gen=3111 : 11.009498 (top1=56667 top2=94647) rank_used=0 chosen=56667 marge_decisionnelle=11.009498
info:   marge top1-top2 @ gen=3112 : 11.771494 (top1=568 top2=9298) rank_used=0 chosen=568 marge_decisionnelle=11.771494
info:   marge top1-top2 @ gen=3113 : 10.809932 (top1=182283 top2=3521) rank_used=0 chosen=182283 marge_decisionnelle=10.809932
info:   marge top1-top2 @ gen=3114 : 11.254239 (top1=723 top2=602) rank_used=0 chosen=723 marge_decisionnelle=11.254239
info:   marge top1-top2 @ gen=3115 : 11.674783 (top1=92474 top2=128282) rank_used=0 chosen=92474 marge_decisionnelle=11.674783
info:   marge top1-top2 @ gen=3116 : 14.035218 (top1=236768 top2=237214) rank_used=0 chosen=236768 marge_decisionnelle=14.035218
info:   marge top1-top2 @ gen=3117 : 11.842694 (top1=1608 top2=3229) rank_used=0 chosen=1608 marge_decisionnelle=11.842694
info:   marge top1-top2 @ gen=3118 : 11.627875 (top1=723 top2=602) rank_used=0 chosen=723 marge_decisionnelle=11.627875
info:   marge top1-top2 @ gen=3119 : 10.518803 (top1=9062 top2=30020) rank_used=0 chosen=9062 marge_decisionnelle=10.518803
info:   marge top1-top2 @ gen=3120 : 10.730523 (top1=125091 top2=207771) rank_used=0 chosen=125091 marge_decisionnelle=10.730523
info:   marge top1-top2 @ gen=3121 : 11.177563 (top1=569 top2=513) rank_used=0 chosen=569 marge_decisionnelle=11.177563
info:   marge top1-top2 @ gen=3122 : 10.553128 (top1=60588 top2=4171) rank_used=0 chosen=60588 marge_decisionnelle=10.553128
info:   marge top1-top2 @ gen=3123 : 12.546943 (top1=3349 top2=2637) rank_used=0 chosen=3349 marge_decisionnelle=12.546943
info:   marge top1-top2 @ gen=3124 : 12.315392 (top1=569 top2=513) rank_used=0 chosen=569 marge_decisionnelle=12.315392
info:   marge top1-top2 @ gen=3125 : 12.378965 (top1=12727 top2=236750) rank_used=0 chosen=12727 marge_decisionnelle=12.378965
info:   marge top1-top2 @ gen=3126 : 10.161407 (top1=1190 top2=498) rank_used=0 chosen=1190 marge_decisionnelle=10.161407
info:   marge top1-top2 @ gen=3127 : 10.434830 (top1=193336 top2=14293) rank_used=0 chosen=193336 marge_decisionnelle=10.434830
info:   marge top1-top2 @ gen=3128 : 10.657919 (top1=236761 top2=568) rank_used=0 chosen=236761 marge_decisionnelle=10.657919
info:   marge top1-top2 @ gen=3129 : 11.438399 (top1=16107 top2=36928) rank_used=0 chosen=16107 marge_decisionnelle=11.438399
info:   marge top1-top2 @ gen=3130 : 11.036373 (top1=20995 top2=185817) rank_used=0 chosen=20995 marge_decisionnelle=11.036373
info:   marge top1-top2 @ gen=3131 : 8.832377 (top1=569 top2=513) rank_used=0 chosen=569 marge_decisionnelle=8.832377
info:   marge top1-top2 @ gen=3132 : 9.109023 (top1=150741 top2=47924) rank_used=0 chosen=150741 marge_decisionnelle=9.109023
info:   marge top1-top2 @ gen=3133 : 12.827329 (top1=1640 top2=853) rank_used=0 chosen=1640 marge_decisionnelle=12.827329
info:   marge top1-top2 @ gen=3134 : 9.322133 (top1=3381 top2=153747) rank_used=0 chosen=3381 marge_decisionnelle=9.322133
info:   marge top1-top2 @ gen=3135 : 9.878742 (top1=4154 top2=28256) rank_used=0 chosen=4154 marge_decisionnelle=9.878742
info:   marge top1-top2 @ gen=3136 : 9.684252 (top1=23371 top2=33761) rank_used=0 chosen=23371 marge_decisionnelle=9.684252
info:   marge top1-top2 @ gen=3137 : 9.168048 (top1=2417 top2=3658) rank_used=0 chosen=2417 marge_decisionnelle=9.168048
info:   marge top1-top2 @ gen=3138 : 14.071319 (top1=513 top2=1167) rank_used=0 chosen=513 marge_decisionnelle=14.071319
info:   marge top1-top2 @ gen=3139 : 12.523405 (top1=236789 top2=236858) rank_used=0 chosen=236789 marge_decisionnelle=12.523405
info:   marge top1-top2 @ gen=3140 : 11.610353 (top1=2253 top2=5216) rank_used=0 chosen=2253 marge_decisionnelle=11.610353
info:   marge top1-top2 @ gen=3141 : 9.831728 (top1=20412 top2=23376) rank_used=0 chosen=20412 marge_decisionnelle=9.831728
info:   marge top1-top2 @ gen=3142 : 10.456684 (top1=56556 top2=80214) rank_used=0 chosen=56556 marge_decisionnelle=10.456684
info:   marge top1-top2 @ gen=3143 : 11.594044 (top1=236764 top2=568) rank_used=0 chosen=236764 marge_decisionnelle=11.594044
info:   marge top1-top2 @ gen=3144 : 11.868321 (top1=674 top2=1998) rank_used=0 chosen=674 marge_decisionnelle=11.868321
info:   marge top1-top2 @ gen=3145 : 11.815708 (top1=56667 top2=38325) rank_used=0 chosen=56667 marge_decisionnelle=11.815708
info:   marge top1-top2 @ gen=3146 : 11.385523 (top1=770 top2=636) rank_used=0 chosen=770 marge_decisionnelle=11.385523
info:   marge top1-top2 @ gen=3147 : 10.293161 (top1=636 top2=1248) rank_used=0 chosen=636 marge_decisionnelle=10.293161
info:   marge top1-top2 @ gen=3148 : 8.815944 (top1=4702 top2=31995) rank_used=0 chosen=4702 marge_decisionnelle=8.815944
info:   marge top1-top2 @ gen=3149 : 8.928822 (top1=500 top2=1150) rank_used=0 chosen=500 marge_decisionnelle=8.928822
info:   marge top1-top2 @ gen=3150 : 10.304949 (top1=929 top2=690) rank_used=0 chosen=929 marge_decisionnelle=10.304949
info:   marge top1-top2 @ gen=3151 : 13.103170 (top1=1270 top2=556) rank_used=0 chosen=1270 marge_decisionnelle=13.103170
info:   marge top1-top2 @ gen=3152 : 11.660264 (top1=3037 top2=723) rank_used=0 chosen=3037 marge_decisionnelle=11.660264
info:   marge top1-top2 @ gen=3153 : 12.647666 (top1=623 top2=107058) rank_used=0 chosen=623 marge_decisionnelle=12.647666
info:   marge top1-top2 @ gen=3154 : 12.079470 (top1=15307 top2=59281) rank_used=0 chosen=15307 marge_decisionnelle=12.079470
info:   marge top1-top2 @ gen=3155 : 6.638236 (top1=8328 top2=30049) rank_used=0 chosen=8328 marge_decisionnelle=6.638236
info:   marge top1-top2 @ gen=3156 : 14.206060 (top1=236775 top2=236789) rank_used=0 chosen=236775 marge_decisionnelle=14.206060
info:   marge top1-top2 @ gen=3157 : 8.650517 (top1=39924 top2=222544) rank_used=0 chosen=39924 marge_decisionnelle=8.650517
info:   marge top1-top2 @ gen=3158 : 12.626159 (top1=2947 top2=28539) rank_used=0 chosen=2947 marge_decisionnelle=12.626159
info:   marge top1-top2 @ gen=3159 : 10.192034 (top1=636 top2=1248) rank_used=0 chosen=636 marge_decisionnelle=10.192034
info:   marge top1-top2 @ gen=3160 : 13.409370 (top1=2972 top2=120761) rank_used=0 chosen=2972 marge_decisionnelle=13.409370
info:   marge top1-top2 @ gen=3161 : 8.524105 (top1=2811 top2=3518) rank_used=0 chosen=2811 marge_decisionnelle=8.524105
info:   marge top1-top2 @ gen=3162 : 14.634912 (top1=3229 top2=16107) rank_used=0 chosen=3229 marge_decisionnelle=14.634912
info:   marge top1-top2 @ gen=3163 : 10.591725 (top1=13969 top2=50157) rank_used=0 chosen=13969 marge_decisionnelle=10.591725
info:   marge top1-top2 @ gen=3164 : 13.265447 (top1=1008 top2=570) rank_used=0 chosen=1008 marge_decisionnelle=13.265447
info:   marge top1-top2 @ gen=3165 : 10.163857 (top1=1608 top2=40300) rank_used=0 chosen=1608 marge_decisionnelle=10.163857
info:   marge top1-top2 @ gen=3166 : 5.917707 (top1=40300 top2=146955) rank_used=0 chosen=40300 marge_decisionnelle=5.917707
info:   marge top1-top2 @ gen=3167 : 12.069457 (top1=569 top2=1747) rank_used=0 chosen=569 marge_decisionnelle=12.069457
info:   marge top1-top2 @ gen=3168 : 10.627548 (top1=759 top2=537) rank_used=0 chosen=759 marge_decisionnelle=10.627548
info:   marge top1-top2 @ gen=3169 : 7.926874 (top1=22939 top2=81872) rank_used=0 chosen=22939 marge_decisionnelle=7.926874
info:   marge top1-top2 @ gen=3170 : 11.475779 (top1=236761 top2=568) rank_used=0 chosen=236761 marge_decisionnelle=11.475779
info:   marge top1-top2 @ gen=3171 : 8.486586 (top1=27301 top2=50822) rank_used=0 chosen=27301 marge_decisionnelle=8.486586
info:   marge top1-top2 @ gen=3172 : 7.130079 (top1=129120 top2=4313) rank_used=0 chosen=129120 marge_decisionnelle=7.130079
info:   marge top1-top2 @ gen=3173 : 8.527604 (top1=15075 top2=26230) rank_used=0 chosen=15075 marge_decisionnelle=8.527604
info:   marge top1-top2 @ gen=3174 : 10.021942 (top1=569 top2=513) rank_used=0 chosen=569 marge_decisionnelle=10.021942
info:   marge top1-top2 @ gen=3175 : 8.861185 (top1=91920 top2=187135) rank_used=0 chosen=91920 marge_decisionnelle=8.861185
info:   marge top1-top2 @ gen=3176 : 11.194695 (top1=40661 top2=1966) rank_used=0 chosen=40661 marge_decisionnelle=11.194695
info:   marge top1-top2 @ gen=3177 : 7.190939 (top1=68962 top2=27228) rank_used=0 chosen=68962 marge_decisionnelle=7.190939
info:   marge top1-top2 @ gen=3178 : 11.868709 (top1=759 top2=674) rank_used=0 chosen=759 marge_decisionnelle=11.868709
info:   marge top1-top2 @ gen=3179 : 10.793062 (top1=83876 top2=86446) rank_used=0 chosen=83876 marge_decisionnelle=10.793062
info:   marge top1-top2 @ gen=3180 : 13.531387 (top1=569 top2=513) rank_used=0 chosen=569 marge_decisionnelle=13.531387
info:   marge top1-top2 @ gen=3181 : 10.168479 (top1=3313 top2=150741) rank_used=0 chosen=3313 marge_decisionnelle=10.168479
info:   marge top1-top2 @ gen=3182 : 10.797073 (top1=46778 top2=16066) rank_used=0 chosen=46778 marge_decisionnelle=10.797073
info:   marge top1-top2 @ gen=3183 : 13.361381 (top1=9966 top2=33334) rank_used=0 chosen=9966 marge_decisionnelle=13.361381
info:   marge top1-top2 @ gen=3184 : 13.669652 (top1=696 top2=113526) rank_used=0 chosen=696 marge_decisionnelle=13.669652
info:   marge top1-top2 @ gen=3185 : 10.975549 (top1=80334 top2=9841) rank_used=0 chosen=80334 marge_decisionnelle=10.975549
info:   marge top1-top2 @ gen=3186 : 12.504169 (top1=3229 top2=6397) rank_used=0 chosen=3229 marge_decisionnelle=12.504169
info:   marge top1-top2 @ gen=3187 : 11.609816 (top1=56667 top2=94647) rank_used=0 chosen=56667 marge_decisionnelle=11.609816
info:   marge top1-top2 @ gen=3188 : 8.990129 (top1=569 top2=513) rank_used=0 chosen=569 marge_decisionnelle=8.990129
info:   marge top1-top2 @ gen=3189 : 10.160962 (top1=131976 top2=56391) rank_used=0 chosen=131976 marge_decisionnelle=10.160962
info:   marge top1-top2 @ gen=3190 : 15.579879 (top1=853 top2=569) rank_used=0 chosen=853 marge_decisionnelle=15.579879
info:   marge top1-top2 @ gen=3191 : 7.531279 (top1=138905 top2=23505) rank_used=0 chosen=138905 marge_decisionnelle=7.531279
info:   marge top1-top2 @ gen=3192 : 12.199727 (top1=569 top2=513) rank_used=0 chosen=569 marge_decisionnelle=12.199727
info:   marge top1-top2 @ gen=3193 : 7.690575 (top1=50711 top2=31120) rank_used=0 chosen=50711 marge_decisionnelle=7.690575
info:   marge top1-top2 @ gen=3194 : 6.962360 (top1=24562 top2=203434) rank_used=0 chosen=24562 marge_decisionnelle=6.962360
info:   marge top1-top2 @ gen=3195 : 9.436194 (top1=108417 top2=6888) rank_used=0 chosen=108417 marge_decisionnelle=9.436194
info:   marge top1-top2 @ gen=3196 : 8.603395 (top1=703 top2=785) rank_used=0 chosen=703 marge_decisionnelle=8.603395
info:   marge top1-top2 @ gen=3197 : 11.323965 (top1=236761 top2=568) rank_used=0 chosen=236761 marge_decisionnelle=11.323965
info:   marge top1-top2 @ gen=3198 : 5.367962 (top1=954 top2=1454) rank_used=0 chosen=954 marge_decisionnelle=5.367962
info:   marge top1-top2 @ gen=3199 : 10.214157 (top1=45518 top2=3480) rank_used=0 chosen=45518 marge_decisionnelle=10.214157
info:   marge top1-top2 @ gen=3200 : 10.806649 (top1=236813 top2=236842) rank_used=0 chosen=236813 marge_decisionnelle=10.806649
info:   marge top1-top2 @ gen=3201 : 9.766407 (top1=107 top2=106) rank_used=0 chosen=107 marge_decisionnelle=9.766407
info:   marge top1-top2 @ gen=3202 : 5.622910 (top1=101 top2=100) rank_used=0 chosen=101 marge_decisionnelle=5.622910
info:   marge top1-top2 @ gen=3203 : 9.063184 (top1=129930 top2=8291) rank_used=0 chosen=129930 marge_decisionnelle=9.063184
info:   marge top1-top2 @ gen=3204 : 10.931080 (top1=3037 top2=5723) rank_used=0 chosen=3037 marge_decisionnelle=10.931080
info:   marge top1-top2 @ gen=3205 : 10.860404 (top1=2049 top2=28620) rank_used=0 chosen=2049 marge_decisionnelle=10.860404
info:   marge top1-top2 @ gen=3206 : 7.641375 (top1=4052 top2=2309) rank_used=0 chosen=4052 marge_decisionnelle=7.641375
info:   marge top1-top2 @ gen=3207 : 13.498704 (top1=569 top2=1747) rank_used=0 chosen=569 marge_decisionnelle=13.498704
info:   marge top1-top2 @ gen=3208 : 11.915732 (top1=759 top2=537) rank_used=0 chosen=759 marge_decisionnelle=11.915732
info:   marge top1-top2 @ gen=3209 : 10.720910 (top1=107058 top2=15307) rank_used=0 chosen=107058 marge_decisionnelle=10.720910
info:   marge top1-top2 @ gen=3210 : 12.162375 (top1=2112 top2=239615) rank_used=0 chosen=2112 marge_decisionnelle=12.162375
info:   marge top1-top2 @ gen=3211 : 9.412569 (top1=118583 top2=8285) rank_used=0 chosen=118583 marge_decisionnelle=9.412569
info:   marge top1-top2 @ gen=3212 : 13.604643 (top1=513 top2=1167) rank_used=0 chosen=513 marge_decisionnelle=13.604643
info:   marge top1-top2 @ gen=3213 : 12.894677 (top1=236789 top2=236858) rank_used=0 chosen=236789 marge_decisionnelle=12.894677
info:   marge top1-top2 @ gen=3214 : 12.390419 (top1=62462 top2=82839) rank_used=0 chosen=62462 marge_decisionnelle=12.390419
info:   marge top1-top2 @ gen=3215 : 12.218836 (top1=696 top2=909) rank_used=0 chosen=696 marge_decisionnelle=12.218836
info:   marge top1-top2 @ gen=3216 : 8.227315 (top1=22865 top2=12409) rank_used=0 chosen=22865 marge_decisionnelle=8.227315
info:   marge top1-top2 @ gen=3217 : 10.205996 (top1=37485 top2=79845) rank_used=0 chosen=37485 marge_decisionnelle=10.205996
info:   marge top1-top2 @ gen=3218 : 11.242502 (top1=1017 top2=236761) rank_used=0 chosen=1017 marge_decisionnelle=11.242502
info:   marge top1-top2 @ gen=3219 : 13.504201 (top1=108 top2=236743) rank_used=0 chosen=108 marge_decisionnelle=13.504201
info:   marge top1-top2 @ gen=3220 : 12.135347 (top1=4967 top2=258883) rank_used=0 chosen=4967 marge_decisionnelle=12.196774
info:   marge top1-top2 @ gen=3221 : 9.545116 (top1=107058 top2=15307) rank_used=0 chosen=107058 marge_decisionnelle=9.545116
info:   marge top1-top2 @ gen=3222 : 12.589561 (top1=2112 top2=239615) rank_used=0 chosen=2112 marge_decisionnelle=12.589561
info:   marge top1-top2 @ gen=3223 : 8.419312 (top1=118583 top2=8285) rank_used=0 chosen=118583 marge_decisionnelle=8.419312
info:   marge top1-top2 @ gen=3224 : 13.250874 (top1=513 top2=1167) rank_used=0 chosen=513 marge_decisionnelle=13.250874
info:   marge top1-top2 @ gen=3225 : 13.553471 (top1=236789 top2=236858) rank_used=0 chosen=236789 marge_decisionnelle=13.553471
info:   marge top1-top2 @ gen=3226 : 12.209407 (top1=62462 top2=82839) rank_used=0 chosen=62462 marge_decisionnelle=12.209407
info:   marge top1-top2 @ gen=3227 : 12.794088 (top1=1009 top2=568) rank_used=0 chosen=1009 marge_decisionnelle=12.794088
info:   marge top1-top2 @ gen=3228 : 11.586459 (top1=3037 top2=2253) rank_used=0 chosen=3037 marge_decisionnelle=11.586459
info:   marge top1-top2 @ gen=3229 : 11.038437 (top1=9939 top2=64836) rank_used=0 chosen=9939 marge_decisionnelle=11.038437
info:   marge top1-top2 @ gen=3230 : 12.441813 (top1=2947 top2=28539) rank_used=0 chosen=2947 marge_decisionnelle=12.441813
info:   marge top1-top2 @ gen=3231 : 10.830927 (top1=55844 top2=180348) rank_used=0 chosen=55844 marge_decisionnelle=10.830927
info:   marge top1-top2 @ gen=3232 : 12.766515 (top1=674 top2=759) rank_used=0 chosen=674 marge_decisionnelle=12.766515
info:   marge top1-top2 @ gen=3233 : 10.391012 (top1=28421 top2=97811) rank_used=0 chosen=28421 marge_decisionnelle=10.391012
info:   marge top1-top2 @ gen=3234 : 11.510656 (top1=569 top2=513) rank_used=0 chosen=569 marge_decisionnelle=11.510656
info:   marge top1-top2 @ gen=3235 : 9.694528 (top1=10040 top2=13031) rank_used=0 chosen=10040 marge_decisionnelle=9.694528
info:   marge top1-top2 @ gen=3236 : 14.410084 (top1=513 top2=1167) rank_used=0 chosen=513 marge_decisionnelle=14.410084
info:   marge top1-top2 @ gen=3237 : 11.959955 (top1=236789 top2=236858) rank_used=0 chosen=236789 marge_decisionnelle=11.959955
info:   marge top1-top2 @ gen=3238 : 11.880978 (top1=602 top2=5095) rank_used=0 chosen=602 marge_decisionnelle=11.880978
info:   marge top1-top2 @ gen=3239 : 10.995255 (top1=56667 top2=94647) rank_used=0 chosen=56667 marge_decisionnelle=10.995255
info:   marge top1-top2 @ gen=3240 : 11.710398 (top1=568 top2=9298) rank_used=0 chosen=568 marge_decisionnelle=11.710398
info:   marge top1-top2 @ gen=3241 : 10.803111 (top1=182283 top2=3521) rank_used=0 chosen=182283 marge_decisionnelle=10.803111
info:   marge top1-top2 @ gen=3242 : 11.266542 (top1=723 top2=602) rank_used=0 chosen=723 marge_decisionnelle=11.266542
info:   marge top1-top2 @ gen=3243 : 11.679099 (top1=92474 top2=128282) rank_used=0 chosen=92474 marge_decisionnelle=11.679099
info:   marge top1-top2 @ gen=3244 : 14.092314 (top1=236768 top2=237214) rank_used=0 chosen=236768 marge_decisionnelle=14.092314
info:   marge top1-top2 @ gen=3245 : 11.739004 (top1=1608 top2=3229) rank_used=0 chosen=1608 marge_decisionnelle=11.739004
info:   marge top1-top2 @ gen=3246 : 11.695908 (top1=723 top2=602) rank_used=0 chosen=723 marge_decisionnelle=11.695908
info:   marge top1-top2 @ gen=3247 : 10.484780 (top1=9062 top2=30020) rank_used=0 chosen=9062 marge_decisionnelle=10.484780
info:   marge top1-top2 @ gen=3248 : 10.759794 (top1=125091 top2=207771) rank_used=0 chosen=125091 marge_decisionnelle=10.759794
info:   marge top1-top2 @ gen=3249 : 11.065882 (top1=569 top2=513) rank_used=0 chosen=569 marge_decisionnelle=11.065882
info:   marge top1-top2 @ gen=3250 : 10.371657 (top1=60588 top2=4171) rank_used=0 chosen=60588 marge_decisionnelle=10.371657
info:   marge top1-top2 @ gen=3251 : 12.363675 (top1=3349 top2=2637) rank_used=0 chosen=3349 marge_decisionnelle=12.363675
info:   marge top1-top2 @ gen=3252 : 12.198811 (top1=569 top2=513) rank_used=0 chosen=569 marge_decisionnelle=12.198811
info:   marge top1-top2 @ gen=3253 : 12.485237 (top1=12727 top2=236750) rank_used=0 chosen=12727 marge_decisionnelle=12.485237
info:   marge top1-top2 @ gen=3254 : 10.044985 (top1=1190 top2=498) rank_used=0 chosen=1190 marge_decisionnelle=10.044985
info:   marge top1-top2 @ gen=3255 : 10.421173 (top1=193336 top2=14293) rank_used=0 chosen=193336 marge_decisionnelle=10.421173
info:   marge top1-top2 @ gen=3256 : 10.817673 (top1=236761 top2=568) rank_used=0 chosen=236761 marge_decisionnelle=10.817673
info:   marge top1-top2 @ gen=3257 : 11.511729 (top1=16107 top2=36928) rank_used=0 chosen=16107 marge_decisionnelle=11.511729
info:   marge top1-top2 @ gen=3258 : 10.918141 (top1=20995 top2=185817) rank_used=0 chosen=20995 marge_decisionnelle=10.918141
info:   marge top1-top2 @ gen=3259 : 8.817051 (top1=569 top2=513) rank_used=0 chosen=569 marge_decisionnelle=8.817051
info:   marge top1-top2 @ gen=3260 : 9.102527 (top1=150741 top2=47924) rank_used=0 chosen=150741 marge_decisionnelle=9.102527
info:   marge top1-top2 @ gen=3261 : 12.663300 (top1=1640 top2=853) rank_used=0 chosen=1640 marge_decisionnelle=12.663300
info:   marge top1-top2 @ gen=3262 : 9.865871 (top1=3381 top2=153747) rank_used=0 chosen=3381 marge_decisionnelle=9.865871
info:   marge top1-top2 @ gen=3263 : 10.183727 (top1=4154 top2=28256) rank_used=0 chosen=4154 marge_decisionnelle=10.183727
info:   marge top1-top2 @ gen=3264 : 9.702124 (top1=23371 top2=33761) rank_used=0 chosen=23371 marge_decisionnelle=9.702124
info:   marge top1-top2 @ gen=3265 : 9.092447 (top1=2417 top2=3658) rank_used=0 chosen=2417 marge_decisionnelle=9.092447
info:   marge top1-top2 @ gen=3266 : 14.019761 (top1=513 top2=1167) rank_used=0 chosen=513 marge_decisionnelle=14.019761
info:   marge top1-top2 @ gen=3267 : 12.684843 (top1=236789 top2=236858) rank_used=0 chosen=236789 marge_decisionnelle=12.684843
info:   marge top1-top2 @ gen=3268 : 10.844050 (top1=2253 top2=602) rank_used=0 chosen=2253 marge_decisionnelle=10.844050
info:   marge top1-top2 @ gen=3269 : 9.510367 (top1=20412 top2=23376) rank_used=0 chosen=20412 marge_decisionnelle=9.510367
info:   marge top1-top2 @ gen=3270 : 10.341727 (top1=56556 top2=80214) rank_used=0 chosen=56556 marge_decisionnelle=10.341727
info:   marge top1-top2 @ gen=3271 : 11.950478 (top1=236764 top2=568) rank_used=0 chosen=236764 marge_decisionnelle=11.950478
info:   marge top1-top2 @ gen=3272 : 11.826111 (top1=674 top2=1998) rank_used=0 chosen=674 marge_decisionnelle=11.826111
info:   marge top1-top2 @ gen=3273 : 11.777867 (top1=56667 top2=38325) rank_used=0 chosen=56667 marge_decisionnelle=11.777867
info:   marge top1-top2 @ gen=3274 : 11.399929 (top1=770 top2=636) rank_used=0 chosen=770 marge_decisionnelle=11.399929
info:   marge top1-top2 @ gen=3275 : 10.172140 (top1=636 top2=1248) rank_used=0 chosen=636 marge_decisionnelle=10.172140
info:   marge top1-top2 @ gen=3276 : 8.843256 (top1=4702 top2=31995) rank_used=0 chosen=4702 marge_decisionnelle=8.843256
info:   marge top1-top2 @ gen=3277 : 8.869946 (top1=500 top2=1150) rank_used=0 chosen=500 marge_decisionnelle=8.869946
info:   marge top1-top2 @ gen=3278 : 10.480334 (top1=929 top2=690) rank_used=0 chosen=929 marge_decisionnelle=10.480334
info:   marge top1-top2 @ gen=3279 : 13.036976 (top1=1270 top2=556) rank_used=0 chosen=1270 marge_decisionnelle=13.036976
info:   marge top1-top2 @ gen=3280 : 11.575976 (top1=3037 top2=723) rank_used=0 chosen=3037 marge_decisionnelle=11.575976
info:   marge top1-top2 @ gen=3281 : 12.673036 (top1=623 top2=107058) rank_used=0 chosen=623 marge_decisionnelle=12.673036
info:   marge top1-top2 @ gen=3282 : 12.170982 (top1=15307 top2=59281) rank_used=0 chosen=15307 marge_decisionnelle=12.170982
info:   marge top1-top2 @ gen=3283 : 6.268366 (top1=8328 top2=30049) rank_used=0 chosen=8328 marge_decisionnelle=6.268366
info:   marge top1-top2 @ gen=3284 : 14.325651 (top1=236775 top2=236789) rank_used=0 chosen=236775 marge_decisionnelle=14.325651
info:   marge top1-top2 @ gen=3285 : 8.584890 (top1=39924 top2=222544) rank_used=0 chosen=39924 marge_decisionnelle=8.584890
info:   marge top1-top2 @ gen=3286 : 12.618439 (top1=2947 top2=28539) rank_used=0 chosen=2947 marge_decisionnelle=12.618439
info:   marge top1-top2 @ gen=3287 : 10.033579 (top1=636 top2=1248) rank_used=0 chosen=636 marge_decisionnelle=10.033579
info:   marge top1-top2 @ gen=3288 : 13.432826 (top1=2972 top2=120761) rank_used=0 chosen=2972 marge_decisionnelle=13.432826
info:   marge top1-top2 @ gen=3289 : 8.456783 (top1=2811 top2=3518) rank_used=0 chosen=2811 marge_decisionnelle=8.456783
info:   marge top1-top2 @ gen=3290 : 14.513197 (top1=3229 top2=16107) rank_used=0 chosen=3229 marge_decisionnelle=14.513197
info:   marge top1-top2 @ gen=3291 : 10.694097 (top1=13969 top2=50157) rank_used=0 chosen=13969 marge_decisionnelle=10.694097
info:   marge top1-top2 @ gen=3292 : 13.333221 (top1=1008 top2=570) rank_used=0 chosen=1008 marge_decisionnelle=13.333221
info:   marge top1-top2 @ gen=3293 : 10.218985 (top1=1608 top2=40300) rank_used=0 chosen=1608 marge_decisionnelle=10.218985
info:   marge top1-top2 @ gen=3294 : 5.870220 (top1=40300 top2=146955) rank_used=0 chosen=40300 marge_decisionnelle=5.870220
info:   marge top1-top2 @ gen=3295 : 11.934502 (top1=569 top2=1747) rank_used=0 chosen=569 marge_decisionnelle=11.934502
info:   marge top1-top2 @ gen=3296 : 10.540443 (top1=759 top2=537) rank_used=0 chosen=759 marge_decisionnelle=10.540443
info:   marge top1-top2 @ gen=3297 : 8.168911 (top1=22939 top2=81872) rank_used=0 chosen=22939 marge_decisionnelle=8.168911
info:   marge top1-top2 @ gen=3298 : 11.692865 (top1=236761 top2=568) rank_used=0 chosen=236761 marge_decisionnelle=11.692865
info:   marge top1-top2 @ gen=3299 : 8.504929 (top1=27301 top2=50822) rank_used=0 chosen=27301 marge_decisionnelle=8.504929
info:   marge top1-top2 @ gen=3300 : 7.063759 (top1=129120 top2=4313) rank_used=0 chosen=129120 marge_decisionnelle=7.063759
info:   ... step 3328 (3300 générés)
info:   marge top1-top2 @ gen=3301 : 8.429824 (top1=15075 top2=26230) rank_used=0 chosen=15075 marge_decisionnelle=8.429824
info:   marge top1-top2 @ gen=3302 : 10.005066 (top1=569 top2=513) rank_used=0 chosen=569 marge_decisionnelle=10.005066
info:   marge top1-top2 @ gen=3303 : 8.844892 (top1=91920 top2=187135) rank_used=0 chosen=91920 marge_decisionnelle=8.844892
info:   marge top1-top2 @ gen=3304 : 11.202276 (top1=40661 top2=94888) rank_used=0 chosen=40661 marge_decisionnelle=11.202276
info:   marge top1-top2 @ gen=3305 : 7.263508 (top1=68962 top2=27228) rank_used=0 chosen=68962 marge_decisionnelle=7.263508
info:   marge top1-top2 @ gen=3306 : 11.943153 (top1=759 top2=674) rank_used=0 chosen=759 marge_decisionnelle=11.943153
info:   marge top1-top2 @ gen=3307 : 10.867741 (top1=83876 top2=86446) rank_used=0 chosen=83876 marge_decisionnelle=10.867741
info:   marge top1-top2 @ gen=3308 : 13.623858 (top1=569 top2=513) rank_used=0 chosen=569 marge_decisionnelle=13.623858
info:   marge top1-top2 @ gen=3309 : 10.187678 (top1=3313 top2=150741) rank_used=0 chosen=3313 marge_decisionnelle=10.187678
info:   marge top1-top2 @ gen=3310 : 10.764968 (top1=46778 top2=16066) rank_used=0 chosen=46778 marge_decisionnelle=10.764968
info:   marge top1-top2 @ gen=3311 : 13.335506 (top1=9966 top2=33334) rank_used=0 chosen=9966 marge_decisionnelle=13.335506
info:   marge top1-top2 @ gen=3312 : 13.473299 (top1=696 top2=113526) rank_used=0 chosen=696 marge_decisionnelle=13.473299
info:   marge top1-top2 @ gen=3313 : 10.980657 (top1=80334 top2=9841) rank_used=0 chosen=80334 marge_decisionnelle=10.980657
info:   marge top1-top2 @ gen=3314 : 12.604132 (top1=3229 top2=6397) rank_used=0 chosen=3229 marge_decisionnelle=12.604132
info:   marge top1-top2 @ gen=3315 : 11.472557 (top1=56667 top2=94647) rank_used=0 chosen=56667 marge_decisionnelle=11.472557
info:   marge top1-top2 @ gen=3316 : 8.971518 (top1=569 top2=513) rank_used=0 chosen=569 marge_decisionnelle=8.971518
info:   marge top1-top2 @ gen=3317 : 10.189577 (top1=131976 top2=56391) rank_used=0 chosen=131976 marge_decisionnelle=10.189577
info:   marge top1-top2 @ gen=3318 : 15.540724 (top1=853 top2=25029) rank_used=0 chosen=853 marge_decisionnelle=15.540724
info:   marge top1-top2 @ gen=3319 : 7.526951 (top1=138905 top2=23505) rank_used=0 chosen=138905 marge_decisionnelle=7.526951
info:   marge top1-top2 @ gen=3320 : 12.316073 (top1=569 top2=513) rank_used=0 chosen=569 marge_decisionnelle=12.316073
info:   marge top1-top2 @ gen=3321 : 8.052944 (top1=50711 top2=31120) rank_used=0 chosen=50711 marge_decisionnelle=8.052944
info:   marge top1-top2 @ gen=3322 : 6.925234 (top1=24562 top2=203434) rank_used=0 chosen=24562 marge_decisionnelle=6.925234
info:   marge top1-top2 @ gen=3323 : 9.423284 (top1=108417 top2=6888) rank_used=0 chosen=108417 marge_decisionnelle=9.423284
info:   marge top1-top2 @ gen=3324 : 8.963360 (top1=703 top2=785) rank_used=0 chosen=703 marge_decisionnelle=8.963360
info:   marge top1-top2 @ gen=3325 : 11.210812 (top1=236761 top2=568) rank_used=0 chosen=236761 marge_decisionnelle=11.210812
info:   marge top1-top2 @ gen=3326 : 5.403116 (top1=954 top2=1454) rank_used=0 chosen=954 marge_decisionnelle=5.403116
info:   marge top1-top2 @ gen=3327 : 10.165659 (top1=45518 top2=3480) rank_used=0 chosen=45518 marge_decisionnelle=10.165659
info:   marge top1-top2 @ gen=3328 : 10.689340 (top1=236813 top2=236842) rank_used=0 chosen=236813 marge_decisionnelle=10.689340
info:   marge top1-top2 @ gen=3329 : 9.880274 (top1=107 top2=106) rank_used=0 chosen=107 marge_decisionnelle=9.880274
info:   marge top1-top2 @ gen=3330 : 5.513306 (top1=101 top2=100) rank_used=0 chosen=101 marge_decisionnelle=5.513306
info:   marge top1-top2 @ gen=3331 : 8.961461 (top1=129930 top2=8291) rank_used=0 chosen=129930 marge_decisionnelle=8.961461
info:   marge top1-top2 @ gen=3332 : 10.901541 (top1=3037 top2=5723) rank_used=0 chosen=3037 marge_decisionnelle=10.901541
info:   marge top1-top2 @ gen=3333 : 10.906090 (top1=2049 top2=28620) rank_used=0 chosen=2049 marge_decisionnelle=10.906090
info:   marge top1-top2 @ gen=3334 : 7.172508 (top1=4052 top2=2309) rank_used=0 chosen=4052 marge_decisionnelle=7.172508
info:   marge top1-top2 @ gen=3335 : 13.506016 (top1=569 top2=1747) rank_used=0 chosen=569 marge_decisionnelle=13.506016
info:   marge top1-top2 @ gen=3336 : 11.845248 (top1=759 top2=537) rank_used=0 chosen=759 marge_decisionnelle=11.845248
info:   marge top1-top2 @ gen=3337 : 10.805843 (top1=107058 top2=15307) rank_used=0 chosen=107058 marge_decisionnelle=10.805843
info:   marge top1-top2 @ gen=3338 : 12.203803 (top1=2112 top2=239615) rank_used=0 chosen=2112 marge_decisionnelle=12.203803
info:   marge top1-top2 @ gen=3339 : 9.568627 (top1=118583 top2=8285) rank_used=0 chosen=118583 marge_decisionnelle=9.568627
info:   marge top1-top2 @ gen=3340 : 13.539845 (top1=513 top2=1167) rank_used=0 chosen=513 marge_decisionnelle=13.539845
info:   marge top1-top2 @ gen=3341 : 13.699684 (top1=236789 top2=236858) rank_used=0 chosen=236789 marge_decisionnelle=13.699684
info:   marge top1-top2 @ gen=3342 : 12.340707 (top1=62462 top2=82839) rank_used=0 chosen=62462 marge_decisionnelle=12.340707
info:   marge top1-top2 @ gen=3343 : 12.089300 (top1=696 top2=909) rank_used=0 chosen=696 marge_decisionnelle=12.089300
info:   marge top1-top2 @ gen=3344 : 8.192184 (top1=22865 top2=12409) rank_used=0 chosen=22865 marge_decisionnelle=8.192184
info:   marge top1-top2 @ gen=3345 : 10.184606 (top1=37485 top2=79845) rank_used=0 chosen=37485 marge_decisionnelle=10.184606
info:   marge top1-top2 @ gen=3346 : 11.129790 (top1=1017 top2=236761) rank_used=0 chosen=1017 marge_decisionnelle=11.129790
info:   marge top1-top2 @ gen=3347 : 13.581419 (top1=108 top2=107) rank_used=0 chosen=108 marge_decisionnelle=13.581419
info:   marge top1-top2 @ gen=3348 : 12.207134 (top1=4967 top2=3258) rank_used=0 chosen=4967 marge_decisionnelle=12.207134
info:   marge top1-top2 @ gen=3349 : 9.583675 (top1=107058 top2=15307) rank_used=0 chosen=107058 marge_decisionnelle=9.583675
info:   marge top1-top2 @ gen=3350 : 12.500505 (top1=2112 top2=239615) rank_used=0 chosen=2112 marge_decisionnelle=12.500505
info:   marge top1-top2 @ gen=3351 : 8.335771 (top1=118583 top2=8285) rank_used=0 chosen=118583 marge_decisionnelle=8.335771
info:   marge top1-top2 @ gen=3352 : 13.117203 (top1=513 top2=1167) rank_used=0 chosen=513 marge_decisionnelle=13.117203
info:   marge top1-top2 @ gen=3353 : 11.899765 (top1=236789 top2=756) rank_used=0 chosen=236789 marge_decisionnelle=11.899765
info:   marge top1-top2 @ gen=3354 : 12.499750 (top1=62462 top2=82839) rank_used=0 chosen=62462 marge_decisionnelle=12.499750
info:   marge top1-top2 @ gen=3355 : 12.900910 (top1=1009 top2=568) rank_used=0 chosen=1009 marge_decisionnelle=12.900910
info:   marge top1-top2 @ gen=3356 : 11.344111 (top1=3037 top2=2253) rank_used=0 chosen=3037 marge_decisionnelle=11.344111
info:   marge top1-top2 @ gen=3357 : 11.089424 (top1=9939 top2=64836) rank_used=0 chosen=9939 marge_decisionnelle=11.089424
info:   marge top1-top2 @ gen=3358 : 12.444881 (top1=2947 top2=28539) rank_used=0 chosen=2947 marge_decisionnelle=12.444881
info:   marge top1-top2 @ gen=3359 : 10.859907 (top1=55844 top2=180348) rank_used=0 chosen=55844 marge_decisionnelle=10.859907
info:   marge top1-top2 @ gen=3360 : 12.853652 (top1=674 top2=759) rank_used=0 chosen=674 marge_decisionnelle=12.853652
info:   marge top1-top2 @ gen=3361 : 10.543575 (top1=28421 top2=97811) rank_used=0 chosen=28421 marge_decisionnelle=10.543575
info:   marge top1-top2 @ gen=3362 : 11.453051 (top1=569 top2=513) rank_used=0 chosen=569 marge_decisionnelle=11.453051
info:   marge top1-top2 @ gen=3363 : 9.659194 (top1=10040 top2=13031) rank_used=0 chosen=10040 marge_decisionnelle=9.659194
info:   marge top1-top2 @ gen=3364 : 14.357008 (top1=513 top2=1167) rank_used=0 chosen=513 marge_decisionnelle=14.357008
info:   marge top1-top2 @ gen=3365 : 12.076521 (top1=236789 top2=236858) rank_used=0 chosen=236789 marge_decisionnelle=12.076521
info:   marge top1-top2 @ gen=3366 : 11.944202 (top1=602 top2=5095) rank_used=0 chosen=602 marge_decisionnelle=11.944202
info:   marge top1-top2 @ gen=3367 : 11.005494 (top1=56667 top2=94647) rank_used=0 chosen=56667 marge_decisionnelle=11.005494
info:   marge top1-top2 @ gen=3368 : 11.703712 (top1=568 top2=9298) rank_used=0 chosen=568 marge_decisionnelle=11.703712
info:   marge top1-top2 @ gen=3369 : 10.778815 (top1=182283 top2=3521) rank_used=0 chosen=182283 marge_decisionnelle=10.778815
info:   marge top1-top2 @ gen=3370 : 11.200603 (top1=723 top2=602) rank_used=0 chosen=723 marge_decisionnelle=11.200603
info:   marge top1-top2 @ gen=3371 : 11.895185 (top1=92474 top2=128282) rank_used=0 chosen=92474 marge_decisionnelle=11.895185
info:   marge top1-top2 @ gen=3372 : 14.096313 (top1=236768 top2=237214) rank_used=0 chosen=236768 marge_decisionnelle=14.096313
info:   marge top1-top2 @ gen=3373 : 11.758495 (top1=1608 top2=3229) rank_used=0 chosen=1608 marge_decisionnelle=11.758495
info:   marge top1-top2 @ gen=3374 : 11.637504 (top1=723 top2=602) rank_used=0 chosen=723 marge_decisionnelle=11.637504
info:   marge top1-top2 @ gen=3375 : 10.525073 (top1=9062 top2=30020) rank_used=0 chosen=9062 marge_decisionnelle=10.525073
info:   marge top1-top2 @ gen=3376 : 10.718678 (top1=125091 top2=207771) rank_used=0 chosen=125091 marge_decisionnelle=10.718678
info:   marge top1-top2 @ gen=3377 : 11.114977 (top1=569 top2=513) rank_used=0 chosen=569 marge_decisionnelle=11.114977
info:   marge top1-top2 @ gen=3378 : 10.350677 (top1=60588 top2=4171) rank_used=0 chosen=60588 marge_decisionnelle=10.350677
info:   marge top1-top2 @ gen=3379 : 12.499597 (top1=3349 top2=2637) rank_used=0 chosen=3349 marge_decisionnelle=12.499597
info:   marge top1-top2 @ gen=3380 : 12.290001 (top1=569 top2=513) rank_used=0 chosen=569 marge_decisionnelle=12.290001
info:   marge top1-top2 @ gen=3381 : 12.450125 (top1=12727 top2=81411) rank_used=0 chosen=12727 marge_decisionnelle=12.450125
info:   marge top1-top2 @ gen=3382 : 10.112638 (top1=1190 top2=498) rank_used=0 chosen=1190 marge_decisionnelle=10.112638
info:   marge top1-top2 @ gen=3383 : 10.409868 (top1=193336 top2=14293) rank_used=0 chosen=193336 marge_decisionnelle=10.409868
info:   marge top1-top2 @ gen=3384 : 10.826479 (top1=236761 top2=568) rank_used=0 chosen=236761 marge_decisionnelle=10.826479
info:   marge top1-top2 @ gen=3385 : 11.524757 (top1=16107 top2=36928) rank_used=0 chosen=16107 marge_decisionnelle=11.524757
info:   marge top1-top2 @ gen=3386 : 10.932294 (top1=20995 top2=185817) rank_used=0 chosen=20995 marge_decisionnelle=10.932294
info:   marge top1-top2 @ gen=3387 : 8.817085 (top1=569 top2=513) rank_used=0 chosen=569 marge_decisionnelle=8.817085
info:   marge top1-top2 @ gen=3388 : 9.027942 (top1=150741 top2=47924) rank_used=0 chosen=150741 marge_decisionnelle=9.027942
info:   marge top1-top2 @ gen=3389 : 12.685642 (top1=1640 top2=853) rank_used=0 chosen=1640 marge_decisionnelle=12.685642
info:   marge top1-top2 @ gen=3390 : 9.907561 (top1=3381 top2=153747) rank_used=0 chosen=3381 marge_decisionnelle=9.907561
info:   marge top1-top2 @ gen=3391 : 10.235573 (top1=4154 top2=28256) rank_used=0 chosen=4154 marge_decisionnelle=10.235573
info:   marge top1-top2 @ gen=3392 : 9.741875 (top1=23371 top2=33761) rank_used=0 chosen=23371 marge_decisionnelle=9.741875
info:   marge top1-top2 @ gen=3393 : 9.160513 (top1=2417 top2=3658) rank_used=0 chosen=2417 marge_decisionnelle=9.160513
info:   marge top1-top2 @ gen=3394 : 14.039552 (top1=513 top2=1167) rank_used=0 chosen=513 marge_decisionnelle=14.039552
info:   marge top1-top2 @ gen=3395 : 12.609277 (top1=236789 top2=236858) rank_used=0 chosen=236789 marge_decisionnelle=12.609277
info:   marge top1-top2 @ gen=3396 : 10.737163 (top1=2253 top2=602) rank_used=0 chosen=2253 marge_decisionnelle=10.737163
info:   marge top1-top2 @ gen=3397 : 9.536200 (top1=20412 top2=23376) rank_used=0 chosen=20412 marge_decisionnelle=9.536200
info:   marge top1-top2 @ gen=3398 : 10.411203 (top1=56556 top2=80214) rank_used=0 chosen=56556 marge_decisionnelle=10.411203
info:   marge top1-top2 @ gen=3399 : 11.907787 (top1=236764 top2=568) rank_used=0 chosen=236764 marge_decisionnelle=11.907787
info:   marge top1-top2 @ gen=3400 : 11.901053 (top1=674 top2=1998) rank_used=0 chosen=674 marge_decisionnelle=11.901053
info:   marge top1-top2 @ gen=3401 : 11.773083 (top1=56667 top2=38325) rank_used=0 chosen=56667 marge_decisionnelle=11.773083
info:   marge top1-top2 @ gen=3402 : 11.344737 (top1=770 top2=636) rank_used=0 chosen=770 marge_decisionnelle=11.344737
info:   marge top1-top2 @ gen=3403 : 10.228800 (top1=636 top2=1248) rank_used=0 chosen=636 marge_decisionnelle=10.228800
info:   marge top1-top2 @ gen=3404 : 8.835229 (top1=4702 top2=31995) rank_used=0 chosen=4702 marge_decisionnelle=8.835229
info:   marge top1-top2 @ gen=3405 : 8.929434 (top1=500 top2=1150) rank_used=0 chosen=500 marge_decisionnelle=8.929434
info:   marge top1-top2 @ gen=3406 : 10.450623 (top1=929 top2=690) rank_used=0 chosen=929 marge_decisionnelle=10.450623
info:   marge top1-top2 @ gen=3407 : 12.949341 (top1=1270 top2=556) rank_used=0 chosen=1270 marge_decisionnelle=12.949341
info:   marge top1-top2 @ gen=3408 : 11.608793 (top1=3037 top2=723) rank_used=0 chosen=3037 marge_decisionnelle=11.608793
info:   marge top1-top2 @ gen=3409 : 12.640617 (top1=623 top2=107058) rank_used=0 chosen=623 marge_decisionnelle=12.640617
info:   marge top1-top2 @ gen=3410 : 12.198940 (top1=15307 top2=59281) rank_used=0 chosen=15307 marge_decisionnelle=12.198940
info:   marge top1-top2 @ gen=3411 : 6.497770 (top1=8328 top2=30049) rank_used=0 chosen=8328 marge_decisionnelle=6.497770
info:   marge top1-top2 @ gen=3412 : 14.193995 (top1=236775 top2=236789) rank_used=0 chosen=236775 marge_decisionnelle=14.193995
info:   marge top1-top2 @ gen=3413 : 8.620043 (top1=39924 top2=222544) rank_used=0 chosen=39924 marge_decisionnelle=8.620043
info:   marge top1-top2 @ gen=3414 : 12.511469 (top1=2947 top2=28539) rank_used=0 chosen=2947 marge_decisionnelle=12.511469
info:   marge top1-top2 @ gen=3415 : 10.132429 (top1=636 top2=1248) rank_used=0 chosen=636 marge_decisionnelle=10.132429
info:   marge top1-top2 @ gen=3416 : 13.412801 (top1=2972 top2=120761) rank_used=0 chosen=2972 marge_decisionnelle=13.412801
info:   marge top1-top2 @ gen=3417 : 8.520792 (top1=2811 top2=3518) rank_used=0 chosen=2811 marge_decisionnelle=8.520792
info:   marge top1-top2 @ gen=3418 : 14.664001 (top1=3229 top2=16107) rank_used=0 chosen=3229 marge_decisionnelle=14.664001
info:   marge top1-top2 @ gen=3419 : 10.646522 (top1=13969 top2=50157) rank_used=0 chosen=13969 marge_decisionnelle=10.646522
info:   marge top1-top2 @ gen=3420 : 13.349479 (top1=1008 top2=570) rank_used=0 chosen=1008 marge_decisionnelle=13.349479
info:   marge top1-top2 @ gen=3421 : 10.351964 (top1=1608 top2=40300) rank_used=0 chosen=1608 marge_decisionnelle=10.351964
info:   marge top1-top2 @ gen=3422 : 6.093632 (top1=40300 top2=146955) rank_used=0 chosen=40300 marge_decisionnelle=6.093632
info:   marge top1-top2 @ gen=3423 : 12.185914 (top1=569 top2=1747) rank_used=0 chosen=569 marge_decisionnelle=12.185914
info:   marge top1-top2 @ gen=3424 : 10.369585 (top1=759 top2=537) rank_used=0 chosen=759 marge_decisionnelle=10.369585
info:   marge top1-top2 @ gen=3425 : 8.082678 (top1=22939 top2=81872) rank_used=0 chosen=22939 marge_decisionnelle=8.082678
info:   marge top1-top2 @ gen=3426 : 11.608503 (top1=236761 top2=568) rank_used=0 chosen=236761 marge_decisionnelle=11.608503
info:   marge top1-top2 @ gen=3427 : 8.480244 (top1=27301 top2=50822) rank_used=0 chosen=27301 marge_decisionnelle=8.480244
info:   marge top1-top2 @ gen=3428 : 7.086153 (top1=129120 top2=4313) rank_used=0 chosen=129120 marge_decisionnelle=7.086153
info:   marge top1-top2 @ gen=3429 : 8.420035 (top1=15075 top2=26230) rank_used=0 chosen=15075 marge_decisionnelle=8.420035
info:   marge top1-top2 @ gen=3430 : 9.973921 (top1=569 top2=513) rank_used=0 chosen=569 marge_decisionnelle=9.973921
info:   marge top1-top2 @ gen=3431 : 8.868660 (top1=91920 top2=187135) rank_used=0 chosen=91920 marge_decisionnelle=8.868660
info:   marge top1-top2 @ gen=3432 : 11.221364 (top1=40661 top2=1966) rank_used=0 chosen=40661 marge_decisionnelle=11.221364
info:   marge top1-top2 @ gen=3433 : 7.374821 (top1=68962 top2=27228) rank_used=0 chosen=68962 marge_decisionnelle=7.374821
info:   marge top1-top2 @ gen=3434 : 11.782352 (top1=759 top2=674) rank_used=0 chosen=759 marge_decisionnelle=11.782352
info:   marge top1-top2 @ gen=3435 : 10.935094 (top1=83876 top2=86446) rank_used=0 chosen=83876 marge_decisionnelle=10.935094
info:   marge top1-top2 @ gen=3436 : 13.578058 (top1=569 top2=513) rank_used=0 chosen=569 marge_decisionnelle=13.578058
info:   marge top1-top2 @ gen=3437 : 10.306321 (top1=3313 top2=150741) rank_used=0 chosen=3313 marge_decisionnelle=10.306321
info:   marge top1-top2 @ gen=3438 : 10.801497 (top1=46778 top2=16066) rank_used=0 chosen=46778 marge_decisionnelle=10.801497
info:   marge top1-top2 @ gen=3439 : 13.437119 (top1=9966 top2=33334) rank_used=0 chosen=9966 marge_decisionnelle=13.437119
info:   marge top1-top2 @ gen=3440 : 13.659164 (top1=696 top2=113526) rank_used=0 chosen=696 marge_decisionnelle=13.659164
info:   marge top1-top2 @ gen=3441 : 10.944378 (top1=80334 top2=9841) rank_used=0 chosen=80334 marge_decisionnelle=10.944378
info:   marge top1-top2 @ gen=3442 : 12.522086 (top1=3229 top2=6397) rank_used=0 chosen=3229 marge_decisionnelle=12.522086
info:   marge top1-top2 @ gen=3443 : 11.615844 (top1=56667 top2=94647) rank_used=0 chosen=56667 marge_decisionnelle=11.615844
info:   marge top1-top2 @ gen=3444 : 9.145884 (top1=569 top2=513) rank_used=0 chosen=569 marge_decisionnelle=9.145884
info:   marge top1-top2 @ gen=3445 : 9.999255 (top1=131976 top2=56391) rank_used=0 chosen=131976 marge_decisionnelle=9.999255
info:   marge top1-top2 @ gen=3446 : 15.446093 (top1=853 top2=25029) rank_used=0 chosen=853 marge_decisionnelle=15.446093
info:   marge top1-top2 @ gen=3447 : 7.437138 (top1=138905 top2=23505) rank_used=0 chosen=138905 marge_decisionnelle=7.437138
info:   marge top1-top2 @ gen=3448 : 12.155389 (top1=569 top2=513) rank_used=0 chosen=569 marge_decisionnelle=12.155389
info:   marge top1-top2 @ gen=3449 : 7.917622 (top1=50711 top2=31120) rank_used=0 chosen=50711 marge_decisionnelle=7.917622
info:   marge top1-top2 @ gen=3450 : 6.921684 (top1=24562 top2=203434) rank_used=0 chosen=24562 marge_decisionnelle=6.921684
info:   marge top1-top2 @ gen=3451 : 9.563997 (top1=108417 top2=6888) rank_used=0 chosen=108417 marge_decisionnelle=9.563997
info:   marge top1-top2 @ gen=3452 : 8.754070 (top1=703 top2=785) rank_used=0 chosen=703 marge_decisionnelle=8.754070
info:   marge top1-top2 @ gen=3453 : 11.220808 (top1=236761 top2=568) rank_used=0 chosen=236761 marge_decisionnelle=11.220808
info:   marge top1-top2 @ gen=3454 : 5.481417 (top1=954 top2=1454) rank_used=0 chosen=954 marge_decisionnelle=5.481417
info:   marge top1-top2 @ gen=3455 : 10.257689 (top1=45518 top2=3480) rank_used=0 chosen=45518 marge_decisionnelle=10.257689
info:   marge top1-top2 @ gen=3456 : 10.737994 (top1=236813 top2=236842) rank_used=0 chosen=236813 marge_decisionnelle=10.737994
info:   marge top1-top2 @ gen=3457 : 9.819702 (top1=107 top2=106) rank_used=0 chosen=107 marge_decisionnelle=9.819702
info:   marge top1-top2 @ gen=3458 : 5.670088 (top1=101 top2=100) rank_used=0 chosen=101 marge_decisionnelle=5.670088
info:   marge top1-top2 @ gen=3459 : 8.908621 (top1=129930 top2=8291) rank_used=0 chosen=129930 marge_decisionnelle=8.908621
info:   marge top1-top2 @ gen=3460 : 11.002270 (top1=3037 top2=5723) rank_used=0 chosen=3037 marge_decisionnelle=11.002270
info:   marge top1-top2 @ gen=3461 : 10.907351 (top1=2049 top2=28620) rank_used=0 chosen=2049 marge_decisionnelle=10.907351
info:   marge top1-top2 @ gen=3462 : 7.641153 (top1=4052 top2=2309) rank_used=0 chosen=4052 marge_decisionnelle=7.641153
info:   marge top1-top2 @ gen=3463 : 13.483863 (top1=569 top2=1747) rank_used=0 chosen=569 marge_decisionnelle=13.483863
info:   marge top1-top2 @ gen=3464 : 11.951479 (top1=759 top2=537) rank_used=0 chosen=759 marge_decisionnelle=11.951479
info:   marge top1-top2 @ gen=3465 : 10.840235 (top1=107058 top2=15307) rank_used=0 chosen=107058 marge_decisionnelle=10.840235
info:   marge top1-top2 @ gen=3466 : 12.029755 (top1=2112 top2=239615) rank_used=0 chosen=2112 marge_decisionnelle=12.029755
info:   marge top1-top2 @ gen=3467 : 8.852565 (top1=118583 top2=8285) rank_used=0 chosen=118583 marge_decisionnelle=8.852565
info:   marge top1-top2 @ gen=3468 : 13.580127 (top1=513 top2=1167) rank_used=0 chosen=513 marge_decisionnelle=13.580127
info:   marge top1-top2 @ gen=3469 : 13.575278 (top1=236789 top2=236858) rank_used=0 chosen=236789 marge_decisionnelle=13.575278
info:   marge top1-top2 @ gen=3470 : 12.453503 (top1=62462 top2=82839) rank_used=0 chosen=62462 marge_decisionnelle=12.453503
info:   marge top1-top2 @ gen=3471 : 12.279994 (top1=696 top2=909) rank_used=0 chosen=696 marge_decisionnelle=12.279994
info:   marge top1-top2 @ gen=3472 : 8.255004 (top1=22865 top2=12409) rank_used=0 chosen=22865 marge_decisionnelle=8.255004
info:   marge top1-top2 @ gen=3473 : 10.204953 (top1=37485 top2=79845) rank_used=0 chosen=37485 marge_decisionnelle=10.204953
info:   marge top1-top2 @ gen=3474 : 11.131064 (top1=1017 top2=236761) rank_used=0 chosen=1017 marge_decisionnelle=11.131064
info:   marge top1-top2 @ gen=3475 : 13.528826 (top1=108 top2=236743) rank_used=0 chosen=108 marge_decisionnelle=13.528826
info:   marge top1-top2 @ gen=3476 : 12.240798 (top1=4967 top2=3258) rank_used=0 chosen=4967 marge_decisionnelle=12.240798
info:   marge top1-top2 @ gen=3477 : 9.631516 (top1=107058 top2=15307) rank_used=0 chosen=107058 marge_decisionnelle=9.631516
info:   marge top1-top2 @ gen=3478 : 12.614663 (top1=2112 top2=239615) rank_used=0 chosen=2112 marge_decisionnelle=12.614663
info:   marge top1-top2 @ gen=3479 : 8.518933 (top1=118583 top2=8285) rank_used=0 chosen=118583 marge_decisionnelle=8.518933
info:   marge top1-top2 @ gen=3480 : 13.237199 (top1=513 top2=1167) rank_used=0 chosen=513 marge_decisionnelle=13.237199
info:   marge top1-top2 @ gen=3481 : 13.396897 (top1=236789 top2=236858) rank_used=0 chosen=236789 marge_decisionnelle=13.396897
info:   marge top1-top2 @ gen=3482 : 12.214332 (top1=62462 top2=82839) rank_used=0 chosen=62462 marge_decisionnelle=12.214332
info:   marge top1-top2 @ gen=3483 : 12.609897 (top1=1009 top2=598) rank_used=0 chosen=1009 marge_decisionnelle=12.609897
info:   marge top1-top2 @ gen=3484 : 11.667102 (top1=3037 top2=2253) rank_used=0 chosen=3037 marge_decisionnelle=11.667102
info:   marge top1-top2 @ gen=3485 : 11.045912 (top1=9939 top2=64836) rank_used=0 chosen=9939 marge_decisionnelle=11.045912
info:   marge top1-top2 @ gen=3486 : 12.544848 (top1=2947 top2=28539) rank_used=0 chosen=2947 marge_decisionnelle=12.544848
info:   marge top1-top2 @ gen=3487 : 10.851942 (top1=55844 top2=180348) rank_used=0 chosen=55844 marge_decisionnelle=10.851942
info:   marge top1-top2 @ gen=3488 : 12.787209 (top1=674 top2=759) rank_used=0 chosen=674 marge_decisionnelle=12.787209
info:   marge top1-top2 @ gen=3489 : 10.413144 (top1=28421 top2=97811) rank_used=0 chosen=28421 marge_decisionnelle=10.413144
info:   marge top1-top2 @ gen=3490 : 11.597137 (top1=569 top2=513) rank_used=0 chosen=569 marge_decisionnelle=11.597137
info:   marge top1-top2 @ gen=3491 : 9.696477 (top1=10040 top2=13031) rank_used=0 chosen=10040 marge_decisionnelle=9.696477
info:   marge top1-top2 @ gen=3492 : 14.241699 (top1=513 top2=1167) rank_used=0 chosen=513 marge_decisionnelle=14.241699
info:   marge top1-top2 @ gen=3493 : 11.600300 (top1=236789 top2=236858) rank_used=0 chosen=236789 marge_decisionnelle=11.600300
info:   marge top1-top2 @ gen=3494 : 12.054431 (top1=602 top2=5095) rank_used=0 chosen=602 marge_decisionnelle=12.054431
info:   marge top1-top2 @ gen=3495 : 10.885939 (top1=56667 top2=94647) rank_used=0 chosen=56667 marge_decisionnelle=10.885939
info:   marge top1-top2 @ gen=3496 : 11.665424 (top1=568 top2=9298) rank_used=0 chosen=568 marge_decisionnelle=11.665424
info:   marge top1-top2 @ gen=3497 : 10.719003 (top1=182283 top2=3521) rank_used=0 chosen=182283 marge_decisionnelle=10.719003
info:   marge top1-top2 @ gen=3498 : 11.324871 (top1=723 top2=602) rank_used=0 chosen=723 marge_decisionnelle=11.324871
info:   marge top1-top2 @ gen=3499 : 11.843468 (top1=92474 top2=128282) rank_used=0 chosen=92474 marge_decisionnelle=11.843468
info:   marge top1-top2 @ gen=3500 : 14.040141 (top1=236768 top2=237214) rank_used=0 chosen=236768 marge_decisionnelle=14.040141
info:   marge top1-top2 @ gen=3501 : 11.785826 (top1=1608 top2=3229) rank_used=0 chosen=1608 marge_decisionnelle=11.785826
info:   marge top1-top2 @ gen=3502 : 11.795612 (top1=723 top2=602) rank_used=0 chosen=723 marge_decisionnelle=11.795612
info:   marge top1-top2 @ gen=3503 : 10.470408 (top1=9062 top2=30020) rank_used=0 chosen=9062 marge_decisionnelle=10.470408
info:   marge top1-top2 @ gen=3504 : 10.772270 (top1=125091 top2=207771) rank_used=0 chosen=125091 marge_decisionnelle=10.772270
info:   marge top1-top2 @ gen=3505 : 11.123379 (top1=569 top2=513) rank_used=0 chosen=569 marge_decisionnelle=11.123379
info:   marge top1-top2 @ gen=3506 : 10.539708 (top1=60588 top2=4171) rank_used=0 chosen=60588 marge_decisionnelle=10.539708
info:   marge top1-top2 @ gen=3507 : 12.584971 (top1=3349 top2=2637) rank_used=0 chosen=3349 marge_decisionnelle=12.584971
info:   marge top1-top2 @ gen=3508 : 12.300511 (top1=569 top2=513) rank_used=0 chosen=569 marge_decisionnelle=12.300511
info:   marge top1-top2 @ gen=3509 : 12.532708 (top1=12727 top2=81411) rank_used=0 chosen=12727 marge_decisionnelle=12.532708
info:   marge top1-top2 @ gen=3510 : 10.152886 (top1=1190 top2=498) rank_used=0 chosen=1190 marge_decisionnelle=10.152886
info:   marge top1-top2 @ gen=3511 : 10.365599 (top1=193336 top2=70438) rank_used=0 chosen=193336 marge_decisionnelle=10.365599
info:   marge top1-top2 @ gen=3512 : 10.730787 (top1=236761 top2=568) rank_used=0 chosen=236761 marge_decisionnelle=10.730787
info:   marge top1-top2 @ gen=3513 : 11.527872 (top1=16107 top2=36928) rank_used=0 chosen=16107 marge_decisionnelle=11.527872
info:   marge top1-top2 @ gen=3514 : 11.105220 (top1=20995 top2=185817) rank_used=0 chosen=20995 marge_decisionnelle=11.105220
info:   marge top1-top2 @ gen=3515 : 8.889149 (top1=569 top2=513) rank_used=0 chosen=569 marge_decisionnelle=8.889149
info:   marge top1-top2 @ gen=3516 : 8.926763 (top1=150741 top2=47924) rank_used=0 chosen=150741 marge_decisionnelle=8.926763
info:   marge top1-top2 @ gen=3517 : 12.600428 (top1=1640 top2=853) rank_used=0 chosen=1640 marge_decisionnelle=12.600428
info:   marge top1-top2 @ gen=3518 : 9.938466 (top1=3381 top2=153747) rank_used=0 chosen=3381 marge_decisionnelle=9.938466
info:   marge top1-top2 @ gen=3519 : 10.235562 (top1=4154 top2=28256) rank_used=0 chosen=4154 marge_decisionnelle=10.235562
info:   marge top1-top2 @ gen=3520 : 9.717408 (top1=23371 top2=33761) rank_used=0 chosen=23371 marge_decisionnelle=9.717408
info:   marge top1-top2 @ gen=3521 : 9.349182 (top1=2417 top2=3658) rank_used=0 chosen=2417 marge_decisionnelle=9.349182
info:   marge top1-top2 @ gen=3522 : 13.895649 (top1=513 top2=1167) rank_used=0 chosen=513 marge_decisionnelle=13.895649
info:   marge top1-top2 @ gen=3523 : 12.709673 (top1=236789 top2=236858) rank_used=0 chosen=236789 marge_decisionnelle=12.709673
info:   marge top1-top2 @ gen=3524 : 10.393113 (top1=2253 top2=602) rank_used=0 chosen=2253 marge_decisionnelle=10.393113
info:   marge top1-top2 @ gen=3525 : 9.715182 (top1=20412 top2=23376) rank_used=0 chosen=20412 marge_decisionnelle=9.715182
info:   marge top1-top2 @ gen=3526 : 10.480671 (top1=56556 top2=80214) rank_used=0 chosen=56556 marge_decisionnelle=10.480671
info:   marge top1-top2 @ gen=3527 : 11.817497 (top1=236764 top2=568) rank_used=0 chosen=236764 marge_decisionnelle=11.817497
info:   marge top1-top2 @ gen=3528 : 11.791318 (top1=674 top2=1998) rank_used=0 chosen=674 marge_decisionnelle=11.791318
info:   marge top1-top2 @ gen=3529 : 11.835321 (top1=56667 top2=38325) rank_used=0 chosen=56667 marge_decisionnelle=11.835321
info:   marge top1-top2 @ gen=3530 : 11.224748 (top1=770 top2=636) rank_used=0 chosen=770 marge_decisionnelle=11.224748
info:   marge top1-top2 @ gen=3531 : 10.155153 (top1=636 top2=1248) rank_used=0 chosen=636 marge_decisionnelle=10.155153
info:   marge top1-top2 @ gen=3532 : 8.999935 (top1=4702 top2=31995) rank_used=0 chosen=4702 marge_decisionnelle=8.999935
info:   marge top1-top2 @ gen=3533 : 8.759678 (top1=500 top2=12220) rank_used=0 chosen=500 marge_decisionnelle=8.759678
info:   marge top1-top2 @ gen=3534 : 10.353163 (top1=929 top2=690) rank_used=0 chosen=929 marge_decisionnelle=10.353163
info:   marge top1-top2 @ gen=3535 : 12.941644 (top1=1270 top2=556) rank_used=0 chosen=1270 marge_decisionnelle=12.941644
info:   marge top1-top2 @ gen=3536 : 11.678736 (top1=3037 top2=723) rank_used=0 chosen=3037 marge_decisionnelle=11.678736
info:   marge top1-top2 @ gen=3537 : 12.805293 (top1=623 top2=2789) rank_used=0 chosen=623 marge_decisionnelle=12.805293
info:   marge top1-top2 @ gen=3538 : 12.055690 (top1=15307 top2=59281) rank_used=0 chosen=15307 marge_decisionnelle=12.055690
info:   marge top1-top2 @ gen=3539 : 7.080765 (top1=8328 top2=30049) rank_used=0 chosen=8328 marge_decisionnelle=7.080765
info:   marge top1-top2 @ gen=3540 : 14.122276 (top1=236775 top2=236789) rank_used=0 chosen=236775 marge_decisionnelle=14.122276
info:   marge top1-top2 @ gen=3541 : 8.614143 (top1=39924 top2=222544) rank_used=0 chosen=39924 marge_decisionnelle=8.614143
info:   marge top1-top2 @ gen=3542 : 12.501182 (top1=2947 top2=28539) rank_used=0 chosen=2947 marge_decisionnelle=12.501182
info:   marge top1-top2 @ gen=3543 : 9.988276 (top1=636 top2=1248) rank_used=0 chosen=636 marge_decisionnelle=9.988276
info:   marge top1-top2 @ gen=3544 : 13.431418 (top1=2972 top2=120761) rank_used=0 chosen=2972 marge_decisionnelle=13.431418
info:   marge top1-top2 @ gen=3545 : 8.443947 (top1=2811 top2=3518) rank_used=0 chosen=2811 marge_decisionnelle=8.443947
info:   marge top1-top2 @ gen=3546 : 14.645526 (top1=3229 top2=16107) rank_used=0 chosen=3229 marge_decisionnelle=14.645526
info:   marge top1-top2 @ gen=3547 : 10.650412 (top1=13969 top2=50157) rank_used=0 chosen=13969 marge_decisionnelle=10.650412
info:   marge top1-top2 @ gen=3548 : 13.351453 (top1=1008 top2=9924) rank_used=0 chosen=1008 marge_decisionnelle=13.351453
info:   marge top1-top2 @ gen=3549 : 10.035399 (top1=1608 top2=40300) rank_used=0 chosen=1608 marge_decisionnelle=10.035399
info:   marge top1-top2 @ gen=3550 : 6.239803 (top1=40300 top2=146955) rank_used=0 chosen=40300 marge_decisionnelle=6.239803
info:   marge top1-top2 @ gen=3551 : 12.089863 (top1=569 top2=1747) rank_used=0 chosen=569 marge_decisionnelle=12.089863
info:   marge top1-top2 @ gen=3552 : 10.467937 (top1=759 top2=537) rank_used=0 chosen=759 marge_decisionnelle=10.467937
info:   marge top1-top2 @ gen=3553 : 8.088718 (top1=22939 top2=81872) rank_used=0 chosen=22939 marge_decisionnelle=8.088718
info:   marge top1-top2 @ gen=3554 : 11.652576 (top1=236761 top2=568) rank_used=0 chosen=236761 marge_decisionnelle=11.652576
info:   marge top1-top2 @ gen=3555 : 8.444632 (top1=27301 top2=50822) rank_used=0 chosen=27301 marge_decisionnelle=8.444632
info:   marge top1-top2 @ gen=3556 : 7.057289 (top1=129120 top2=4313) rank_used=0 chosen=129120 marge_decisionnelle=7.057289
info:   ... step 3584 (3556 générés)
info:   marge top1-top2 @ gen=3557 : 8.439585 (top1=15075 top2=26230) rank_used=0 chosen=15075 marge_decisionnelle=8.439585
info:   marge top1-top2 @ gen=3558 : 10.075207 (top1=569 top2=513) rank_used=0 chosen=569 marge_decisionnelle=10.075207
info:   marge top1-top2 @ gen=3559 : 8.867409 (top1=91920 top2=187135) rank_used=0 chosen=91920 marge_decisionnelle=8.867409
info:   marge top1-top2 @ gen=3560 : 11.147590 (top1=40661 top2=1966) rank_used=0 chosen=40661 marge_decisionnelle=11.147590
info:   marge top1-top2 @ gen=3561 : 7.462450 (top1=68962 top2=27228) rank_used=0 chosen=68962 marge_decisionnelle=7.462450
info:   marge top1-top2 @ gen=3562 : 11.873364 (top1=759 top2=674) rank_used=0 chosen=759 marge_decisionnelle=11.873364
info:   marge top1-top2 @ gen=3563 : 10.811483 (top1=83876 top2=86446) rank_used=0 chosen=83876 marge_decisionnelle=10.811483
info:   marge top1-top2 @ gen=3564 : 13.327977 (top1=569 top2=513) rank_used=0 chosen=569 marge_decisionnelle=13.327977
info:   marge top1-top2 @ gen=3565 : 10.083054 (top1=3313 top2=150741) rank_used=0 chosen=3313 marge_decisionnelle=10.083054
info:   marge top1-top2 @ gen=3566 : 10.849783 (top1=46778 top2=16066) rank_used=0 chosen=46778 marge_decisionnelle=10.849783
info:   marge top1-top2 @ gen=3567 : 13.407485 (top1=9966 top2=33334) rank_used=0 chosen=9966 marge_decisionnelle=13.407485
info:   marge top1-top2 @ gen=3568 : 13.728174 (top1=696 top2=113526) rank_used=0 chosen=696 marge_decisionnelle=13.728174
info:   marge top1-top2 @ gen=3569 : 10.940493 (top1=80334 top2=9841) rank_used=0 chosen=80334 marge_decisionnelle=10.940493
info:   marge top1-top2 @ gen=3570 : 12.493572 (top1=3229 top2=6397) rank_used=0 chosen=3229 marge_decisionnelle=12.493572
info:   marge top1-top2 @ gen=3571 : 11.505099 (top1=56667 top2=94647) rank_used=0 chosen=56667 marge_decisionnelle=11.505099
info:   marge top1-top2 @ gen=3572 : 8.918800 (top1=569 top2=513) rank_used=0 chosen=569 marge_decisionnelle=8.918800
info:   marge top1-top2 @ gen=3573 : 10.131814 (top1=131976 top2=56391) rank_used=0 chosen=131976 marge_decisionnelle=10.131814
info:   marge top1-top2 @ gen=3574 : 15.484642 (top1=853 top2=25029) rank_used=0 chosen=853 marge_decisionnelle=15.484642
info:   marge top1-top2 @ gen=3575 : 7.502571 (top1=138905 top2=23505) rank_used=0 chosen=138905 marge_decisionnelle=7.502571
info:   marge top1-top2 @ gen=3576 : 12.256216 (top1=569 top2=513) rank_used=0 chosen=569 marge_decisionnelle=12.256216
info:   marge top1-top2 @ gen=3577 : 7.988343 (top1=50711 top2=31120) rank_used=0 chosen=50711 marge_decisionnelle=7.988343
info:   marge top1-top2 @ gen=3578 : 6.897345 (top1=24562 top2=203434) rank_used=0 chosen=24562 marge_decisionnelle=6.897345
info:   marge top1-top2 @ gen=3579 : 9.547429 (top1=108417 top2=6888) rank_used=0 chosen=108417 marge_decisionnelle=9.547429
info:   marge top1-top2 @ gen=3580 : 9.024868 (top1=703 top2=785) rank_used=0 chosen=703 marge_decisionnelle=9.024868
info:   marge top1-top2 @ gen=3581 : 11.304882 (top1=236761 top2=568) rank_used=0 chosen=236761 marge_decisionnelle=11.304882
info:   marge top1-top2 @ gen=3582 : 5.539925 (top1=954 top2=1454) rank_used=0 chosen=954 marge_decisionnelle=5.539925
info:   marge top1-top2 @ gen=3583 : 10.311022 (top1=45518 top2=3480) rank_used=0 chosen=45518 marge_decisionnelle=10.311022
info:   marge top1-top2 @ gen=3584 : 10.779480 (top1=236813 top2=236842) rank_used=0 chosen=236813 marge_decisionnelle=10.779480
info:   marge top1-top2 @ gen=3585 : 9.825691 (top1=107 top2=106) rank_used=0 chosen=107 marge_decisionnelle=9.825691
info:   marge top1-top2 @ gen=3586 : 5.748833 (top1=101 top2=100) rank_used=0 chosen=101 marge_decisionnelle=5.748833
info:   marge top1-top2 @ gen=3587 : 8.869588 (top1=129930 top2=8291) rank_used=0 chosen=129930 marge_decisionnelle=8.869588
info:   marge top1-top2 @ gen=3588 : 10.973846 (top1=3037 top2=5723) rank_used=0 chosen=3037 marge_decisionnelle=10.973846
info:   marge top1-top2 @ gen=3589 : 10.999923 (top1=2049 top2=28620) rank_used=0 chosen=2049 marge_decisionnelle=10.999923
info:   marge top1-top2 @ gen=3590 : 7.226168 (top1=4052 top2=2309) rank_used=0 chosen=4052 marge_decisionnelle=7.226168
info:   marge top1-top2 @ gen=3591 : 13.533062 (top1=569 top2=1747) rank_used=0 chosen=569 marge_decisionnelle=13.533062
info:   marge top1-top2 @ gen=3592 : 11.944735 (top1=759 top2=537) rank_used=0 chosen=759 marge_decisionnelle=11.944735
info:   marge top1-top2 @ gen=3593 : 10.821423 (top1=107058 top2=15307) rank_used=0 chosen=107058 marge_decisionnelle=10.821423
info:   marge top1-top2 @ gen=3594 : 12.303562 (top1=2112 top2=239615) rank_used=0 chosen=2112 marge_decisionnelle=12.303562
info:   marge top1-top2 @ gen=3595 : 9.705299 (top1=118583 top2=236410) rank_used=0 chosen=118583 marge_decisionnelle=9.705299
info:   marge top1-top2 @ gen=3596 : 13.638487 (top1=513 top2=1167) rank_used=0 chosen=513 marge_decisionnelle=13.638487
info:   marge top1-top2 @ gen=3597 : 13.667421 (top1=236789 top2=236858) rank_used=0 chosen=236789 marge_decisionnelle=13.667421
info:   marge top1-top2 @ gen=3598 : 12.365150 (top1=62462 top2=82839) rank_used=0 chosen=62462 marge_decisionnelle=12.365150
info:   marge top1-top2 @ gen=3599 : 12.076957 (top1=696 top2=909) rank_used=0 chosen=696 marge_decisionnelle=12.076957
info:   marge top1-top2 @ gen=3600 : 8.151098 (top1=22865 top2=12409) rank_used=0 chosen=22865 marge_decisionnelle=8.151098
info:   marge top1-top2 @ gen=3601 : 10.233698 (top1=37485 top2=79845) rank_used=0 chosen=37485 marge_decisionnelle=10.233698
info:   marge top1-top2 @ gen=3602 : 11.265663 (top1=1017 top2=236761) rank_used=0 chosen=1017 marge_decisionnelle=11.265663
info:   marge top1-top2 @ gen=3603 : 13.616677 (top1=108 top2=107) rank_used=0 chosen=108 marge_decisionnelle=13.616677
info:   marge top1-top2 @ gen=3604 : 12.070013 (top1=4967 top2=258883) rank_used=0 chosen=4967 marge_decisionnelle=12.235130
info:   marge top1-top2 @ gen=3605 : 9.598094 (top1=107058 top2=15307) rank_used=0 chosen=107058 marge_decisionnelle=9.598094
info:   marge top1-top2 @ gen=3606 : 12.672926 (top1=2112 top2=239615) rank_used=0 chosen=2112 marge_decisionnelle=12.672926
info:   marge top1-top2 @ gen=3607 : 8.439531 (top1=118583 top2=8285) rank_used=0 chosen=118583 marge_decisionnelle=8.439531
info:   marge top1-top2 @ gen=3608 : 13.248041 (top1=513 top2=1167) rank_used=0 chosen=513 marge_decisionnelle=13.248041
info:   marge top1-top2 @ gen=3609 : 13.803403 (top1=236789 top2=236858) rank_used=0 chosen=236789 marge_decisionnelle=13.803403
info:   marge top1-top2 @ gen=3610 : 12.337020 (top1=62462 top2=82839) rank_used=0 chosen=62462 marge_decisionnelle=12.337020
info:   marge top1-top2 @ gen=3611 : 12.542612 (top1=1009 top2=568) rank_used=0 chosen=1009 marge_decisionnelle=12.542612
info:   marge top1-top2 @ gen=3612 : 11.572303 (top1=3037 top2=2253) rank_used=0 chosen=3037 marge_decisionnelle=11.572303
info:   marge top1-top2 @ gen=3613 : 11.132265 (top1=9939 top2=64836) rank_used=0 chosen=9939 marge_decisionnelle=11.132265
info:   marge top1-top2 @ gen=3614 : 12.405624 (top1=2947 top2=28539) rank_used=0 chosen=2947 marge_decisionnelle=12.405624
info:   marge top1-top2 @ gen=3615 : 10.882628 (top1=55844 top2=180348) rank_used=0 chosen=55844 marge_decisionnelle=10.882628
info:   marge top1-top2 @ gen=3616 : 12.743780 (top1=674 top2=759) rank_used=0 chosen=674 marge_decisionnelle=12.743780
info:   marge top1-top2 @ gen=3617 : 10.398464 (top1=28421 top2=97811) rank_used=0 chosen=28421 marge_decisionnelle=10.398464
info:   marge top1-top2 @ gen=3618 : 11.563211 (top1=569 top2=513) rank_used=0 chosen=569 marge_decisionnelle=11.563211
info:   marge top1-top2 @ gen=3619 : 9.740545 (top1=10040 top2=13031) rank_used=0 chosen=10040 marge_decisionnelle=9.740545
info:   marge top1-top2 @ gen=3620 : 14.252903 (top1=513 top2=1167) rank_used=0 chosen=513 marge_decisionnelle=14.252903
info:   marge top1-top2 @ gen=3621 : 13.290335 (top1=236789 top2=236858) rank_used=0 chosen=236789 marge_decisionnelle=13.290335
info:   marge top1-top2 @ gen=3622 : 11.995967 (top1=602 top2=5095) rank_used=0 chosen=602 marge_decisionnelle=11.995967
info:   marge top1-top2 @ gen=3623 : 10.890311 (top1=56667 top2=94647) rank_used=0 chosen=56667 marge_decisionnelle=10.890311
info:   marge top1-top2 @ gen=3624 : 11.721001 (top1=568 top2=9298) rank_used=0 chosen=568 marge_decisionnelle=11.721001
info:   marge top1-top2 @ gen=3625 : 10.726688 (top1=182283 top2=3521) rank_used=0 chosen=182283 marge_decisionnelle=10.726688
info:   marge top1-top2 @ gen=3626 : 11.252202 (top1=723 top2=602) rank_used=0 chosen=723 marge_decisionnelle=11.252202
info:   marge top1-top2 @ gen=3627 : 11.992819 (top1=92474 top2=86313) rank_used=0 chosen=92474 marge_decisionnelle=11.992819
info:   marge top1-top2 @ gen=3628 : 13.911769 (top1=236768 top2=237214) rank_used=0 chosen=236768 marge_decisionnelle=13.911769
info:   marge top1-top2 @ gen=3629 : 11.780811 (top1=1608 top2=3229) rank_used=0 chosen=1608 marge_decisionnelle=11.780811
info:   marge top1-top2 @ gen=3630 : 11.775389 (top1=723 top2=602) rank_used=0 chosen=723 marge_decisionnelle=11.775389
info:   marge top1-top2 @ gen=3631 : 10.408968 (top1=9062 top2=30020) rank_used=0 chosen=9062 marge_decisionnelle=10.408968
info:   marge top1-top2 @ gen=3632 : 10.802519 (top1=125091 top2=207771) rank_used=0 chosen=125091 marge_decisionnelle=10.802519
info:   marge top1-top2 @ gen=3633 : 11.287716 (top1=569 top2=513) rank_used=0 chosen=569 marge_decisionnelle=11.287716
info:   marge top1-top2 @ gen=3634 : 10.573103 (top1=60588 top2=4171) rank_used=0 chosen=60588 marge_decisionnelle=10.573103
info:   marge top1-top2 @ gen=3635 : 12.559582 (top1=3349 top2=2637) rank_used=0 chosen=3349 marge_decisionnelle=12.559582
info:   marge top1-top2 @ gen=3636 : 12.438176 (top1=569 top2=513) rank_used=0 chosen=569 marge_decisionnelle=12.438176
info:   marge top1-top2 @ gen=3637 : 12.416722 (top1=12727 top2=81411) rank_used=0 chosen=12727 marge_decisionnelle=12.416722
info:   marge top1-top2 @ gen=3638 : 10.160728 (top1=1190 top2=498) rank_used=0 chosen=1190 marge_decisionnelle=10.160728
info:   marge top1-top2 @ gen=3639 : 10.271964 (top1=193336 top2=14293) rank_used=0 chosen=193336 marge_decisionnelle=10.271964
info:   marge top1-top2 @ gen=3640 : 10.895353 (top1=236761 top2=568) rank_used=0 chosen=236761 marge_decisionnelle=10.895353
info:   marge top1-top2 @ gen=3641 : 11.546658 (top1=16107 top2=36928) rank_used=0 chosen=16107 marge_decisionnelle=11.546658
info:   marge top1-top2 @ gen=3642 : 11.037039 (top1=20995 top2=185817) rank_used=0 chosen=20995 marge_decisionnelle=11.037039
info:   marge top1-top2 @ gen=3643 : 8.900650 (top1=569 top2=513) rank_used=0 chosen=569 marge_decisionnelle=8.900650
info:   marge top1-top2 @ gen=3644 : 9.128955 (top1=150741 top2=47924) rank_used=0 chosen=150741 marge_decisionnelle=9.128955
info:   marge top1-top2 @ gen=3645 : 12.798425 (top1=1640 top2=853) rank_used=0 chosen=1640 marge_decisionnelle=12.798425
info:   marge top1-top2 @ gen=3646 : 9.884880 (top1=3381 top2=153747) rank_used=0 chosen=3381 marge_decisionnelle=9.884880
info:   marge top1-top2 @ gen=3647 : 10.174969 (top1=4154 top2=28256) rank_used=0 chosen=4154 marge_decisionnelle=10.174969
info:   marge top1-top2 @ gen=3648 : 9.765969 (top1=23371 top2=33761) rank_used=0 chosen=23371 marge_decisionnelle=9.765969
info:   marge top1-top2 @ gen=3649 : 9.209183 (top1=2417 top2=3658) rank_used=0 chosen=2417 marge_decisionnelle=9.209183
info:   marge top1-top2 @ gen=3650 : 13.998189 (top1=513 top2=1167) rank_used=0 chosen=513 marge_decisionnelle=13.998189
info:   marge top1-top2 @ gen=3651 : 12.789434 (top1=236789 top2=236858) rank_used=0 chosen=236789 marge_decisionnelle=12.789434
info:   marge top1-top2 @ gen=3652 : 10.754375 (top1=2253 top2=602) rank_used=0 chosen=2253 marge_decisionnelle=10.754375
info:   marge top1-top2 @ gen=3653 : 9.825402 (top1=20412 top2=23376) rank_used=0 chosen=20412 marge_decisionnelle=9.825402
info:   marge top1-top2 @ gen=3654 : 10.383834 (top1=56556 top2=80214) rank_used=0 chosen=56556 marge_decisionnelle=10.383834
info:   marge top1-top2 @ gen=3655 : 11.967163 (top1=236764 top2=568) rank_used=0 chosen=236764 marge_decisionnelle=11.967163
info:   marge top1-top2 @ gen=3656 : 11.870294 (top1=674 top2=1998) rank_used=0 chosen=674 marge_decisionnelle=11.870294
info:   marge top1-top2 @ gen=3657 : 11.758157 (top1=56667 top2=38325) rank_used=0 chosen=56667 marge_decisionnelle=11.758157
info:   marge top1-top2 @ gen=3658 : 11.458658 (top1=770 top2=636) rank_used=0 chosen=770 marge_decisionnelle=11.458658
info:   marge top1-top2 @ gen=3659 : 10.155660 (top1=636 top2=1248) rank_used=0 chosen=636 marge_decisionnelle=10.155660
info:   marge top1-top2 @ gen=3660 : 8.962725 (top1=4702 top2=31995) rank_used=0 chosen=4702 marge_decisionnelle=8.962725
info:   marge top1-top2 @ gen=3661 : 8.858439 (top1=500 top2=12220) rank_used=0 chosen=500 marge_decisionnelle=8.858439
info:   marge top1-top2 @ gen=3662 : 10.416963 (top1=929 top2=690) rank_used=0 chosen=929 marge_decisionnelle=10.416963
info:   marge top1-top2 @ gen=3663 : 13.027520 (top1=1270 top2=556) rank_used=0 chosen=1270 marge_decisionnelle=13.027520
info:   marge top1-top2 @ gen=3664 : 11.597072 (top1=3037 top2=723) rank_used=0 chosen=3037 marge_decisionnelle=11.597072
info:   marge top1-top2 @ gen=3665 : 12.774705 (top1=623 top2=107058) rank_used=0 chosen=623 marge_decisionnelle=12.774705
info:   marge top1-top2 @ gen=3666 : 12.197083 (top1=15307 top2=59281) rank_used=0 chosen=15307 marge_decisionnelle=12.197083
info:   marge top1-top2 @ gen=3667 : 6.551901 (top1=8328 top2=30049) rank_used=0 chosen=8328 marge_decisionnelle=6.551901
info:   marge top1-top2 @ gen=3668 : 14.303860 (top1=236775 top2=236789) rank_used=0 chosen=236775 marge_decisionnelle=14.303860
info:   marge top1-top2 @ gen=3669 : 8.615240 (top1=39924 top2=222544) rank_used=0 chosen=39924 marge_decisionnelle=8.615240
info:   marge top1-top2 @ gen=3670 : 12.414194 (top1=2947 top2=28539) rank_used=0 chosen=2947 marge_decisionnelle=12.414194
info:   marge top1-top2 @ gen=3671 : 9.972134 (top1=636 top2=1248) rank_used=0 chosen=636 marge_decisionnelle=9.972134
info:   marge top1-top2 @ gen=3672 : 13.450602 (top1=2972 top2=120761) rank_used=0 chosen=2972 marge_decisionnelle=13.450602
info:   marge top1-top2 @ gen=3673 : 8.459133 (top1=2811 top2=3518) rank_used=0 chosen=2811 marge_decisionnelle=8.459133
info:   marge top1-top2 @ gen=3674 : 14.585928 (top1=3229 top2=16107) rank_used=0 chosen=3229 marge_decisionnelle=14.585928
info:   marge top1-top2 @ gen=3675 : 10.682025 (top1=13969 top2=50157) rank_used=0 chosen=13969 marge_decisionnelle=10.682025
info:   marge top1-top2 @ gen=3676 : 13.416692 (top1=1008 top2=9924) rank_used=0 chosen=1008 marge_decisionnelle=13.416692
info:   marge top1-top2 @ gen=3677 : 10.201857 (top1=1608 top2=40300) rank_used=0 chosen=1608 marge_decisionnelle=10.201857
info:   marge top1-top2 @ gen=3678 : 6.021193 (top1=40300 top2=146955) rank_used=0 chosen=40300 marge_decisionnelle=6.021193
info:   marge top1-top2 @ gen=3679 : 12.107344 (top1=569 top2=1747) rank_used=0 chosen=569 marge_decisionnelle=12.107344
info:   marge top1-top2 @ gen=3680 : 10.534174 (top1=759 top2=537) rank_used=0 chosen=759 marge_decisionnelle=10.534174
info:   marge top1-top2 @ gen=3681 : 8.065899 (top1=22939 top2=81872) rank_used=0 chosen=22939 marge_decisionnelle=8.065899
info:   marge top1-top2 @ gen=3682 : 11.763817 (top1=236761 top2=568) rank_used=0 chosen=236761 marge_decisionnelle=11.763817
info:   marge top1-top2 @ gen=3683 : 8.447479 (top1=27301 top2=50822) rank_used=0 chosen=27301 marge_decisionnelle=8.447479
info:   marge top1-top2 @ gen=3684 : 6.990904 (top1=129120 top2=4313) rank_used=0 chosen=129120 marge_decisionnelle=6.990904
info:   marge top1-top2 @ gen=3685 : 8.388025 (top1=15075 top2=26230) rank_used=0 chosen=15075 marge_decisionnelle=8.388025
info:   marge top1-top2 @ gen=3686 : 10.115412 (top1=569 top2=513) rank_used=0 chosen=569 marge_decisionnelle=10.115412
info:   marge top1-top2 @ gen=3687 : 8.827005 (top1=91920 top2=187135) rank_used=0 chosen=91920 marge_decisionnelle=8.827005
info:   marge top1-top2 @ gen=3688 : 11.155087 (top1=40661 top2=1966) rank_used=0 chosen=40661 marge_decisionnelle=11.155087
info:   marge top1-top2 @ gen=3689 : 7.418612 (top1=68962 top2=27228) rank_used=0 chosen=68962 marge_decisionnelle=7.418612
info:   marge top1-top2 @ gen=3690 : 11.956045 (top1=759 top2=674) rank_used=0 chosen=759 marge_decisionnelle=11.956045
info:   marge top1-top2 @ gen=3691 : 10.907488 (top1=83876 top2=86446) rank_used=0 chosen=83876 marge_decisionnelle=10.907488
info:   marge top1-top2 @ gen=3692 : 13.572100 (top1=569 top2=513) rank_used=0 chosen=569 marge_decisionnelle=13.572100
info:   marge top1-top2 @ gen=3693 : 10.142118 (top1=3313 top2=150741) rank_used=0 chosen=3313 marge_decisionnelle=10.142118
info:   marge top1-top2 @ gen=3694 : 10.725521 (top1=46778 top2=16066) rank_used=0 chosen=46778 marge_decisionnelle=10.725521
info:   marge top1-top2 @ gen=3695 : 13.421894 (top1=9966 top2=33334) rank_used=0 chosen=9966 marge_decisionnelle=13.421894
info:   marge top1-top2 @ gen=3696 : 13.666100 (top1=696 top2=113526) rank_used=0 chosen=696 marge_decisionnelle=13.666100
info:   marge top1-top2 @ gen=3697 : 11.068659 (top1=80334 top2=9841) rank_used=0 chosen=80334 marge_decisionnelle=11.068659
info:   marge top1-top2 @ gen=3698 : 12.588484 (top1=3229 top2=6397) rank_used=0 chosen=3229 marge_decisionnelle=12.588484
info:   marge top1-top2 @ gen=3699 : 11.406537 (top1=56667 top2=94647) rank_used=0 chosen=56667 marge_decisionnelle=11.406537
info:   marge top1-top2 @ gen=3700 : 8.967672 (top1=569 top2=513) rank_used=0 chosen=569 marge_decisionnelle=8.967672
info:   marge top1-top2 @ gen=3701 : 10.039080 (top1=131976 top2=56391) rank_used=0 chosen=131976 marge_decisionnelle=10.039080
info:   marge top1-top2 @ gen=3702 : 15.534373 (top1=853 top2=25029) rank_used=0 chosen=853 marge_decisionnelle=15.534373
info:   marge top1-top2 @ gen=3703 : 7.448961 (top1=138905 top2=23505) rank_used=0 chosen=138905 marge_decisionnelle=7.448961
info:   marge top1-top2 @ gen=3704 : 12.253565 (top1=569 top2=513) rank_used=0 chosen=569 marge_decisionnelle=12.253565
info:   marge top1-top2 @ gen=3705 : 8.068669 (top1=50711 top2=31120) rank_used=0 chosen=50711 marge_decisionnelle=8.068669
info:   marge top1-top2 @ gen=3706 : 6.925428 (top1=24562 top2=203434) rank_used=0 chosen=24562 marge_decisionnelle=6.925428
info:   marge top1-top2 @ gen=3707 : 9.539165 (top1=108417 top2=6888) rank_used=0 chosen=108417 marge_decisionnelle=9.539165
info:   marge top1-top2 @ gen=3708 : 8.852152 (top1=703 top2=785) rank_used=0 chosen=703 marge_decisionnelle=8.852152
info:   marge top1-top2 @ gen=3709 : 11.374477 (top1=236761 top2=568) rank_used=0 chosen=236761 marge_decisionnelle=11.374477
info:   marge top1-top2 @ gen=3710 : 5.562166 (top1=954 top2=1454) rank_used=0 chosen=954 marge_decisionnelle=5.562166
info:   marge top1-top2 @ gen=3711 : 10.247316 (top1=45518 top2=3480) rank_used=0 chosen=45518 marge_decisionnelle=10.247316
info:   marge top1-top2 @ gen=3712 : 10.815571 (top1=236813 top2=236842) rank_used=0 chosen=236813 marge_decisionnelle=10.815571
info:   marge top1-top2 @ gen=3713 : 9.792744 (top1=107 top2=106) rank_used=0 chosen=107 marge_decisionnelle=9.792744
info:   marge top1-top2 @ gen=3714 : 5.897593 (top1=101 top2=100) rank_used=0 chosen=101 marge_decisionnelle=5.897593
info:   marge top1-top2 @ gen=3715 : 8.893548 (top1=129930 top2=8291) rank_used=0 chosen=129930 marge_decisionnelle=8.893548
info:   marge top1-top2 @ gen=3716 : 10.885079 (top1=3037 top2=5723) rank_used=0 chosen=3037 marge_decisionnelle=10.885079
info:   marge top1-top2 @ gen=3717 : 10.988090 (top1=2049 top2=28620) rank_used=0 chosen=2049 marge_decisionnelle=10.988090
info:   marge top1-top2 @ gen=3718 : 6.709143 (top1=4052 top2=2309) rank_used=0 chosen=4052 marge_decisionnelle=6.709143
info:   marge top1-top2 @ gen=3719 : 13.410630 (top1=569 top2=1747) rank_used=0 chosen=569 marge_decisionnelle=13.410630
info:   marge top1-top2 @ gen=3720 : 11.905482 (top1=759 top2=537) rank_used=0 chosen=759 marge_decisionnelle=11.905482
info:   marge top1-top2 @ gen=3721 : 10.806959 (top1=107058 top2=15307) rank_used=0 chosen=107058 marge_decisionnelle=10.806959
info:   marge top1-top2 @ gen=3722 : 12.170576 (top1=2112 top2=239615) rank_used=0 chosen=2112 marge_decisionnelle=12.170576
info:   marge top1-top2 @ gen=3723 : 9.551650 (top1=118583 top2=8285) rank_used=0 chosen=118583 marge_decisionnelle=9.551650
info:   marge top1-top2 @ gen=3724 : 13.659572 (top1=513 top2=1167) rank_used=0 chosen=513 marge_decisionnelle=13.659572
info:   marge top1-top2 @ gen=3725 : 13.352461 (top1=236789 top2=236858) rank_used=0 chosen=236789 marge_decisionnelle=13.352461
info:   marge top1-top2 @ gen=3726 : 12.402888 (top1=62462 top2=82839) rank_used=0 chosen=62462 marge_decisionnelle=12.402888
info:   marge top1-top2 @ gen=3727 : 12.035202 (top1=696 top2=909) rank_used=0 chosen=696 marge_decisionnelle=12.035202
info:   marge top1-top2 @ gen=3728 : 8.161137 (top1=22865 top2=12409) rank_used=0 chosen=22865 marge_decisionnelle=8.161137
info:   marge top1-top2 @ gen=3729 : 10.108183 (top1=37485 top2=79845) rank_used=0 chosen=37485 marge_decisionnelle=10.108183
info:   marge top1-top2 @ gen=3730 : 11.303589 (top1=1017 top2=236761) rank_used=0 chosen=1017 marge_decisionnelle=11.303589
info:   marge top1-top2 @ gen=3731 : 13.596685 (top1=108 top2=107) rank_used=0 chosen=108 marge_decisionnelle=13.596685
info:   marge top1-top2 @ gen=3732 : 11.848536 (top1=4967 top2=258883) rank_used=0 chosen=4967 marge_decisionnelle=12.249914
info:   marge top1-top2 @ gen=3733 : 9.637592 (top1=107058 top2=15307) rank_used=0 chosen=107058 marge_decisionnelle=9.637592
info:   marge top1-top2 @ gen=3734 : 12.633867 (top1=2112 top2=239615) rank_used=0 chosen=2112 marge_decisionnelle=12.633867
info:   marge top1-top2 @ gen=3735 : 8.488835 (top1=118583 top2=8285) rank_used=0 chosen=118583 marge_decisionnelle=8.488835
info:   marge top1-top2 @ gen=3736 : 13.118915 (top1=513 top2=1167) rank_used=0 chosen=513 marge_decisionnelle=13.118915
info:   marge top1-top2 @ gen=3737 : 14.009430 (top1=236789 top2=236858) rank_used=0 chosen=236789 marge_decisionnelle=14.009430
info:   marge top1-top2 @ gen=3738 : 12.332792 (top1=62462 top2=82839) rank_used=0 chosen=62462 marge_decisionnelle=12.332792
info:   marge top1-top2 @ gen=3739 : 12.576612 (top1=1009 top2=568) rank_used=0 chosen=1009 marge_decisionnelle=12.576612
info:   marge top1-top2 @ gen=3740 : 11.470692 (top1=3037 top2=2253) rank_used=0 chosen=3037 marge_decisionnelle=11.470692
info:   marge top1-top2 @ gen=3741 : 11.359680 (top1=9939 top2=64836) rank_used=0 chosen=9939 marge_decisionnelle=11.359680
info:   marge top1-top2 @ gen=3742 : 12.408237 (top1=2947 top2=28539) rank_used=0 chosen=2947 marge_decisionnelle=12.408237
info:   marge top1-top2 @ gen=3743 : 10.853242 (top1=55844 top2=180348) rank_used=0 chosen=55844 marge_decisionnelle=10.853242
info:   marge top1-top2 @ gen=3744 : 12.813947 (top1=674 top2=759) rank_used=0 chosen=674 marge_decisionnelle=12.813947
info:   marge top1-top2 @ gen=3745 : 10.437449 (top1=28421 top2=97811) rank_used=0 chosen=28421 marge_decisionnelle=10.437449
info:   marge top1-top2 @ gen=3746 : 11.590521 (top1=569 top2=513) rank_used=0 chosen=569 marge_decisionnelle=11.590521
info:   marge top1-top2 @ gen=3747 : 9.649553 (top1=10040 top2=13031) rank_used=0 chosen=10040 marge_decisionnelle=9.649553
info:   marge top1-top2 @ gen=3748 : 14.099350 (top1=513 top2=1167) rank_used=0 chosen=513 marge_decisionnelle=14.099350
info:   marge top1-top2 @ gen=3749 : 11.499826 (top1=236789 top2=236858) rank_used=0 chosen=236789 marge_decisionnelle=11.499826
info:   marge top1-top2 @ gen=3750 : 11.829748 (top1=602 top2=5095) rank_used=0 chosen=602 marge_decisionnelle=11.829748
info:   marge top1-top2 @ gen=3751 : 11.045932 (top1=56667 top2=94647) rank_used=0 chosen=56667 marge_decisionnelle=11.045932
info:   marge top1-top2 @ gen=3752 : 11.774540 (top1=568 top2=9298) rank_used=0 chosen=568 marge_decisionnelle=11.774540
info:   marge top1-top2 @ gen=3753 : 10.674464 (top1=182283 top2=3521) rank_used=0 chosen=182283 marge_decisionnelle=10.674464
info:   marge top1-top2 @ gen=3754 : 11.229883 (top1=723 top2=602) rank_used=0 chosen=723 marge_decisionnelle=11.229883
info:   marge top1-top2 @ gen=3755 : 11.951847 (top1=92474 top2=86313) rank_used=0 chosen=92474 marge_decisionnelle=11.951847
info:   marge top1-top2 @ gen=3756 : 13.819917 (top1=236768 top2=237214) rank_used=0 chosen=236768 marge_decisionnelle=13.819917
info:   marge top1-top2 @ gen=3757 : 11.864356 (top1=1608 top2=3229) rank_used=0 chosen=1608 marge_decisionnelle=11.864356
info:   marge top1-top2 @ gen=3758 : 11.699021 (top1=723 top2=5095) rank_used=0 chosen=723 marge_decisionnelle=11.699021
info:   marge top1-top2 @ gen=3759 : 10.443853 (top1=9062 top2=30020) rank_used=0 chosen=9062 marge_decisionnelle=10.443853
info:   marge top1-top2 @ gen=3760 : 10.651599 (top1=125091 top2=207771) rank_used=0 chosen=125091 marge_decisionnelle=10.651599
info:   marge top1-top2 @ gen=3761 : 11.321634 (top1=569 top2=513) rank_used=0 chosen=569 marge_decisionnelle=11.321634
info:   marge top1-top2 @ gen=3762 : 10.496687 (top1=60588 top2=4171) rank_used=0 chosen=60588 marge_decisionnelle=10.496687
info:   marge top1-top2 @ gen=3763 : 12.589168 (top1=3349 top2=2637) rank_used=0 chosen=3349 marge_decisionnelle=12.589168
info:   marge top1-top2 @ gen=3764 : 12.520054 (top1=569 top2=513) rank_used=0 chosen=569 marge_decisionnelle=12.520054
info:   marge top1-top2 @ gen=3765 : 12.447461 (top1=12727 top2=81411) rank_used=0 chosen=12727 marge_decisionnelle=12.447461
info:   marge top1-top2 @ gen=3766 : 10.216592 (top1=1190 top2=498) rank_used=0 chosen=1190 marge_decisionnelle=10.216592
info:   marge top1-top2 @ gen=3767 : 10.354302 (top1=193336 top2=14293) rank_used=0 chosen=193336 marge_decisionnelle=10.354302
info:   marge top1-top2 @ gen=3768 : 10.921734 (top1=236761 top2=568) rank_used=0 chosen=236761 marge_decisionnelle=10.921734
info:   marge top1-top2 @ gen=3769 : 11.617661 (top1=16107 top2=36928) rank_used=0 chosen=16107 marge_decisionnelle=11.617661
info:   marge top1-top2 @ gen=3770 : 11.070820 (top1=20995 top2=185817) rank_used=0 chosen=20995 marge_decisionnelle=11.070820
info:   marge top1-top2 @ gen=3771 : 8.933622 (top1=569 top2=513) rank_used=0 chosen=569 marge_decisionnelle=8.933622
info:   marge top1-top2 @ gen=3772 : 8.956902 (top1=150741 top2=47924) rank_used=0 chosen=150741 marge_decisionnelle=8.956902
info:   marge top1-top2 @ gen=3773 : 12.705663 (top1=1640 top2=853) rank_used=0 chosen=1640 marge_decisionnelle=12.705663
info:   marge top1-top2 @ gen=3774 : 9.841948 (top1=3381 top2=153747) rank_used=0 chosen=3381 marge_decisionnelle=9.841948
info:   marge top1-top2 @ gen=3775 : 10.157524 (top1=4154 top2=28256) rank_used=0 chosen=4154 marge_decisionnelle=10.157524
info:   marge top1-top2 @ gen=3776 : 9.738697 (top1=23371 top2=33761) rank_used=0 chosen=23371 marge_decisionnelle=9.738697
info:   marge top1-top2 @ gen=3777 : 9.422012 (top1=2417 top2=3658) rank_used=0 chosen=2417 marge_decisionnelle=9.422012
info:   marge top1-top2 @ gen=3778 : 13.853896 (top1=513 top2=1167) rank_used=0 chosen=513 marge_decisionnelle=13.853896
info:   marge top1-top2 @ gen=3779 : 12.787519 (top1=236789 top2=236858) rank_used=0 chosen=236789 marge_decisionnelle=12.787519
info:   marge top1-top2 @ gen=3780 : 11.347144 (top1=2253 top2=602) rank_used=0 chosen=2253 marge_decisionnelle=11.347144
info:   marge top1-top2 @ gen=3781 : 9.754122 (top1=20412 top2=23376) rank_used=0 chosen=20412 marge_decisionnelle=9.754122
info:   marge top1-top2 @ gen=3782 : 10.471251 (top1=56556 top2=80214) rank_used=0 chosen=56556 marge_decisionnelle=10.471251
info:   marge top1-top2 @ gen=3783 : 11.933828 (top1=236764 top2=568) rank_used=0 chosen=236764 marge_decisionnelle=11.933828
info:   marge top1-top2 @ gen=3784 : 11.841766 (top1=674 top2=1998) rank_used=0 chosen=674 marge_decisionnelle=11.841766
info:   marge top1-top2 @ gen=3785 : 11.709845 (top1=56667 top2=38325) rank_used=0 chosen=56667 marge_decisionnelle=11.709845
info:   marge top1-top2 @ gen=3786 : 11.485244 (top1=770 top2=636) rank_used=0 chosen=770 marge_decisionnelle=11.485244
info:   marge top1-top2 @ gen=3787 : 10.218536 (top1=636 top2=1248) rank_used=0 chosen=636 marge_decisionnelle=10.218536
info:   marge top1-top2 @ gen=3788 : 8.913801 (top1=4702 top2=31995) rank_used=0 chosen=4702 marge_decisionnelle=8.913801
info:   marge top1-top2 @ gen=3789 : 8.888058 (top1=500 top2=12220) rank_used=0 chosen=500 marge_decisionnelle=8.888058
info:   marge top1-top2 @ gen=3790 : 10.369146 (top1=929 top2=690) rank_used=0 chosen=929 marge_decisionnelle=10.369146
info:   marge top1-top2 @ gen=3791 : 12.998005 (top1=1270 top2=556) rank_used=0 chosen=1270 marge_decisionnelle=12.998005
info:   marge top1-top2 @ gen=3792 : 11.602904 (top1=3037 top2=723) rank_used=0 chosen=3037 marge_decisionnelle=11.602904
info:   marge top1-top2 @ gen=3793 : 12.862766 (top1=623 top2=2789) rank_used=0 chosen=623 marge_decisionnelle=12.862766
info:   marge top1-top2 @ gen=3794 : 12.234784 (top1=15307 top2=59281) rank_used=0 chosen=15307 marge_decisionnelle=12.234784
info:   marge top1-top2 @ gen=3795 : 6.395449 (top1=8328 top2=30049) rank_used=0 chosen=8328 marge_decisionnelle=6.395449
info:   marge top1-top2 @ gen=3796 : 14.365624 (top1=236775 top2=236789) rank_used=0 chosen=236775 marge_decisionnelle=14.365624
info:   marge top1-top2 @ gen=3797 : 8.618582 (top1=39924 top2=119811) rank_used=0 chosen=39924 marge_decisionnelle=8.618582
info:   marge top1-top2 @ gen=3798 : 12.504993 (top1=2947 top2=28539) rank_used=0 chosen=2947 marge_decisionnelle=12.504993
info:   marge top1-top2 @ gen=3799 : 10.059333 (top1=636 top2=1248) rank_used=0 chosen=636 marge_decisionnelle=10.059333
info:   marge top1-top2 @ gen=3800 : 13.453320 (top1=2972 top2=120761) rank_used=0 chosen=2972 marge_decisionnelle=13.453320
info:   marge top1-top2 @ gen=3801 : 8.487450 (top1=2811 top2=3518) rank_used=0 chosen=2811 marge_decisionnelle=8.487450
info:   marge top1-top2 @ gen=3802 : 14.589748 (top1=3229 top2=16107) rank_used=0 chosen=3229 marge_decisionnelle=14.589748
info:   marge top1-top2 @ gen=3803 : 10.715323 (top1=13969 top2=50157) rank_used=0 chosen=13969 marge_decisionnelle=10.715323
info:   marge top1-top2 @ gen=3804 : 13.471890 (top1=1008 top2=570) rank_used=0 chosen=1008 marge_decisionnelle=13.471890
info:   marge top1-top2 @ gen=3805 : 10.323660 (top1=1608 top2=40300) rank_used=0 chosen=1608 marge_decisionnelle=10.323660
info:   marge top1-top2 @ gen=3806 : 6.001782 (top1=40300 top2=146955) rank_used=0 chosen=40300 marge_decisionnelle=6.001782
info:   marge top1-top2 @ gen=3807 : 12.201537 (top1=569 top2=1747) rank_used=0 chosen=569 marge_decisionnelle=12.201537
info:   marge top1-top2 @ gen=3808 : 10.421356 (top1=759 top2=537) rank_used=0 chosen=759 marge_decisionnelle=10.421356
info:   marge top1-top2 @ gen=3809 : 8.089296 (top1=22939 top2=81872) rank_used=0 chosen=22939 marge_decisionnelle=8.089296
info:   marge top1-top2 @ gen=3810 : 11.683760 (top1=236761 top2=568) rank_used=0 chosen=236761 marge_decisionnelle=11.683760
info:   marge top1-top2 @ gen=3811 : 8.483084 (top1=27301 top2=50822) rank_used=0 chosen=27301 marge_decisionnelle=8.483084
info:   marge top1-top2 @ gen=3812 : 6.996536 (top1=129120 top2=4313) rank_used=0 chosen=129120 marge_decisionnelle=6.996536
info:   ... step 3840 (3812 générés)
info:   marge top1-top2 @ gen=3813 : 8.436907 (top1=15075 top2=26230) rank_used=0 chosen=15075 marge_decisionnelle=8.436907
info:   marge top1-top2 @ gen=3814 : 10.008820 (top1=569 top2=513) rank_used=0 chosen=569 marge_decisionnelle=10.008820
info:   marge top1-top2 @ gen=3815 : 8.816004 (top1=91920 top2=187135) rank_used=0 chosen=91920 marge_decisionnelle=8.816004
info:   marge top1-top2 @ gen=3816 : 11.230562 (top1=40661 top2=94888) rank_used=0 chosen=40661 marge_decisionnelle=11.230562
info:   marge top1-top2 @ gen=3817 : 7.405464 (top1=68962 top2=27228) rank_used=0 chosen=68962 marge_decisionnelle=7.405464
info:   marge top1-top2 @ gen=3818 : 12.007137 (top1=759 top2=674) rank_used=0 chosen=759 marge_decisionnelle=12.007137
info:   marge top1-top2 @ gen=3819 : 10.844971 (top1=83876 top2=86446) rank_used=0 chosen=83876 marge_decisionnelle=10.844971
info:   marge top1-top2 @ gen=3820 : 13.396437 (top1=569 top2=513) rank_used=0 chosen=569 marge_decisionnelle=13.396437
info:   marge top1-top2 @ gen=3821 : 10.166969 (top1=3313 top2=150741) rank_used=0 chosen=3313 marge_decisionnelle=10.166969
info:   marge top1-top2 @ gen=3822 : 10.804440 (top1=46778 top2=16066) rank_used=0 chosen=46778 marge_decisionnelle=10.804440
info:   marge top1-top2 @ gen=3823 : 13.380927 (top1=9966 top2=33334) rank_used=0 chosen=9966 marge_decisionnelle=13.380927
info:   marge top1-top2 @ gen=3824 : 13.732285 (top1=696 top2=113526) rank_used=0 chosen=696 marge_decisionnelle=13.732285
info:   marge top1-top2 @ gen=3825 : 10.957024 (top1=80334 top2=9841) rank_used=0 chosen=80334 marge_decisionnelle=10.957024
info:   marge top1-top2 @ gen=3826 : 12.510266 (top1=3229 top2=6397) rank_used=0 chosen=3229 marge_decisionnelle=12.510266
info:   marge top1-top2 @ gen=3827 : 11.583453 (top1=56667 top2=94647) rank_used=0 chosen=56667 marge_decisionnelle=11.583453
info:   marge top1-top2 @ gen=3828 : 8.972723 (top1=569 top2=513) rank_used=0 chosen=569 marge_decisionnelle=8.972723
info:   marge top1-top2 @ gen=3829 : 10.114514 (top1=131976 top2=56391) rank_used=0 chosen=131976 marge_decisionnelle=10.114514
info:   marge top1-top2 @ gen=3830 : 15.432301 (top1=853 top2=25029) rank_used=0 chosen=853 marge_decisionnelle=15.432301
info:   marge top1-top2 @ gen=3831 : 7.463154 (top1=138905 top2=23505) rank_used=0 chosen=138905 marge_decisionnelle=7.463154
info:   marge top1-top2 @ gen=3832 : 12.265197 (top1=569 top2=513) rank_used=0 chosen=569 marge_decisionnelle=12.265197
info:   marge top1-top2 @ gen=3833 : 8.108880 (top1=50711 top2=31120) rank_used=0 chosen=50711 marge_decisionnelle=8.108880
info:   marge top1-top2 @ gen=3834 : 6.950726 (top1=24562 top2=203434) rank_used=0 chosen=24562 marge_decisionnelle=6.950726
info:   marge top1-top2 @ gen=3835 : 9.502943 (top1=108417 top2=6888) rank_used=0 chosen=108417 marge_decisionnelle=9.502943
info:   marge top1-top2 @ gen=3836 : 9.099642 (top1=703 top2=785) rank_used=0 chosen=703 marge_decisionnelle=9.099642
info:   marge top1-top2 @ gen=3837 : 11.318735 (top1=236761 top2=568) rank_used=0 chosen=236761 marge_decisionnelle=11.318735
info:   marge top1-top2 @ gen=3838 : 5.443478 (top1=954 top2=1454) rank_used=0 chosen=954 marge_decisionnelle=5.443478
info:   marge top1-top2 @ gen=3839 : 10.250904 (top1=45518 top2=3480) rank_used=0 chosen=45518 marge_decisionnelle=10.250904
info:   marge top1-top2 @ gen=3840 : 10.859812 (top1=236813 top2=236842) rank_used=0 chosen=236813 marge_decisionnelle=10.859812
info:   marge top1-top2 @ gen=3841 : 9.835436 (top1=107 top2=106) rank_used=0 chosen=107 marge_decisionnelle=9.835436
info:   marge top1-top2 @ gen=3842 : 5.839956 (top1=101 top2=100) rank_used=0 chosen=101 marge_decisionnelle=5.839956
info:   marge top1-top2 @ gen=3843 : 8.856355 (top1=129930 top2=8291) rank_used=0 chosen=129930 marge_decisionnelle=8.856355
info:   marge top1-top2 @ gen=3844 : 10.943428 (top1=3037 top2=5723) rank_used=0 chosen=3037 marge_decisionnelle=10.943428
info:   marge top1-top2 @ gen=3845 : 10.989579 (top1=2049 top2=28620) rank_used=0 chosen=2049 marge_decisionnelle=10.989579
info:   marge top1-top2 @ gen=3846 : 7.345249 (top1=4052 top2=2309) rank_used=0 chosen=4052 marge_decisionnelle=7.345249
info:   marge top1-top2 @ gen=3847 : 13.462466 (top1=569 top2=1747) rank_used=0 chosen=569 marge_decisionnelle=13.462466
info:   marge top1-top2 @ gen=3848 : 11.914140 (top1=759 top2=537) rank_used=0 chosen=759 marge_decisionnelle=11.914140
info:   marge top1-top2 @ gen=3849 : 10.869435 (top1=107058 top2=15307) rank_used=0 chosen=107058 marge_decisionnelle=10.869435
info:   marge top1-top2 @ gen=3850 : 12.151880 (top1=2112 top2=239615) rank_used=0 chosen=2112 marge_decisionnelle=12.151880
info:   marge top1-top2 @ gen=3851 : 8.836298 (top1=118583 top2=8285) rank_used=0 chosen=118583 marge_decisionnelle=8.836298
info:   marge top1-top2 @ gen=3852 : 13.690114 (top1=513 top2=1167) rank_used=0 chosen=513 marge_decisionnelle=13.690114
info:   marge top1-top2 @ gen=3853 : 13.796934 (top1=236789 top2=236858) rank_used=0 chosen=236789 marge_decisionnelle=13.796934
info:   marge top1-top2 @ gen=3854 : 12.350554 (top1=62462 top2=82839) rank_used=0 chosen=62462 marge_decisionnelle=12.350554
info:   marge top1-top2 @ gen=3855 : 11.985723 (top1=696 top2=909) rank_used=0 chosen=696 marge_decisionnelle=11.985723
info:   marge top1-top2 @ gen=3856 : 8.196996 (top1=22865 top2=12409) rank_used=0 chosen=22865 marge_decisionnelle=8.196996
info:   marge top1-top2 @ gen=3857 : 10.276391 (top1=37485 top2=79845) rank_used=0 chosen=37485 marge_decisionnelle=10.276391
info:   marge top1-top2 @ gen=3858 : 11.242596 (top1=1017 top2=236761) rank_used=0 chosen=1017 marge_decisionnelle=11.242596
info:   marge top1-top2 @ gen=3859 : 13.578385 (top1=108 top2=107) rank_used=0 chosen=108 marge_decisionnelle=13.578385
info:   marge top1-top2 @ gen=3860 : 11.793966 (top1=4967 top2=258883) rank_used=0 chosen=4967 marge_decisionnelle=12.296997
info:   marge top1-top2 @ gen=3861 : 9.583336 (top1=107058 top2=15307) rank_used=0 chosen=107058 marge_decisionnelle=9.583336
info:   marge top1-top2 @ gen=3862 : 12.718328 (top1=2112 top2=239615) rank_used=0 chosen=2112 marge_decisionnelle=12.718328
info:   marge top1-top2 @ gen=3863 : 8.627535 (top1=118583 top2=8285) rank_used=0 chosen=118583 marge_decisionnelle=8.627535
info:   marge top1-top2 @ gen=3864 : 13.242991 (top1=513 top2=1167) rank_used=0 chosen=513 marge_decisionnelle=13.242991
info:   marge top1-top2 @ gen=3865 : 13.586381 (top1=236789 top2=3886) rank_used=0 chosen=236789 marge_decisionnelle=13.586381
info:   marge top1-top2 @ gen=3866 : 12.653972 (top1=62462 top2=82839) rank_used=0 chosen=62462 marge_decisionnelle=12.653972
info:   marge top1-top2 @ gen=3867 : 12.765078 (top1=1009 top2=598) rank_used=0 chosen=1009 marge_decisionnelle=12.765078
info:   marge top1-top2 @ gen=3868 : 11.654822 (top1=3037 top2=2253) rank_used=0 chosen=3037 marge_decisionnelle=11.654822
info:   marge top1-top2 @ gen=3869 : 11.344773 (top1=9939 top2=64836) rank_used=0 chosen=9939 marge_decisionnelle=11.344773
info:   marge top1-top2 @ gen=3870 : 12.426456 (top1=2947 top2=28539) rank_used=0 chosen=2947 marge_decisionnelle=12.426456
info:   marge top1-top2 @ gen=3871 : 10.924961 (top1=55844 top2=180348) rank_used=0 chosen=55844 marge_decisionnelle=10.924961
info:   marge top1-top2 @ gen=3872 : 12.846680 (top1=674 top2=759) rank_used=0 chosen=674 marge_decisionnelle=12.846680
info:   marge top1-top2 @ gen=3873 : 10.422373 (top1=28421 top2=97811) rank_used=0 chosen=28421 marge_decisionnelle=10.422373
info:   marge top1-top2 @ gen=3874 : 11.614971 (top1=569 top2=513) rank_used=0 chosen=569 marge_decisionnelle=11.614971
info:   marge top1-top2 @ gen=3875 : 9.803563 (top1=10040 top2=13031) rank_used=0 chosen=10040 marge_decisionnelle=9.803563
info:   marge top1-top2 @ gen=3876 : 14.174870 (top1=513 top2=1167) rank_used=0 chosen=513 marge_decisionnelle=14.174870
info:   marge top1-top2 @ gen=3877 : 12.331849 (top1=236789 top2=236858) rank_used=0 chosen=236789 marge_decisionnelle=12.331849
info:   marge top1-top2 @ gen=3878 : 11.649265 (top1=602 top2=5095) rank_used=0 chosen=602 marge_decisionnelle=11.649265
info:   marge top1-top2 @ gen=3879 : 10.855248 (top1=56667 top2=94647) rank_used=0 chosen=56667 marge_decisionnelle=10.855248
info:   marge top1-top2 @ gen=3880 : 11.701624 (top1=568 top2=9298) rank_used=0 chosen=568 marge_decisionnelle=11.701624
info:   marge top1-top2 @ gen=3881 : 10.840366 (top1=182283 top2=3521) rank_used=0 chosen=182283 marge_decisionnelle=10.840366
info:   marge top1-top2 @ gen=3882 : 11.400271 (top1=723 top2=602) rank_used=0 chosen=723 marge_decisionnelle=11.400271
info:   marge top1-top2 @ gen=3883 : 11.986865 (top1=92474 top2=128282) rank_used=0 chosen=92474 marge_decisionnelle=11.986865
info:   marge top1-top2 @ gen=3884 : 13.829841 (top1=236768 top2=237214) rank_used=0 chosen=236768 marge_decisionnelle=13.829841
info:   marge top1-top2 @ gen=3885 : 11.898584 (top1=1608 top2=3229) rank_used=0 chosen=1608 marge_decisionnelle=11.898584
info:   marge top1-top2 @ gen=3886 : 11.764090 (top1=723 top2=5095) rank_used=0 chosen=723 marge_decisionnelle=11.764090
info:   marge top1-top2 @ gen=3887 : 10.349292 (top1=9062 top2=30020) rank_used=0 chosen=9062 marge_decisionnelle=10.349292
info:   marge top1-top2 @ gen=3888 : 10.725343 (top1=125091 top2=207771) rank_used=0 chosen=125091 marge_decisionnelle=10.725343
info:   marge top1-top2 @ gen=3889 : 11.353416 (top1=569 top2=513) rank_used=0 chosen=569 marge_decisionnelle=11.353416
info:   marge top1-top2 @ gen=3890 : 10.515074 (top1=60588 top2=4171) rank_used=0 chosen=60588 marge_decisionnelle=10.515074
info:   marge top1-top2 @ gen=3891 : 12.667151 (top1=3349 top2=2637) rank_used=0 chosen=3349 marge_decisionnelle=12.667151
info:   marge top1-top2 @ gen=3892 : 12.454021 (top1=569 top2=513) rank_used=0 chosen=569 marge_decisionnelle=12.454021
info:   marge top1-top2 @ gen=3893 : 12.401441 (top1=12727 top2=81411) rank_used=0 chosen=12727 marge_decisionnelle=12.401441
info:   marge top1-top2 @ gen=3894 : 10.275340 (top1=1190 top2=498) rank_used=0 chosen=1190 marge_decisionnelle=10.275340
info:   marge top1-top2 @ gen=3895 : 10.285627 (top1=193336 top2=14293) rank_used=0 chosen=193336 marge_decisionnelle=10.285627
info:   marge top1-top2 @ gen=3896 : 10.883577 (top1=236761 top2=568) rank_used=0 chosen=236761 marge_decisionnelle=10.883577
info:   marge top1-top2 @ gen=3897 : 11.510195 (top1=16107 top2=36928) rank_used=0 chosen=16107 marge_decisionnelle=11.510195
info:   marge top1-top2 @ gen=3898 : 11.096115 (top1=20995 top2=185817) rank_used=0 chosen=20995 marge_decisionnelle=11.096115
info:   marge top1-top2 @ gen=3899 : 8.880974 (top1=569 top2=513) rank_used=0 chosen=569 marge_decisionnelle=8.880974
info: KVDUMP: /data/gemma4-zml-probe/kvdump/dc7_4k.kvdump l_max=4096 step_next=3927 fed_next=569 ids=3927 octets=2818587996 xxh64_ok
info: GENCFG: suppress a mordu 0 fois sur 3900 tokens générés (prefill exclu)
info: ALLOC-LOOP: alloc=0 resize=0 remap=0 free=0 bytes=0 steps=3927
info: ALLOC-TOTAL: alloc=810 free=773 bytes=2926255507 shards=1
info: PERF : prefill 28 steps en 3.220s (8.7 tok/s) ; génération 3900 tokens en 446.265s (8.7 tok/s)
info: RSS-DELTA: 148 KiB (t20=5442288 t200=5442436)
error: A1 FAIL — 28/3900 match, 1er mismatch au step gen=0
error:   step gen=0 : généré=129930 attendu(fed)=236798
error:   diagnostic LOGITS (méthodo : argmax trop grossier pour diagnostiquer) — top-5 @ step gen=0 : idx={ 129930, 4967, 46308, 3258, 236798 } val={ 25.972134, 24.58982, 18.507757, 17.748487, 16.071175 }
error: A1Mismatch
